mode,load,0_densenet121-32,1_densenet169-8,2_mobilenet_v2-32,3_mobilenet_v2-4
mps-uncap,1.0,33.36536884307861,40.459632873535156,9.874224662780762,7.525920867919922
