mode,load,0_mobilenet_v3_large-4,1_vgg16-2,2_vgg19-16
mps-uncap,1.0,6.662607192993164,4.4841766357421875,12.783527374267578
