mode,load,0_alexnet-16,1_vgg19-16
mps-uncap,1.0,6.191825866699219,13.759613037109375
