mode,load,0_densenet161-32,1_inception_v3-16,2_mobilenet_v2-32,3_resnet18-2
mps-uncap,1.0,60.802459716796875,30.791282653808594,12.033939361572266,6.094098091125488
