mode,load,0_densenet201-32,1_mobilenet_v2-32,2_mobilenet_v2-4,3_resnet18-32
mps-uncap,1.0,80.11865615844727,19.25349235534668,16.48879051208496,15.334129333496094
