mode,load,0_densenet121-8,1_mobilenet_v2-32,2_resnet34-32,3_squeezenet1_1-16
mps-uncap,1.0,39.20459270477292,17.835226058959964,19.965016841888428,13.660116195678711
