mode,load,0_densenet161-32,1_mobilenet_v2-32,2_mobilenet_v3_small-32,3_resnet152-32
mps-uncap,1.0,87.42321968078613,25.121092796325684,25.37482500076294,72.07687854766844
