mode,load,0_densenet161-32,1_mobilenet_v2-32,2_mobilenet_v3_large-16,3_squeezenet1_0-8
mps-uncap,1.0,65.52410125732422,10.888814926147461,7.842063903808594,2.4871826171875
