mode,load,0_densenet161-32,1_mobilenet_v2-32,2_mobilenet_v3_large-16,3_squeezenet1_0-8
mps-uncap,1.0,78.60326766967773,28.778791427612305,30.855655670166016,19.016742706298828
