mode,load,0_densenet161-32,1_mobilenet_v2-32,2_mobilenet_v3_large-16,3_squeezenet1_0-8
mps-uncap,1.0,71.28262519836426,15.711069107055664,15.727758407592773,8.479833602905273
