mode,load,0_densenet121-4,1_inception_v3-32,2_mobilenet_v2-32,3_resnet152-8
mps-uncap,1.0,30.100345611572266,27.92668342590332,14.385223388671875,39.29328918457031
