mode,load,0_mobilenet_v2-32,1_mobilenet_v2-8,2_resnet50-32,3_vgg11-16
mps-uncap,1.0,25.929689407348633,21.645784378051758,37.66822814941406,10.431766510009766
