mode,load,0_alexnet-32,1_densenet161-16,2_resnet34-16
mps-uncap,1.0,5.927801132202148,42.38176345825195,15.20991325378418
