mode,load,0_alexnet-32,1_densenet161-16,2_resnet34-16
mps-uncap,1.0,4.5413970947265625,40.1432991027832,13.28864097595215
