mode,load,0_alexnet-32,1_densenet161-16,2_resnet34-16
mps-uncap,1.0,2.863168716430664,36.60893440246582,7.979631423950195
