mode,load,0_densenet169-8,1_mobilenet_v2-32,2_resnet34-4,3_resnet50-32
mps-uncap,1.0,58.960723876953125,18.635845184326172,17.966461181640625,26.27415657043457
