mode,load,0_densenet169-8,1_mobilenet_v2-32,2_resnet34-4,3_resnet50-32
mps-uncap,1.0,58.96096229553223,18.636083602905273,17.966508865356445,26.2742280960083
