mode,load,0_densenet169-8,1_mobilenet_v2-32,2_resnet34-4,3_resnet50-32
mps-uncap,1.0,146.51380479701228,2013.9625166806507,277.5971590908565,1343.9488456409729
