mode,load,0_densenet169-2,1_mobilenet_v3_large-16,2_resnet101-32
mps-uncap,1.0,24.15156364440918,5.887031555175781,20.293235778808594
