mode,load,0_efficientnet_b7-2,1_mobilenet_v3_large-32
mps-uncap,1.0,21.22807502746582,7.684946060180664
