mode,load,0_efficientnet_b7-2,1_mobilenet_v3_large-32
mps-uncap,1.0,20.06983757019043,5.747318267822266
