mode,load,0_efficientnet_b7-2,1_mobilenet_v3_large-32
mps-uncap,1.0,105.83726748010223,5852.151658055254
