mode,load,0_densenet161-32,1_mobilenet_v2-2,2_mobilenet_v2-32,3_resnet18-16
mps-uncap,1.0,505.2186653086627,212.60516583328965,2426.997088285458,1811.8687311379417
