mode,load,0_inception_v3-2,1_mobilenet_v3_large-32,2_vgg16-2
mps-uncap,1.0,13.639669418334961,8.517789840698242,5.273580551147461
