mode,load,0_densenet201-32,1_mobilenet_v2-32,2_resnet101-2,3_vgg19-8
mps-uncap,1.0,297.8087228798977,1595.7558481521035,49.03245872150803,607.7848406691738
