mode,load,0_efficientnet_b7-16,1_efficientnet_b7-8,2_inception_v3-32,3_mobilenet_v2-32
mps-uncap,1.0,87.31746673583984,84.13815498352051,49.449920654296875,26.404619216918945
