mode,load,0_densenet201-4,1_efficientnet_b5-2,2_vgg16-8
mps-uncap,1.0,41.69273376464844,31.903505325317383,7.369279861450195
