mode,load,0_inception_v3-8,1_vgg13-2,2_vgg13-32
mps-uncap,1.0,61.21187210083008,16.65029525756836,18.16112995147705
