mode,load,0_alexnet-32,1_efficientnet_b7-2
mps-uncap,1.0,2.2525787353515625,16.39699935913086
