mode,load,0_densenet201-32,1_mobilenet_v2-32,2_resnet152-4,3_squeezenet1_1-16
mps-uncap,1.0,51.46980285644531,9.454965591430664,18.83411407470703,4.2400360107421875
