mode,load,0_densenet201-32,1_mobilenet_v2-32,2_resnet152-4,3_squeezenet1_1-16
mps-uncap,1.0,490.2403495018491,2650.975864011865,107.74102026822824,2066.748971841402
