mode,load,0_efficientnet_b6-4,1_inception_v3-4,2_vgg19-16
mps-uncap,1.0,74.08629866641103,151.7357380783183,1260.9591544285656
