mode,load,0_inception_v3-2,1_vgg13-8
mps-uncap,1.0,14.450788497924805,4.803895950317383
