mode,load,0_inception_v3-2,1_vgg13-8
mps-uncap,1.0,10.917901992797852,4.466533660888672
