mode,load,0_inception_v3-2,1_vgg13-8
mps-uncap,1.0,137.86374178672858,1662.4238979330771
