mode,load,0_densenet161-8,1_resnet152-8,2_resnet18-8
mps-uncap,1.0,22.659659385681152,19.176578521728516,4.344320297241211
