mode,load,0_densenet161-8,1_resnet152-8,2_resnet18-8
mps-uncap,1.0,23.11525344848633,19.51320648193359,5.205812454223632
