mode,load,0_vgg13-2,1_alexnet-2,2_resnet152-4
mps-uncap,1.0,3.267049789428711,1.674652099609375,18.300247192382812
mig,1.0,3.553628921508789,1.5463829040527344,15.833950042724608
