mode,load,0_vgg13-2,1_alexnet-2,2_resnet152-4
mps-uncap,1.0,14.143228530883789,10.41722297668457,26.058197021484375
mig,1.0,12.404918670654297,11.373043060302734,29.817581176757812
