mode,load,0_efficientnet_b5-2,1_efficientnet_b7-16,2_mobilenet_v2-32,3_resnet152-32
mps-uncap,1.0,32.4854850769043,79.34427261352539,12.87841796875,32.495975494384766
