mode,load,0_efficientnet_b5-2,1_efficientnet_b7-16,2_mobilenet_v2-32,3_resnet152-32
mps-uncap,1.0,59.1433048248291,88.76430988311768,21.029305458068848,69.64583396911621
