mode,load,0_efficientnet_b5-2,1_efficientnet_b7-16,2_mobilenet_v2-32,3_resnet152-32
mps-uncap,1.0,55.77969551086426,84.99455451965332,16.838669776916504,67.80672073364258
