mode,load,0_efficientnet_b5-2,1_efficientnet_b7-16,2_mobilenet_v2-32,3_resnet152-32
mps-uncap,1.0,62.19601631164551,95.39985656738281,32.253265380859375,73.70138168334961
