mode,load,0_densenet121-16,1_inception_v3-4,2_mobilenet_v2-32,3_resnet101-32
mps-uncap,1.0,45.279765129089355,33.490753173828125,18.783783912658695,42.52638816833496
