mode,load,0_alexnet-4,1_efficientnet_b5-2,2_vgg13-32
mps-uncap,1.0,721.006715046816,33.437634735253695,1920.815111232437
