mode,load,0_densenet169-8,1_vgg11-2,2_vgg11-4
mps-uncap,1.0,29.935159683227543,3.937644958496092,4.366397857666016
