mode,load,0_densenet169-16,1_densenet201-32,2_efficientnet_b7-8,3_mobilenet_v2-32
mps-uncap,1.0,60.66322326660156,77.22735404968262,69.4890022277832,14.718770980834961
