mode,load,0_densenet169-16,1_densenet201-32,2_efficientnet_b7-8,3_mobilenet_v2-32
mps-uncap,1.0,65.0742244720459,82.1815276145935,74.00995254516602,22.422165870666504
