mode,load,0_densenet201-32,1_mobilenet_v2-32,2_mobilenet_v3_small-2,3_squeezenet1_0-16
mps-uncap,1.0,72.41320610046387,17.222166061401367,15.810012817382812,13.755083084106445
