mode,load,0_densenet201-32,1_mobilenet_v2-32,2_mobilenet_v3_small-2,3_squeezenet1_0-16
mps-uncap,1.0,53.29418182373047,10.02359390258789,3.9849281311035156,4.996538162231445
