mode,load,0_resnet50-4,1_vgg13-32
mps-uncap,1.0,8.949518203735352,15.136480331420898
