mode,load,0_resnet50-4,1_vgg13-32
mps-uncap,1.0,190.00975712646436,1971.0840077359144
