mode,load,0_alexnet-2,1_vgg11-16
mps-uncap,1.0,3.943204879760742,6.186723709106445
