mode,load,0_resnet101-32,1_inception_v3-2,2_resnet34-8
mps-uncap,1.0,39.90745544433594,21.592378616333008,18.262624740600586
mig,1.0,51.61309242248535,18.939495086669922,21.63100242614746
