mode,load,0_resnet101-32,1_inception_v3-2,2_resnet34-8
mps-uncap,1.0,0.0002384185791015625,0.0002384185791015625,0.0002384185791015625
mig,1.0,0.0002384185791015625,0.0002384185791015625,0.0002384185791015625
