mode,load,0_mobilenet_v2-32,1_mobilenet_v3_large-2
mps-uncap,1.0,5520.793823167055,440.3854279172658
