mode,load,0_alexnet-32,1_mobilenet_v2-32,2_mobilenet_v3_small-4,3_vgg11-32
mps-uncap,1.0,7.925748825073242,28.95820140838623,22.557497024536133,14.229536056518555
