mode,load,0_densenet201-2,1_mobilenet_v2-32,2_resnet101-8,3_vgg19-32
mps-uncap,1.0,136.99769973754883,27.71151065826416,72.8912353515625,27.3895263671875
