mode,load,0_densenet161-4,1_mobilenet_v2-32,2_vgg11-32,3_vgg13-16
mps-uncap,1.0,191.27917289733887,43.88833045959473,19.524812698364258,19.74356174468994
