mode,load,0_efficientnet_b7-16,1_mobilenet_v3_small-8
mps-uncap,1.0,28.477191925048828,3.6363601684570312
