mode,load,0_mobilenet_v2-32,1_mobilenet_v3_small-16,2_resnet152-4,3_resnet34-32
mps-uncap,1.0,9.044885635375977,5.038022994995117,15.410900115966797,8.786439895629883
