mode,load,0_mobilenet_v2-32,1_mobilenet_v3_small-16,2_resnet152-4,3_resnet34-32
mps-uncap,1.0,0.0057220458984375,0.009775161743164062,0.0016689300537109375,0.000476837158203125
