mode,load,0_efficientnet_b5-16,1_squeezenet1_0-4
mps-uncap,1.0,18.553495407104492,2.3407936096191406
