mode,load,0_densenet161-8,1_efficientnet_b5-4,2_vgg19-16
mps-uncap,1.0,64.74804878234863,51.90455913543701,14.338254928588867
