mode,load,0_densenet161-8,1_efficientnet_b5-4,2_vgg19-16
mps-uncap,1.0,65.98936319351195,53.26564311981202,14.864397048950195
