mode,load,0_densenet161-8,1_efficientnet_b5-4,2_vgg19-16
mps-uncap,1.0,19.509315490722656,33.70189666748047,12.066364288330078
