mode,load,0_mobilenet_v3_large-32,1_mobilenet_v3_large-32
mig,1.0,8.888959884643555,7.68280029296875
