mode,load,0_resnet18-32,1_resnet18-32,2_resnet18-4
mps-uncap,1.0,21.309614181518555,21.257877349853516,18.563508987426758
mig,1.0,15.097379684448242,26.720762252807617,10.07080078125
