mode,load,0_efficientnet_b6-4,1_mobilenet_v2-32,2_vgg11-32,3_vgg16-8
mps-uncap,1.0,0.003337860107421875,0.000476837158203125,0.000476837158203125,0.000476837158203125
