mode,load,0_efficientnet_b6-4,1_mobilenet_v2-32,2_vgg11-32,3_vgg16-8
mps-uncap,1.0,157.89246559143066,42.15693473815918,30.948638916015625,30.997753143310547
