mode,load,0_densenet201-4,1_resnet101-32,2_vgg13-16
mps-uncap,1.0,39.68971528762289,512.8613193889124,1443.542768525043
