mode,load,0_densenet169-32,1_mobilenet_v2-8,2_vgg19-2
mps-uncap,1.0,38.321638107299805,10.462391376495361,9.404449462890623
