mode,load,0_densenet169-16,1_mobilenet_v2-32,2_resnet18-2,3_vgg19-32
mps-uncap,1.0,138.5176181793213,33.9003324508667,24.26738739013672,28.841829299926758
