mode,load,0_densenet169-16,1_mobilenet_v2-32,2_resnet18-2,3_vgg19-32
mps-uncap,1.0,118.62299605660137,1078.8770962230951,117.74404290126277,1165.0732267711528
