mode,load,0_mobilenet_v2-32,1_resnet101-4,2_resnet34-16,3_resnet34-32
mps-uncap,1.0,13.606472015380858,29.812450408935547,16.573495864868168,17.33241319656372
