mode,load,0_mobilenet_v2-32,1_resnet101-4,2_resnet34-16,3_resnet34-32
mps-uncap,1.0,13.251304626464844,28.417634963989258,15.363788604736328,16.390109062194824
