mode,load,0_mobilenet_v3_large-2,1_resnet18-4
mps-uncap,1.0,2.8252601623535156,1.2598037719726562
