mode,load,0_densenet161-2,1_vgg13-4
mps-uncap,1.0,17.846250534057617,3.087282180786133
