mode,load,0_densenet161-2,1_vgg13-4
mps-uncap,1.0,16.95108413696289,2.86865234375
