mode,load,0_squeezenet1_1-2,1_squeezenet1_1-2,2_squeezenet1_1-2,3_squeezenet1_1-2
mig,1.0,1.7802715301513672,1.4071464538574219,1.5337467193603516,1.8701553344726562
