mode,load,0_densenet201-16,1_mobilenet_v3_small-4,2_vgg16-8
mps-uncap,1.0,294.4224529358728,593.7222093534052,1169.2746575026472
