mode,load,0_resnet101-16,1_squeezenet1_1-32
mps-uncap,1.0,10.984420776367188,4.757404327392578
