mode,load,0_densenet161-2,1_resnet18-4,2_squeezenet1_0-4
mps-uncap,1.0,10.904312133789062,1.556396484375,1.5826225280761719
