mode,load,0_mobilenet_v2-16,1_squeezenet1_0-2,2_squeezenet1_0-32
mps-uncap,1.0,7.628202438354492,1.8570423126220703,7.713079452514648
