mode,load,0_densenet161-2,1_efficientnet_b7-2,2_squeezenet1_1-4
mps-uncap,1.0,10.576009750366211,14.782190322875977,1.6422271728515625
