mode,load,0_densenet201-2,1_mobilenet_v2-32,2_mobilenet_v3_large-2,3_resnet152-32
mps-uncap,1.0,26.423215866088867,9.470701217651367,5.305051803588867,41.78476333618164
