mode,load,0_squeezenet1_1-4,1_squeezenet1_1-4
mig,1.0,15.32125473022461,13.074874877929688
