mode,load,0_squeezenet1_1-4,1_squeezenet1_1-4
mig,1.0,5.844831466674805,5.680656433105469
