mode,load,0_mobilenet_v3_small-4,1_vgg19-16,2_vgg19-16
mps-uncap,1.0,13.252973556518555,19.413232803344727,19.5462703704834
