mode,load,0_densenet169-16,1_densenet201-2,2_resnet50-4
mps-uncap,1.0,20.766396522521973,22.86677360534668,8.424923419952393
mig,1.0,23.480830192565918,22.30551242828369,7.430520057678224
