mode,load,0_efficientnet_b7-2,1_efficientnet_b7-2,2_mobilenet_v2-32,3_vgg11-32
mps-uncap,1.0,114.19343948364258,114.16840553283691,27.04596519470215,15.213489532470703
