mode,load,0_densenet161-2,1_mobilenet_v3_large-4,2_vgg11-8
mps-uncap,1.0,26.488089561462402,7.294702529907227,3.982448577880859
