mode,load,0_densenet161-2,1_mobilenet_v3_large-4,2_vgg11-8
mps-uncap,1.0,27.251636981964108,7.726745605468749,4.131813049316406
