mode,load,0_resnet34-16,1_squeezenet1_0-8
mps-uncap,1.0,6.089081764221193,3.188307285308838
