mode,load,0_densenet121-4,1_densenet169-8,2_squeezenet1_0-16
mps-uncap,1.0,11.730194091796875,16.078710556030273,3.4601688385009766
