mode,load,0_densenet121-4,1_densenet169-8,2_squeezenet1_0-16
mps-uncap,1.0,15.682768821716309,20.545625686645508,4.729413986206055
