mode,load,0_densenet169-32,1_efficientnet_b6-16,2_mobilenet_v2-32,3_resnet152-2
mps-uncap,1.0,61.389875411987305,54.67357635498047,16.230058670043945,43.1452751159668
