mode,load,0_densenet169-32,1_efficientnet_b6-16,2_mobilenet_v2-32,3_resnet152-2
mps-uncap,1.0,59.73339080810547,53.25579643249512,12.376546859741211,40.146827697753906
