mode,load,0_densenet121-32,1_densenet121-8,2_mobilenet_v2-32,3_vgg19-2
mps-uncap,1.0,41.94779396057129,37.4906063079834,16.36061668395996,10.870695114135742
