mode,load,0_densenet121-32,1_densenet121-8,2_mobilenet_v2-32,3_vgg19-2
mps-uncap,1.0,21.46291732788086,25.345563888549805,9.064197540283203,4.347324371337891
