mode,load,0_squeezenet1_0-8,1_vgg11-2,2_vgg13-16
mps-uncap,1.0,14.522607326507565,9.468393325805666,11.027426719665527
