mode,load,0_squeezenet1_0-8,1_vgg11-2,2_vgg13-16
mps-uncap,1.0,0.000476837158203125,0.000476837158203125,0.000476837158203125
