mode,load,0_inception_v3-32,1_mobilenet_v2-2,2_mobilenet_v3_large-4
mps-uncap,1.0,12.703466415405273,4.366874694824219,5.234766006469727
