mode,load,0_resnet18-16,1_resnet18-32,2_vgg19-32
mps-uncap,1.0,0.0002384185791015625,0.0002384185791015625,0.0002384185791015625
