mode,load,0_resnet18-16,1_resnet18-32,2_vgg19-32
mps-uncap,1.0,0.000476837158203125,0.000476837158203125,0.000476837158203125
