mode,load,0_efficientnet_b6-2,1_mobilenet_v2-32,2_resnet101-32,3_vgg13-16
mps-uncap,1.0,74.68628883361816,17.722368240356445,65.90962409973145,11.54637336730957
