mode,load,0_mobilenet_v3_large-8,1_vgg11-16
mps-uncap,1.0,0.022172927856445312,0.000476837158203125
