mode,load,0_mobilenet_v3_large-8,1_vgg11-16
mps-uncap,1.0,881.8019073528367,2644.4143596519157
