mode,load,0_densenet161-16,1_resnet101-16
mps-uncap,1.0,26.194095611572266,15.457630157470703
