mode,load,0_densenet121-32,1_mobilenet_v2-32,2_resnet101-8,3_vgg11-4
mps-uncap,1.0,50.03499984741211,20.339488983154297,39.87693786621094,12.841224670410156
