mode,load,0_densenet121-32,1_densenet121-32,2_densenet121-32,3_densenet121-32
mig,1.0,48.85847568511963,49.066081047058105,49.092628955841064,93.48600387573242
