mode,load,0_efficientnet_b5-8,1_mobilenet_v2-2,2_vgg11-16
mps-uncap,1.0,42.418479919433594,9.057283401489258,7.181406021118164
