mode,load,0_mobilenet_v2-16,1_mobilenet_v3_small-16
mps-uncap,1.0,3.76129150390625,3.750324249267578
