mode,load,0_mobilenet_v2-16,1_mobilenet_v3_small-16
mps-uncap,1.0,4399.479137071505,4440.081974119702
