mode,load,0_inception_v3-16,1_vgg13-2
mps-uncap,1.0,12.66181468963623,2.175569534301758
