mode,load,0_efficientnet_b7-2,1_mobilenet_v3_small-16,2_vgg13-8
mps-uncap,1.0,44.46208477020264,7.035017013549805,5.345582962036133
