mode,load,0_efficientnet_b7-2,1_mobilenet_v3_small-16,2_vgg13-8
mps-uncap,1.0,44.90273218660763,2230.1574028083323,1490.6358847595195
