mode,load,0_resnet152-2,1_resnet152-8,2_resnet50-8
mps-uncap,1.0,13.628482818603516,18.349170684814453,6.663084030151367
