mode,load,0_mobilenet_v2-16,1_mobilenet_v2-32,2_resnet152-32,3_resnet50-16
mps-uncap,1.0,19.899606704711914,21.138131618499756,68.90688419342041,27.580037117004398
