mode,load,0_densenet161-32,1_efficientnet_b5-8,2_mobilenet_v2-32,3_resnet34-2
mps-uncap,1.0,63.184499740600586,34.22236442565918,10.384559631347656,4.053831100463867
