mode,load,0_densenet161-32,1_efficientnet_b5-8,2_mobilenet_v2-32,3_resnet34-2
mps-uncap,1.0,67.31212139129639,47.01948165893555,14.054298400878906,12.063980102539062
