mode,load,0_resnet101-4,1_resnet50-8,2_squeezenet1_0-4
mps-uncap,1.0,13.389110565185547,8.159399032592773,4.00996208190918
