mode,load,0_densenet201-4,1_mobilenet_v3_large-16,2_squeezenet1_0-32
mps-uncap,1.0,39.25796508789062,11.01231575012207,8.005537986755371
