mode,load,0_densenet121-32,1_resnet18-16,2_squeezenet1_0-16
mps-uncap,1.0,0.000476837158203125,0.0007152557373046875,0.000476837158203125
