mode,load,0_densenet121-32,1_resnet18-16,2_squeezenet1_0-16
mps-uncap,1.0,34.94603633880615,10.154247283935547,10.300588607788086
