mode,load,0_efficientnet_b6-16,1_mobilenet_v2-32,2_resnet101-2,3_vgg11-32
mps-uncap,1.0,128.58691215515137,35.13627052307129,67.24433898925781,18.056201934814453
