mode,load,0_efficientnet_b5-2,1_resnet18-2,2_vgg16-16
mps-uncap,1.0,43.64967346191406,7.474541664123535,10.56671142578125
