mode,load,0_densenet201-16,1_mobilenet_v2-32,2_vgg11-2,3_vgg11-32
mps-uncap,1.0,175.07266998291016,36.58318519592285,19.451141357421875,28.37538719177246
