mode,load,0_densenet201-16,1_mobilenet_v2-32,2_vgg11-2,3_vgg11-32
mps-uncap,1.0,109.7045093545846,1076.6355102475463,189.05368229753427,1941.8106198048654
