mode,load,0_densenet161-8,1_mobilenet_v2-32,2_mobilenet_v3_large-2,3_vgg11-32
mps-uncap,1.0,26.333093643188477,18.362998962402344,4.916667938232422,12.247085571289062
