mode,load,0_densenet121-32,1_efficientnet_b7-2,2_mobilenet_v2-32,3_resnet152-32
mps-uncap,1.0,42.92750358581543,44.2812442779541,10.71476936340332,32.550811767578125
