mode,load,0_densenet121-32,1_efficientnet_b7-2,2_mobilenet_v2-32,3_resnet152-32
mps-uncap,1.0,50.37822723388672,73.99201393127441,18.121623992919922,62.422847747802734
