mode,load,0_alexnet-2,1_alexnet-32
mps-uncap,1.0,1.2128353118896484,2.4361610412597656
