mode,load,0_efficientnet_b7-16,1_mobilenet_v2-16
mps-uncap,1.0,426.9892066915487,2457.2237542875687
