mode,load,0_densenet161-32,1_efficientnet_b7-4,2_mobilenet_v2-32,3_resnet34-32
mps-uncap,1.0,76.75790786743164,82.87423133850099,21.928548812866214,26.48487091064453
