mode,load,0_efficientnet_b5-32,1_resnet50-16,2_squeezenet1_1-8
mps-uncap,1.0,0.0002384185791015625,0.0002384185791015625,0.0002384185791015625
