mode,load,0_efficientnet_b5-32,1_resnet50-16,2_squeezenet1_1-8
mps-uncap,1.0,44.826507568359375,16.14212989807129,6.125688552856445
