mode,load,0_efficientnet_b5-32,1_resnet50-16,2_squeezenet1_1-8
mps-uncap,1.0,714.1735230006823,933.3311498687204,1185.0448087000182
