mode,load,0_resnet152-32,1_resnet18-32,2_vgg11-4
mps-uncap,1.0,58.64471912384033,13.898110389709473,9.31391716003418
