mode,load,0_densenet121-32,1_mobilenet_v2-32,2_mobilenet_v2-8,3_squeezenet1_1-16
mps-uncap,1.0,39.24107551574707,11.553049087524414,9.222269058227539,7.8133344650268555
