mode,load,0_densenet121-32,1_mobilenet_v2-32,2_mobilenet_v2-8,3_squeezenet1_1-16
mps-uncap,1.0,41.034841537475586,16.362221240997314,15.154685974121094,12.999625205993654
