mode,load,0_densenet121-32,1_mobilenet_v2-32,2_mobilenet_v2-8,3_squeezenet1_1-16
mps-uncap,1.0,41.03507995605469,16.362221240997314,15.154871940612793,12.99978494644165
