mode,load,0_densenet161-16,1_resnet50-8
mps-uncap,1.0,28.598546981811523,11.47007942199707
