mode,load,0_densenet161-16,1_densenet201-32,2_vgg11-16
mps-uncap,1.0,85.95178127288818,111.18371486663818,10.190272331237793
