mode,load,0_densenet161-16,1_densenet201-32,2_vgg11-16
mps-uncap,1.0,88.96589279174805,114.80855941772461,14.562606811523438
