mode,load,0_densenet169-4,1_densenet169-4,2_densenet169-4,3_densenet169-4
mig,1.0,11.1409330368042,11.31296157836914,11.34723663330078,19.782240390777588
