mode,load,0_densenet169-4,1_densenet169-4,2_densenet169-4,3_densenet169-4
mig,1.0,11.08396053314209,11.267662048339844,11.308431625366211,19.75388526916504
