mode,load,0_densenet169-4,1_densenet169-4,2_densenet169-4,3_densenet169-4
mig,1.0,360.97600143302986,355.0725166495067,353.7883098738479,202.53923507117293
