mode,load,0_densenet169-4,1_vgg11-16
mps-uncap,1.0,36.8804931640625,7.596492767333984
