mode,load,0_mobilenet_v2-32,1_resnet18-2,2_resnet50-32,3_vgg16-16
mps-uncap,1.0,30.551433563232422,17.27437973022461,44.43037509918213,17.595291137695312
