mode,load,0_mobilenet_v2-32,1_resnet34-8,2_resnet50-16,3_resnet50-32
mps-uncap,1.0,13.31472396850586,9.50932502746582,16.90816879272461,24.465560913085938
