mode,load,0_mobilenet_v2-32,1_resnet34-8,2_resnet50-16,3_resnet50-32
mps-uncap,1.0,19.635558128356934,21.71945571899414,25.217294692993164,27.818918228149414
