mode,load,0_densenet121-16,1_efficientnet_b5-4
mps-uncap,1.0,1372.2116313590718,327.9519871216291
