mode,load,0_mobilenet_v3_large-16,1_mobilenet_v3_small-32,2_vgg16-32
mps-uncap,1.0,21.60775661468506,21.11971378326416,20.910263061523438
