mode,load,0_mobilenet_v3_large-16,1_mobilenet_v3_small-32,2_vgg16-32
mps-uncap,1.0,0.000476837158203125,0.000476837158203125,0.000476837158203125
