mode,load,0_mobilenet_v3_large-16,1_mobilenet_v3_small-32,2_vgg16-32
mps-uncap,1.0,11.504888534545898,10.605096817016602,19.76943016052246
