mode,load,0_densenet201-16,1_mobilenet_v2-8,2_resnet34-32
mps-uncap,1.0,41.00692272186279,5.397558212280273,10.604143142700195
