mode,load,0_densenet121-2,1_efficientnet_b5-16,2_mobilenet_v3_small-2
mps-uncap,1.0,13.897697925567623,17.263894081115723,6.192493438720705
