mode,load,0_efficientnet_b5-32,1_mobilenet_v3_large-2,2_resnet50-8
mps-uncap,1.0,36.46076202392578,13.371725082397461,17.90297508239746
