mode,load,0_efficientnet_b5-32,1_mobilenet_v3_large-2,2_resnet50-8
mps-uncap,1.0,38.77067565917969,14.547348022460938,18.6767578125
