mode,load,0_efficientnet_b5-32,1_mobilenet_v3_large-2,2_resnet50-8
mps-uncap,1.0,36.2520694732666,12.28780746459961,16.13481044769287
