mode,load,0_efficientnet_b6-4,1_inception_v3-4,2_vgg11-32
mps-uncap,1.0,62.157344818115234,32.225871086120605,11.70659065246582
