mode,load,0_alexnet-4,1_mobilenet_v3_small-16
mps-uncap,1.0,2.0639896392822266,3.7915706634521484
