mode,load,0_alexnet-4,1_densenet121-2,2_mobilenet_v2-32,3_resnet34-32
mps-uncap,1.0,1497.731728216097,78.4642312538149,2983.5947666249967,2402.6119363047223
