mode,load,0_resnet50-32,1_vgg19-4
mps-uncap,1.0,17.37058162689209,7.507801055908203
