mode,load,0_resnet50-32,1_vgg19-4
mps-uncap,1.0,17.370939254760742,7.507801055908203
