mode,load,0_alexnet-16,1_densenet169-2,2_vgg16-32
mps-uncap,1.0,0.0002384185791015625,0.0002384185791015625,0.0002384185791015625
