mode,load,0_mobilenet_v3_small-32,1_resnet18-16
mps-uncap,1.0,4.366955757141113,4.0531158447265625
