mode,load,0_densenet169-16,1_mobilenet_v2-32,2_resnet101-32,3_resnet152-2
mps-uncap,1.0,58.690834045410156,15.707015991210938,37.77658939361572,43.900346755981445
