mode,load,0_densenet169-16,1_mobilenet_v2-32,2_resnet101-32,3_resnet152-2
mps-uncap,1.0,61.48576736450195,18.70107650756836,39.50381278991699,48.546791076660156
