mode,load,0_densenet121-2,1_efficientnet_b5-4,2_resnet152-32
mps-uncap,1.0,20.159006118774414,26.86929702758789,33.2643985748291
