mode,load,0_densenet121-2,1_mobilenet_v2-2,2_mobilenet_v2-32,3_resnet50-32
mps-uncap,1.0,37.44039535522461,13.772916793823242,17.25759506225586,23.609399795532227
