mode,load,0_efficientnet_b5-32,1_vgg11-32
mps-uncap,1.0,92.8037166595459,12.788057327270508
