mode,load,0_densenet161-32,1_densenet161-4,2_efficientnet_b7-8,3_mobilenet_v2-32
mps-uncap,1.0,486.689606743633,72.535544035906,118.58828324692755,2339.742234609538
