mode,load,0_densenet169-16,1_densenet169-32,2_densenet201-16,3_mobilenet_v2-32
mps-uncap,1.0,59.729719161987305,64.1899585723877,73.69649410247803,18.894648551940918
