mode,load,0_densenet201-16,1_efficientnet_b7-32
mps-uncap,1.0,271.90172012511886,543.8060771044238
