mode,load,0_densenet169-32,1_mobilenet_v2-32,2_mobilenet_v3_large-16,3_resnet18-4
mps-uncap,1.0,53.7722110748291,16.129255294799805,17.72451400756836,12.83574104309082
