mode,load,0_densenet161-32,1_vgg11-8
mps-uncap,1.0,63.31026554107666,5.031824111938477
