mode,load,0_alexnet-8,1_inception_v3-16
mps-uncap,1.0,3.2401084899902344,11.666536331176758
