mode,load,0_densenet121-4,1_resnet34-4,2_resnet34-4
mps-uncap,1.0,10.948419570922852,4.266262054443359,4.536867141723633
