mode,load,0_densenet121-4,1_resnet34-4,2_resnet34-4
mps-uncap,1.0,8.850812911987305,2.5908946990966797,2.873659133911133
