mode,load,0_densenet161-32,1_mobilenet_v3_small-2
mps-uncap,1.0,34.3785285949707,10.088682174682617
