mode,load,0_mobilenet_v2-32,1_resnet152-32,2_squeezenet1_0-2,3_vgg11-2
mps-uncap,1.0,20.863919258117676,62.76899337768555,13.876934051513672,10.491466522216802
