mode,load,0_resnet152-2,1_resnet152-2,2_resnet152-2,3_resnet152-2
mig,1.0,0.0007152557373046875,0.000476837158203125,0.0007152557373046875,0.000476837158203125
