mode,load,0_alexnet-32,1_vgg16-4
mps-uncap,1.0,2.7446746826171875,4.287958145141602
