mode,load,0_densenet161-4,1_squeezenet1_0-2
mps-uncap,1.0,10.558009147644043,1.1792182922363281
