mode,load,0_alexnet-4,1_resnet101-4
mps-uncap,1.0,4584.30123493004,569.622414299604
