mode,load,0_resnet18-32,1_resnet34-2
mps-uncap,1.0,5.795717239379883,6.390094757080078
