mode,load,0_resnet18-32,1_resnet34-2
mps-uncap,1.0,7032.059340401144,439.49981548005235
