mode,load,0_inception_v3-2,1_vgg13-32
mps-uncap,1.0,33.92434120178223,17.02737808227539
