mode,load,0_densenet121-32,1_resnet50-2,2_vgg19-16
mps-uncap,1.0,19.705533981323242,7.830381393432617,14.043569564819336
mig,1.0,32.1195125579834,4.933834075927734,40.929317474365234
