mode,load,0_densenet121-32,1_resnet50-2,2_vgg19-16
mps-uncap,1.0,63.51985931396484,27.599287033081055,19.607853889465332
mig,1.0,33.33024978637695,5.088329315185547,42.1511173248291
