mode,load,0_densenet161-4,1_densenet169-2,2_resnet50-2
mps-uncap,1.0,11.856842041015625,10.815143585205078,3.778219223022461
