mode,load,0_densenet169-8,1_mobilenet_v3_small-4,2_vgg13-32
mps-uncap,1.0,82.33499526977539,20.8437442779541,17.79031753540039
