mode,load,0_densenet169-8,1_mobilenet_v3_small-4,2_vgg13-32
mps-uncap,1.0,80.88561773300171,17.436692714691166,17.30306386947632
