mode,load,0_efficientnet_b5-8,1_mobilenet_v2-32,2_resnet101-32,3_vgg19-16
mps-uncap,1.0,39.66665267944336,15.414953231811523,74.71323013305664,16.667604446411133
