mode,load,0_densenet121-2,1_mobilenet_v2-32,2_mobilenet_v3_large-4,3_resnet50-32
mps-uncap,1.0,27.22954750061035,14.458537101745605,12.766361236572266,22.60446548461914
