mode,load,0_alexnet-4,1_densenet169-8
mps-uncap,1.0,0.6988048553466797,9.866952896118164
