mode,load,0_squeezenet1_1-8,1_vgg16-2
mps-uncap,1.0,2.7849674224853516,2.892618179321289
