mode,load,0_densenet201-4,1_resnet50-8,2_vgg16-4
mps-uncap,1.0,32.27102756500244,9.053707122802734,4.974365234375
