mode,load,0_densenet201-4,1_resnet50-8,2_vgg16-4
mps-uncap,1.0,24.938583374023438,6.934404373168945,4.04810905456543
