mode,load,0_densenet169-4,1_mobilenet_v3_large-4
mps-uncap,1.0,9.758472442626953,2.7289390563964844
