mode,load,0_densenet169-16,1_efficientnet_b6-16
mps-uncap,1.0,28.99226188659668,27.32614278793335
