mode,load,0_densenet169-16,1_efficientnet_b6-16
mps-uncap,1.0,28.15694808959961,27.12686061859131
