mode,load,0_resnet34-32,1_vgg19-8
mps-uncap,1.0,17.10212230682373,8.783102035522461
