mode,load,0_densenet201-4,1_resnet18-32,2_vgg13-2
mps-uncap,1.0,37.241220474243164,6.794929504394531,3.3850669860839844
