mode,load,0_densenet201-4,1_resnet18-32,2_vgg13-2
mps-uncap,1.0,107.13630925828231,4699.8092110565085,586.7908675141887
