mode,load,0_bert-32,1_bert-32,2_bert-32,3_bert-32
mig,1.0,79.37383651733398,79.58865165710449,79.58292961120605,143.12410354614258
