mode,load,0_mobilenet_v2-32,1_resnet152-8,2_resnet18-32,3_vgg13-16
mps-uncap,1.0,26.238083839416504,98.17063808441162,18.989086151123047,12.834548950195312
