mode,load,0_alexnet-16,1_alexnet-8,2_mobilenet_v3_small-16
mps-uncap,1.0,2.4930572509765625,2.7302265167236333,5.100727081298828
