mode,load,0_mobilenet_v3_large-16,1_resnet34-4
mps-uncap,1.0,3.559589385986328,3.5610198974609375
