mode,load,0_densenet201-4,1_resnet18-2,2_squeezenet1_1-32
mps-uncap,1.0,27.106523513793945,5.210638046264648,5.712747573852539
