mode,load,0_efficientnet_b6-16,1_mobilenet_v2-32,2_squeezenet1_1-4,3_vgg11-32
mps-uncap,1.0,123.30935001373291,34.40108299255371,18.773317337036133,18.204283714294434
