mode,load,0_efficientnet_b6-16,1_mobilenet_v2-32,2_squeezenet1_1-4,3_vgg11-32
mps-uncap,1.0,54.59332466125488,19.99354362487793,2.292633056640625,13.309240341186523
