mode,load,0_densenet201-32,1_efficientnet_b5-32,2_mobilenet_v2-32,3_mobilenet_v3_large-2
mps-uncap,1.0,101.29156112670898,71.40869140625,28.006277084350586,25.80904483795166
