mode,load,0_densenet161-8,1_densenet169-32,2_mobilenet_v2-32,3_mobilenet_v2-8
mps-uncap,1.0,37.96863555908203,52.72507667541504,10.019063949584961,4.194021224975586
