mode,load,0_resnet50-2,1_resnet50-4
mps-uncap,1.0,2.7413368225097656,3.1843185424804688
