mode,load,0_resnet50-2,1_resnet50-4
mps-uncap,1.0,3.353595733642578,3.675222396850586
