mode,load,0_densenet169-32,1_squeezenet1_0-2,2_squeezenet1_0-2
mps-uncap,1.0,29.0069580078125,7.141590118408203,7.506370544433594
