mode,load,0_densenet169-8,1_resnet50-8
mps-uncap,1.0,14.837350845336914,6.120595932006836
