mode,load,0_alexnet-8,1_alexnet-8
mig,1.0,6.061792373657227,5.347490310668945
