mode,load,0_alexnet-8,1_alexnet-8
mig,1.0,5696.807396243809,4887.651063448488
