mode,load,0_densenet201-32,1_efficientnet_b5-16,2_efficientnet_b5-8,3_mobilenet_v2-32
mps-uncap,1.0,82.23730087280273,54.13275718688965,53.24195861816406,20.152351856231693
