mode,load,0_densenet201-8,1_squeezenet1_0-16,2_vgg13-16
mps-uncap,1.0,54.454803466796875,7.161140441894531,9.418725967407227
