mode,load,0_densenet169-16,1_mobilenet_v2-32,2_mobilenet_v2-32,3_resnet101-2
mps-uncap,1.0,49.27539825439453,21.304607391357422,21.299123764038086,30.408382415771484
