mode,load,0_densenet169-16,1_mobilenet_v2-32,2_mobilenet_v2-32,3_resnet101-2
mps-uncap,1.0,44.90327835083008,14.968395233154297,14.966011047363281,21.779298782348633
