mode,load,0_densenet169-16,1_mobilenet_v2-32,2_mobilenet_v2-32,3_resnet101-2
mps-uncap,1.0,358.6832282910511,2095.948671909673,2095.944672886189,89.31499886519123
