mode,load,0_inception_v3-16,1_mobilenet_v2-2,2_vgg13-32
mps-uncap,1.0,36.78441047668457,3.1118392944335938,15.496492385864258
