mode,load,0_inception_v3-16,1_mobilenet_v2-2,2_vgg13-32
mps-uncap,1.0,50.71965217590332,24.182832241058335,17.995963096618652
