mode,load,0_densenet169-16,1_resnet101-32
mps-uncap,1.0,24.768829345703125,21.638870239257812
