mode,load,0_densenet169-16,1_resnet101-32
mps-uncap,1.0,492.491493772616,1358.2441067549148
