mode,load,0_densenet169-32,1_squeezenet1_1-4
mps-uncap,1.0,23.617267608642578,1.875162124633789
