mode,load,0_densenet169-32,1_squeezenet1_1-4
mps-uncap,1.0,23.845195770263672,2.6221275329589844
