mode,load,0_densenet201-4,1_densenet201-4,2_mobilenet_v3_large-4
mps-uncap,1.0,12.71367073059082,12.737035751342773,2.819061279296875
