mode,load,0_densenet121-2,1_densenet169-32,2_efficientnet_b6-16,3_mobilenet_v2-32
mps-uncap,1.0,50.019025802612305,73.62055778503418,69.43225860595703,29.16097640991211
