mode,load,0_densenet121-2,1_densenet169-32,2_efficientnet_b6-16,3_mobilenet_v2-32
mps-uncap,1.0,50.019264221191406,73.62055778503418,69.43249702453613,29.16097640991211
