mode,load,0_densenet169-2,1_mobilenet_v3_large-4
mps-uncap,1.0,12.531280517578125,4.012823104858398
