mode,load,0_efficientnet_b5-32,1_efficientnet_b6-32,2_inception_v3-4
mps-uncap,1.0,0.000476837158203125,0.000476837158203125,0.000476837158203125
