mode,load,0_densenet201-32,1_inception_v3-4,2_mobilenet_v2-32,3_mobilenet_v3_small-2
mps-uncap,1.0,551.635909062014,206.42055569668918,2757.838788338507,265.21580882134697
