mode,load,0_densenet169-8,1_densenet201-2
mps-uncap,1.0,802.438951472655,160.3027323730247
