mode,load,0_inception_v3-2,1_vgg13-2,2_vgg16-16
mps-uncap,1.0,39.30830955505371,10.985136032104492,13.744115829467773
