mode,load,0_inception_v3-2,1_vgg13-2,2_vgg16-16
mps-uncap,1.0,59.220716448861126,289.0175884532223,1336.240291174879
