mode,load,0_efficientnet_b5-8,1_efficientnet_b6-32,2_inception_v3-32,3_mobilenet_v2-32
mps-uncap,1.0,62.72387504577637,81.47192001342773,47.55115509033203,17.81439781188965
