mode,load,0_efficientnet_b5-8,1_efficientnet_b6-32,2_inception_v3-32,3_mobilenet_v2-32
mps-uncap,1.0,67.47560501098633,83.95271301269531,53.662681579589844,24.284172058105472
