mode,load,0_mobilenet_v2-32,1_resnet101-4,2_resnet34-8,3_vgg19-32
mps-uncap,1.0,30.985021591186523,76.41911506652832,42.973136901855476,27.845239639282227
