mode,load,0_mobilenet_v2-32,1_resnet101-4,2_resnet34-8,3_vgg19-32
mps-uncap,1.0,34.46045875549316,78.7837028503418,45.599424839019775,28.25465202331543
