mode,load,0_alexnet-8,1_resnet152-16,2_resnet152-4
mps-uncap,1.0,1.953125,27.0841121673584,20.69377899169922
