mode,load,0_alexnet-8,1_resnet152-16,2_resnet152-4
mps-uncap,1.0,3.708362579345703,30.559062957763672,22.59087562561035
