mode,load,0_alexnet-8,1_resnet152-16,2_resnet152-4
mps-uncap,1.0,3951.428641352077,590.742427108529,194.9998001394297
