mode,load,0_mobilenet_v3_small-2,1_resnet101-2,2_squeezenet1_0-8
mps-uncap,1.0,0.022411346435546875,0.0059604644775390625,0.000476837158203125
