mode,load,0_densenet169-8,1_mobilenet_v3_small-2,2_resnet152-4
mps-uncap,1.0,11.596918106079102,2.4030208587646484,10.116815567016602
