mode,load,0_densenet169-8,1_mobilenet_v3_small-2,2_resnet152-4
mps-uncap,1.0,14.148473739624023,4.127979278564453,12.976646423339844
