mode,load,0_densenet201-8,1_mobilenet_v2-32,2_resnet34-32,3_vgg19-8
mps-uncap,1.0,98.45054149627686,20.92146873474121,26.55482292175293,13.170957565307617
