mode,load,0_densenet161-8,1_mobilenet_v2-32,2_mobilenet_v3_small-4,3_vgg11-32
mps-uncap,1.0,103.72079610824585,27.45582580566406,25.7550835609436,15.36355972290039
