mode,load,0_densenet201-16,1_densenet201-8,2_vgg11-16
mps-uncap,1.0,77.5747299194336,67.35014915466309,9.383678436279297
