mode,load,0_mobilenet_v3_small-32,1_vgg13-8
mps-uncap,1.0,8.914709091186523,5.227804183959961
