mode,load,0_mobilenet_v3_small-2,1_mobilenet_v3_small-8,2_resnet152-4
mps-uncap,1.0,2.989032268524171,2.5861263275146484,8.363008499145508
