mode,load,0_densenet201-32,1_mobilenet_v2-32,2_mobilenet_v3_large-8,3_resnet18-2
mps-uncap,1.0,58.373260498046875,13.35611343383789,13.783931732177734,7.3303937911987305
