mode,load,0_inception_v3-32,1_mobilenet_v2-32,2_mobilenet_v3_large-16,3_resnet101-16
mps-uncap,1.0,930.0399448570203,2057.565839642425,1035.7816285001797,491.7541996059387
