mode,load,0_efficientnet_b6-2,1_mobilenet_v2-32,2_resnet34-16,3_vgg11-32
mps-uncap,1.0,106.66123151779175,27.656383514404297,36.719918251037605,15.572848320007324
