mode,load,0_efficientnet_b6-2,1_mobilenet_v2-32,2_resnet34-16,3_vgg11-32
mps-uncap,1.0,103.03678512573242,27.000045776367188,33.96713733673096,14.920330047607422
