mode,load,0_efficientnet_b6-2,1_resnet152-32
mps-uncap,1.0,22.663593292236328,27.836203575134277
