mode,load,0_efficientnet_b6-32,1_vgg13-2,2_vgg19-4
mps-uncap,1.0,68.41998100280762,8.672070503234863,13.634514808654785
