mode,load,0_resnet18-2,1_resnet18-2,2_resnet50-32
mps-uncap,1.0,3.68499755859375,3.442525863647461,13.715624809265137
