mode,load,0_resnet18-2,1_resnet18-2,2_resnet50-32
mps-uncap,1.0,437.1491080126996,469.9733025471568,2331.6024260368295
