mode,load,0_mobilenet_v2-32,1_resnet152-2,2_resnet50-4,3_vgg13-32
mps-uncap,1.0,1050.6440481170443,22.355108978816475,113.14361979681038,1493.3680689370856
