mode,load,0_mobilenet_v3_small-4,1_mobilenet_v3_small-4,2_mobilenet_v3_small-4,3_mobilenet_v3_small-4
mig,1.0,3.1595230102539062,3.052234649658203,3.072500228881836,3.0891895294189453
