mode,load,0_mobilenet_v3_small-4,1_mobilenet_v3_small-4,2_mobilenet_v3_small-4,3_mobilenet_v3_small-4
mig,1.0,2.2830963134765625,2.306699752807617,2.3126602172851562,2.3720264434814453
