mode,load,0_mobilenet_v3_small-4,1_mobilenet_v3_small-4,2_mobilenet_v3_small-4,3_mobilenet_v3_small-4
mig,1.0,0.0073909759521484375,0.006198883056640625,0.0007152557373046875,0.000476837158203125
