mode,load,0_resnet34-8,1_squeezenet1_0-2,2_vgg11-8
mps-uncap,1.0,5.906820297241211,2.661466598510742,3.652334213256836
