mode,load,0_alexnet-16,1_vgg13-32
mps-uncap,1.0,15.50436019897461,19.823789596557617
