mode,load,0_densenet169-32,1_efficientnet_b6-4,2_vgg13-8
mps-uncap,1.0,64.20135498046875,50.14514923095703,6.4247846603393555
