mode,load,0_efficientnet_b6-32,1_squeezenet1_1-2,2_vgg19-2
mps-uncap,1.0,50.04281997680664,9.762105941772463,11.391866207122803
