mode,load,0_resnet34-4,1_vgg16-16
mps-uncap,1.0,319.2765109011293,1536.4379778127031
