mode,load,0_densenet161-2,1_mobilenet_v2-32,2_squeezenet1_1-8,3_vgg16-32
mps-uncap,1.0,124.01673793792725,34.831204414367676,24.528093338012695,28.025612831115723
