mode,load,0_alexnet-8,1_efficientnet_b6-32,2_squeezenet1_1-4
mps-uncap,1.0,5.222940444946287,49.74586486816406,9.544820785522461
