mode,load,0_alexnet-8,1_efficientnet_b6-32,2_squeezenet1_1-4
mps-uncap,1.0,0.00286102294921875,0.000476837158203125,0.000476837158203125
