mode,load,0_densenet169-16,1_mobilenet_v2-32,2_mobilenet_v2-32,3_vgg19-16
mps-uncap,1.0,128.51285934448242,46.282291412353516,45.02391815185547,32.87863731384277
