mode,load,0_mobilenet_v2-4,1_mobilenet_v3_small-32
mps-uncap,1.0,2.1915435791015625,2.8388500213623047
