mode,load,0_alexnet-2,1_densenet161-2,2_resnet34-4
mps-uncap,1.0,2317.183740517537,166.078241150869,1157.6770444795131
