mode,load,0_densenet161-2,1_resnet101-4
mps-uncap,1.0,9.721755981445312,5.122661590576172
