mode,load,0_densenet121-8,1_mobilenet_v2-32,2_mobilenet_v2-32,3_vgg11-32
mps-uncap,1.0,87.61215209960938,30.49635887145996,30.507445335388184,16.753458976745605
