mode,load,0_densenet161-4,1_vgg13-32
mps-uncap,1.0,57.74053210911615,2003.043996430643
