mode,load,0_alexnet-2,1_resnet101-32
mps-uncap,1.0,1283.0817008512604,1461.622346125313
