mode,load,0_mobilenet_v3_small-2,1_resnet101-2,2_vgg19-8
mps-uncap,1.0,5.177736282348633,17.218828201293945,7.047891616821289
