mode,load,0_mobilenet_v3_small-2,1_resnet101-2,2_vgg19-8
mps-uncap,1.0,402.3368900020771,115.78577062457376,1133.954867912344
