mode,load,0_densenet201-4,1_resnet50-8,2_squeezenet1_0-16
mps-uncap,1.0,28.66673469543457,9.020566940307617,4.733085632324219
