mode,load,0_alexnet-16,1_efficientnet_b5-16,2_squeezenet1_0-32
mps-uncap,1.0,2.1049976348876953,34.853219985961914,8.355855941772461
