mode,load,0_alexnet-16,1_efficientnet_b5-16,2_squeezenet1_0-32
mps-uncap,1.0,0.0057220458984375,0.000476837158203125,0.003337860107421875
