mode,load,0_densenet121-8,1_densenet121-8
mig,1.0,8.74781608581543,7.822751998901367
mps-uncap,1.0,8.615970611572266,8.613109588623047
