mode,load,0_densenet121-8,1_densenet121-8
mig,1.0,8.735895156860352,7.802248001098633
