mode,load,0_resnet18-32,1_resnet50-4
mps-uncap,1.0,6.292819976806641,8.772134780883789
