mode,load,0_densenet201-32,1_resnet18-32,2_vgg16-4
mps-uncap,1.0,0.000476837158203125,0.000476837158203125,0.000476837158203125
