mode,load,0_mobilenet_v3_large-4,1_resnet18-8,2_resnet50-32
mps-uncap,1.0,11.432647705078125,9.323358535766602,17.171621322631836
