mode,load,0_densenet169-8,1_efficientnet_b5-2,2_mobilenet_v2-32,3_vgg19-32
mps-uncap,1.0,108.22043418884277,89.67483043670654,32.199668884277344,31.866788864135742
