mode,load,0_resnet152-2,1_vgg19-16
mps-uncap,1.0,37.638187408447266,14.602422714233398
