mode,load,0_resnet152-2,1_vgg19-16
mps-uncap,1.0,35.76939105987549,12.118768692016602
