mode,load,0_resnet152-2,1_vgg19-16
mps-uncap,1.0,36.235973834991455,12.271571159362795
