mode,load,0_densenet121-4,1_squeezenet1_0-16,2_vgg11-16
mps-uncap,1.0,44.42065477371215,11.719346046447754,8.27519416809082
