mode,load,0_densenet121-32,1_densenet201-16,2_mobilenet_v2-32,3_squeezenet1_0-2
mps-uncap,1.0,43.98388862609863,68.37064743041992,21.424429416656494,14.566233158111567
