mode,load,0_densenet121-32,1_efficientnet_b5-16,2_resnet34-4
mps-uncap,1.0,30.870676040649414,36.57197952270508,16.41559600830078
