mode,load,0_densenet201-4,1_mobilenet_v2-32,2_resnet101-32,3_resnet34-32
mps-uncap,1.0,78.23419570922852,17.8863525390625,42.80853271484375,21.745634078979492
