mode,load,0_resnet50-32,1_squeezenet1_1-2
mps-uncap,1.0,12.422308921813965,6.004538536071777
