mode,load,0_resnet50-32,1_squeezenet1_1-2
mps-uncap,1.0,12.090682983398438,1.0538101196289062
