mode,load,0_inception_v3-32,1_mobilenet_v2-32,2_resnet34-4,3_vgg19-2
mps-uncap,1.0,36.406211853027344,16.604745388031002,16.07537269592285,11.860141754150389
