mode,load,0_densenet121-8,1_resnet18-8,2_vgg19-2
mps-uncap,1.0,9.413719177246094,2.863168716430664,3.2351016998291016
