mode,load,0_alexnet-32,1_vgg13-8
mps-uncap,1.0,4.982948303222656,6.337404251098633
