mode,load,0_efficientnet_b5-4,1_efficientnet_b6-2
mps-uncap,1.0,10.456562042236328,12.313604354858398
