mode,load,0_efficientnet_b5-4,1_efficientnet_b6-2
mps-uncap,1.0,427.1866057561359,188.25103482800284
