mode,load,0_densenet121-8,1_densenet169-8,2_mobilenet_v3_large-2
mps-uncap,1.0,7.702112197875977,10.205984115600586,2.6946067810058594
