mode,load,0_densenet121-8,1_densenet169-8,2_mobilenet_v3_large-2
mps-uncap,1.0,9.33384895324707,13.718891143798828,4.461736679077148
