mode,load,0_densenet161-32,1_densenet161-8,2_mobilenet_v2-32,3_vgg19-16
mps-uncap,1.0,128.25727462768555,89.92648124694824,16.723155975341797,15.910863876342773
