mode,load,0_densenet161-32,1_densenet161-8,2_mobilenet_v2-32,3_vgg19-16
mps-uncap,1.0,142.9717779159546,122.41377830505371,35.42661666870117,25.05803108215332
