mode,load,0_alexnet-2,1_inception_v3-8,2_mobilenet_v2-32,3_resnet18-32
mps-uncap,1.0,2.0601749420166016,24.340152740478516,11.173486709594727,8.899688720703125
