mode,load,0_alexnet-2,1_inception_v3-8,2_mobilenet_v2-32,3_resnet18-32
mps-uncap,1.0,0.024557113647460938,0.000476837158203125,0.000476837158203125,0.000476837158203125
