mode,load,0_densenet161-8,1_efficientnet_b7-4,2_vgg19-2
mps-uncap,1.0,25.976943969726562,30.14521598815918,4.9399614334106445
