mode,load,0_efficientnet_b6-32,1_vgg16-2
mps-uncap,1.0,48.26474189758301,10.853052139282227
