mode,load,0_densenet121-2,1_mobilenet_v3_small-2,2_resnet152-8
mps-uncap,1.0,6.929636001586914,2.2954940795898438,10.116100311279297
