mode,load,0_densenet201-16,1_resnet34-32,2_vgg13-16
mps-uncap,1.0,124.5579719543457,33.0500602722168,14.835119247436523
