mode,load,0_densenet169-4,1_resnet101-16,2_squeezenet1_0-4
mps-uncap,1.0,19.472026824951172,14.733028411865234,4.145002365112305
