mode,load,0_resnet101-8,1_resnet50-16
mps-uncap,1.0,15.021610260009766,9.017705917358398
