mode,load,0_alexnet-8,1_resnet34-8,2_vgg16-2
mps-uncap,1.0,1.430511474609375,5.041837692260742,3.048419952392578
