mode,load,0_densenet169-4,1_resnet18-32,2_vgg16-32
mps-uncap,1.0,103.28445434570312,22.420310974121094,22.49128818511963
