mode,load,0_mobilenet_v3_small-4,1_resnet101-4
mps-uncap,1.0,2.484116554260254,5.569601058959961
