mode,load,0_inception_v3-2,1_resnet101-16
mps-uncap,1.0,0.000476837158203125,0.0007152557373046875
