mode,load,0_densenet201-8,1_vgg13-16
mps-uncap,1.0,61.107754707336426,8.72492790222168
