mode,load,0_llama-16,1_bert-4,2_vgg11-2,3_efficientnet_b7-32
mps-uncap,1.0,1493.3524131774902,32.674312591552734,9.510993957519531,73.94146919250488
