mode,load,0_llama-16,1_bert-4,2_vgg11-2,3_efficientnet_b7-32
mps-uncap,1.0,1471.3562726974487,20.730257034301758,4.239320755004883,71.92206382751465
