mode,load,0_densenet161-32,1_efficientnet_b5-32,2_efficientnet_b6-2
mps-uncap,1.0,513.5705676305453,644.5548474068463,40.28325214578195
