mode,load,0_densenet201-8,1_resnet152-16,2_resnet34-16
mps-uncap,1.0,30.37571907043457,26.46040916442871,8.330345153808594
