mode,load,0_efficientnet_b5-4,1_mobilenet_v2-32,2_resnet34-8,3_vgg16-32
mps-uncap,1.0,0.0002384185791015625,0.0,0.0002384185791015625,0.0002384185791015625
