mode,load,0_efficientnet_b5-4,1_mobilenet_v2-32,2_resnet34-8,3_vgg16-32
mps-uncap,1.0,112.05611228942871,33.782243728637695,42.04912185668946,23.81880283355713
