mode,load,0_efficientnet_b5-4,1_mobilenet_v2-32,2_resnet34-8,3_vgg16-32
mps-uncap,1.0,37.81490707674696,1085.1197115495684,223.79187343991526,1394.926082888633
