mode,load,0_alexnet-32,1_alexnet-32
mig,1.0,3.7078142166137695,4.608869552612305
