mode,load,0_alexnet-32,1_alexnet-32
mig,1.0,9616.509799970076,7581.6348155644955
mps-uncap,1.0,10964.304483643127,10963.889632242992
