mode,load,0_efficientnet_b7-8,1_mobilenet_v2-4,2_vgg16-4
mps-uncap,1.0,0.000476837158203125,0.008344650268554688,0.0045299530029296875
