mode,load,0_inception_v3-32,1_mobilenet_v3_small-4,2_vgg16-8
mps-uncap,1.0,1015.4450641238916,551.5662211382503,1125.1418645463384
