mode,load,0_densenet161-32,1_efficientnet_b7-32
mps-uncap,1.0,71.33793830871582,81.29048347473145
