mode,load,0_densenet161-32,1_efficientnet_b7-32
mps-uncap,1.0,469.30889418195034,423.5815232605315
