mode,load,0_mobilenet_v3_small-16,1_mobilenet_v3_small-16,2_mobilenet_v3_small-16
mps-uncap,1.0,2.9380321502685547,2.9397010803222656,2.8612613677978516
