mode,load,0_alexnet-4,1_efficientnet_b6-8,2_mobilenet_v2-32,3_resnet152-32
mps-uncap,1.0,5.023860931396485,57.71362781524658,18.551349639892578,56.28669261932373
