mode,load,0_alexnet-4,1_efficientnet_b6-8,2_mobilenet_v2-32,3_resnet152-32
mps-uncap,1.0,8.37087631225586,62.11495399475098,21.116971969604492,58.34770202636719
