mode,load,0_resnet18-32,1_vgg19-16
mps-uncap,1.0,14.639892578125,14.669532775878904
