mode,load,0_inception_v3-16,1_mobilenet_v3_large-16
mps-uncap,1.0,10.141897201538086,4.783074855804443
