mode,load,0_alexnet-2,1_resnet152-8,2_resnet50-8
mps-uncap,1.0,0.0057220458984375,0.000476837158203125,0.000476837158203125
