mode,load,0_alexnet-2,1_resnet152-8,2_resnet50-8
mps-uncap,1.0,1.2166500091552734,20.75338363647461,7.116794586181641
