mode,load,0_efficientnet_b6-4,1_mobilenet_v2-32,2_resnet18-2,3_vgg11-32
mps-uncap,1.0,89.03586864471436,24.99997615814209,14.384984970092773,14.988183975219727
