mode,load,0_efficientnet_b6-4,1_mobilenet_v2-32,2_resnet18-2,3_vgg11-32
mps-uncap,1.0,44.95238996128134,1292.879267013276,145.48226303369663,2119.296294252179
