mode,load,0_densenet161-16,1_inception_v3-2,2_mobilenet_v2-32,3_resnet152-32
mps-uncap,1.0,38.94400596618652,20.862817764282227,11.843204498291016,53.35068702697754
