mode,load,0_densenet169-16,1_squeezenet1_0-8,2_vgg11-32
mps-uncap,1.0,23.668766021728516,5.432367324829102,11.297941207885742
