mode,load,0_densenet169-16,1_squeezenet1_0-8,2_vgg11-32
mps-uncap,1.0,79.43487167358398,14.438199996948244,13.635635375976562
