mode,load,0_densenet201-4,1_efficientnet_b7-2
mps-uncap,1.0,12.052536010742188,12.998819351196289
