mode,load,0_llama-2,1_bert-32,2_bert-2,3_alexnet-2
mps-uncap,1.0,38.40303421020508,27.34684944152832,6.505727767944336,0.6103515625
