mode,load,0_llama-2,1_bert-32,2_bert-2,3_alexnet-2
mps-uncap,1.0,79.8551082611084,31.7230224609375,10.289430618286133,1.8274784088134766
