mode,load,0_mobilenet_v3_large-4,1_resnet18-8
mps-uncap,1.0,2.819538116455078,1.8086433410644531
