mode,load,0_densenet169-2,1_efficientnet_b6-8,2_resnet34-2
mps-uncap,1.0,14.460639953613281,16.617262363433838,4.51024055480957
