mode,load,0_densenet169-2,1_efficientnet_b6-8,2_resnet34-2
mps-uncap,1.0,13.825178146362305,15.998005867004395,2.859354019165039
