mode,load,0_efficientnet_b6-32,1_inception_v3-2,2_inception_v3-32,3_mobilenet_v2-32
mps-uncap,1.0,70.69387435913086,38.57048749923706,46.00322246551514,22.91356086730957
