mode,load,0_densenet161-4,1_squeezenet1_1-4
mps-uncap,1.0,374.4186734384978,3148.0599698848237
