mode,load,0_resnet101-8,1_resnet101-8
mig,1.0,39.60946559906006,33.205766677856445
