mode,load,0_densenet169-32,1_resnet101-32,2_resnet34-2
mps-uncap,1.0,50.15988349914551,31.385374069213864,11.910152435302734
