mode,load,0_densenet169-32,1_resnet101-32,2_resnet34-2
mps-uncap,1.0,0.0002384185791015625,0.0002384185791015625,0.0002384185791015625
