mode,load,0_densenet201-4,1_resnet50-32
mps-uncap,1.0,34.813687801361084,12.903411388397217
