mode,load,0_efficientnet_b6-2,1_efficientnet_b7-4,2_mobilenet_v2-32,3_vgg19-32
mps-uncap,1.0,94.6197509765625,123.31461906433105,30.272960662841797,30.26866912841797
