mode,load,0_vgg19-2,1_vgg19-2
mig,1.0,18.821001052856445,13.200759887695312
