mode,load,0_vgg19-2,1_vgg19-2
mig,1.0,3.7279129028320312,4.673480987548828
