mode,load,0_densenet201-8,1_resnet101-8
mps-uncap,1.0,15.201330184936523,8.111715316772461
