mode,load,0_mobilenet_v2-32,1_mobilenet_v3_small-8,2_resnet50-2,3_resnet50-32
mps-uncap,1.0,10.928153991699219,4.221439361572266,4.892587661743164,16.086339950561523
