mode,load,0_mobilenet_v2-32,1_mobilenet_v3_small-8,2_resnet50-2,3_resnet50-32
mps-uncap,1.0,14.73093032836914,10.745048522949219,15.35177230834961,21.813154220581055
