mode,load,0_efficientnet_b7-8,1_mobilenet_v2-32,2_resnet101-32,3_resnet152-2
mps-uncap,1.0,72.40509986877441,18.37778091430664,39.988040924072266,48.8286018371582
