mode,load,0_efficientnet_b7-8,1_mobilenet_v2-32,2_resnet101-32,3_resnet152-2
mps-uncap,1.0,118.06582592184857,2334.892696376119,861.2756972345592,47.725081559256296
