mode,load,0_densenet121-2,1_densenet169-8,2_efficientnet_b7-4
mps-uncap,1.0,7.080078125,11.36326789855957,13.95416259765625
