mode,load,0_efficientnet_b6-4,1_efficientnet_b6-4,2_vgg13-4
mps-uncap,1.0,27.61983871459961,29.215574264526367,5.698919296264648
