mode,load,0_efficientnet_b6-4,1_efficientnet_b6-4,2_vgg13-4
mps-uncap,1.0,159.48340393085462,149.893575303832,1078.0808765528593
