mode,load,0_mobilenet_v2-32,1_resnet152-4,2_resnet18-2,3_resnet50-32
mps-uncap,1.0,14.004945755004883,42.220354080200195,6.821393966674805,19.981861114501953
