mode,load,0_mobilenet_v2-32,1_resnet152-4,2_resnet18-2,3_resnet50-32
mps-uncap,1.0,17.054080963134766,48.50411415100098,12.330293655395508,23.503541946411133
