mode,load,0_mobilenet_v2-32,1_resnet152-4,2_resnet18-2,3_resnet50-32
mps-uncap,1.0,0.0002384185791015625,0.0002384185791015625,0.0002384185791015625,0.0002384185791015625
