mode,load,0_mobilenet_v2-32,1_resnet152-4,2_resnet18-2,3_resnet50-32
mps-uncap,1.0,10.664939880371094,39.49117660522461,2.4487972259521484,17.578125
