mode,load,0_densenet201-16,1_inception_v3-32
mps-uncap,1.0,27.590739727020264,16.1083984375
