mode,load,0_resnet101-2,1_resnet152-16
mps-uncap,1.0,7.062673568725586,15.270233154296875
