mode,load,0_resnet101-2,1_resnet152-16
mps-uncap,1.0,10.21202802658081,16.837177276611325
