mode,load,0_densenet161-16,1_mobilenet_v2-32,2_mobilenet_v3_large-16,3_resnet50-32
mps-uncap,1.0,76.37677192687988,19.28558349609375,20.965123176574707,26.937484741210938
