mode,load,0_densenet161-16,1_mobilenet_v2-32,2_mobilenet_v3_large-16,3_resnet50-32
mps-uncap,1.0,214.80441249767196,1952.9051945591912,898.1575544492132,1327.1501043966905
