mode,load,0_densenet161-8,1_efficientnet_b7-32,2_mobilenet_v2-32,3_resnet18-32
mps-uncap,1.0,85.56795120239258,108.71696472167969,29.294729232788086,22.39227294921875
