mode,load,0_resnet34-32,1_vgg19-2
mps-uncap,1.0,8.372783660888672,3.141641616821289
