mode,load,0_densenet161-16,1_resnet152-32
mps-uncap,1.0,40.410709381103516,37.84065246582031
