mode,load,0_llama-32,1_resnet18-16
mps-uncap,1.0,822.9405069351196,3.4775733947753906
