mode,load,0_densenet121-32,1_densenet169-2,2_densenet169-2,3_mobilenet_v2-32
mps-uncap,1.0,30.43045997619629,35.61854362487793,35.7666015625,13.337230682373047
