mode,load,0_densenet161-32,1_efficientnet_b7-32,2_mobilenet_v2-32,3_mobilenet_v3_small-16
mps-uncap,1.0,92.62323379516602,104.77495193481445,17.992019653320312,16.268134117126465
