mode,load,0_densenet161-32,1_efficientnet_b7-32,2_mobilenet_v2-32,3_mobilenet_v3_small-16
mps-uncap,1.0,95.89951753616333,111.51150941848755,30.741958618164062,29.38939332962036
