mode,load,0_densenet161-32,1_efficientnet_b7-32,2_mobilenet_v2-32,3_mobilenet_v3_small-16
mps-uncap,1.0,348.25836215642573,304.48516714611503,1688.2396865939081,921.6094928821601
