mode,load,0_mobilenet_v2-32,1_mobilenet_v3_small-16,2_vgg11-32,3_vgg11-32
mps-uncap,1.0,30.415892601013184,27.50098705291748,26.907801628112793,26.991605758666992
