mode,load,0_densenet201-16,1_densenet201-16,2_mobilenet_v2-32,3_vgg11-32
mps-uncap,1.0,153.90431880950928,154.2743444442749,30.940532684326172,15.480756759643555
