mode,load,0_densenet201-16,1_densenet201-16,2_mobilenet_v2-32,3_vgg11-32
mps-uncap,1.0,159.27542448043826,157.62426853179934,32.840614318847656,17.09126710891724
