mode,load,0_efficientnet_b6-2,1_efficientnet_b7-16,2_mobilenet_v2-32,3_resnet101-32
mps-uncap,1.0,66.75004959106445,84.58566665649414,22.572755813598633,47.46246337890625
