mode,load,0_alexnet-4,1_efficientnet_b7-2,2_mobilenet_v2-32,3_vgg11-32
mps-uncap,1.0,5.739927291870117,97.3423719406128,24.15311336517334,15.369892120361328
