mode,load,0_alexnet-4,1_efficientnet_b7-2,2_mobilenet_v2-32,3_vgg11-32
mps-uncap,1.0,0.0064373016357421875,0.008821487426757812,0.000476837158203125,0.000476837158203125
