mode,load,0_alexnet-4,1_efficientnet_b7-2,2_mobilenet_v2-32,3_vgg11-32
mps-uncap,1.0,5.740165710449219,97.3426103591919,24.15335178375244,15.369892120361328
