mode,load,0_efficientnet_b5-16,1_inception_v3-2,2_squeezenet1_0-16
mps-uncap,1.0,30.354022979736328,19.11187171936035,9.918928146362305
