mode,load,0_efficientnet_b6-16,1_resnet50-16,2_squeezenet1_0-8
mps-uncap,1.0,45.698082447052,17.350964546203613,9.093971252441408
