mode,load,0_mobilenet_v3_large-16,1_squeezenet1_1-8
mps-uncap,1.0,3.8051605224609375,1.9969940185546875
