mode,load,0_densenet169-8,1_mobilenet_v3_small-16,2_resnet101-2
mps-uncap,1.0,12.111425399780273,2.811431884765625,7.360100746154785
