mode,load,0_densenet169-8,1_mobilenet_v3_small-16,2_resnet101-2
mps-uncap,1.0,12.340545654296875,3.6395549774169926,7.772326469421387
