mode,load,0_efficientnet_b5-8,1_mobilenet_v3_large-32,2_squeezenet1_0-2
mps-uncap,1.0,18.246173858642578,6.197690963745117,1.4598369598388672
