mode,load,0_densenet161-2,1_densenet201-2,2_resnet18-4
mps-uncap,1.0,183.81630355304682,154.26613771554315,2662.4547588546907
