mode,load,0_alexnet-16,1_mobilenet_v2-16
mps-uncap,1.0,2.3479461669921875,4.890203475952148
