mode,load,0_resnet152-2,1_resnet152-2
mig,0.1,0.030994415283203125,0.029087066650390625
mig,0.2,0.027894973754882812,0.029087066650390625
mig,0.3,0.9129047393798828,2.5551319122314453
mig,0.4,10.583877563476562,10.872840881347656
mig,0.5,35.77315807342529,37.04571723937988
mig,0.6,1544.22128200531,3691.64776802063
mig,0.7,5266.111135482788,6231.453657150269
mig,0.8,9075.868606567383,10069.733500480652
mig,0.9,11194.12112236023,12213.861227035522
mig,1.0,13809.242963790894,13380.982756614685
