mode,load,0_efficientnet_b5-32,1_mobilenet_v2-32,2_mobilenet_v3_small-4,3_resnet50-32
mps-uncap,1.0,45.29857635498047,12.678384780883789,8.294343948364258,21.994590759277344
