mode,load,0_resnet18-8,1_vgg13-4,2_vgg16-16
mps-uncap,1.0,12.50004768371582,9.952664375305176,13.475179672241211
