mode,load,0_resnet152-4,1_vgg13-16
mps-uncap,1.0,99.41600585491771,1813.6373657646009
