mode,load,0_densenet201-32,1_inception_v3-2,2_resnet18-2
mps-uncap,1.0,33.411502838134766,9.856224060058594,2.4042129516601562
