mode,load,0_densenet121-2,1_efficientnet_b7-8,2_mobilenet_v2-32,3_resnet18-32
mps-uncap,1.0,66.70948954138659,138.18337525728353,2693.881124877351,3575.0125673491802
