mode,load,0_efficientnet_b7-2,1_squeezenet1_1-16,2_squeezenet1_1-8
mps-uncap,1.0,93.16004825157803,5392.992132839854,3102.331914484558
