mode,load,0_efficientnet_b7-2,1_vgg13-32
mps-uncap,1.0,79.82277870178223,17.256498336791992
