mode,load,0_densenet201-4,1_efficientnet_b5-8,2_mobilenet_v2-32,3_resnet18-32
mps-uncap,1.0,57.84648656845093,42.6952576637268,13.801803588867186,10.681941509246826
