mode,load,0_efficientnet_b6-8,1_mobilenet_v2-32,2_mobilenet_v3_small-2,3_vgg13-32
mps-uncap,1.0,133.60214233398438,37.10508346557617,35.38632392883301,21.2552547454834
