mode,load,0_resnet101-16,1_resnet152-4,2_squeezenet1_0-8
mps-uncap,1.0,18.300509452819824,21.00355625152588,4.980015754699707
