mode,load,0_resnet101-16,1_resnet152-4,2_squeezenet1_0-8
mps-uncap,1.0,18.568968772888184,22.068176269531246,5.479741096496579
