mode,load,0_inception_v3-4,1_resnet18-2,2_resnet18-4
mps-uncap,1.0,6.946802139282227,1.4383792877197266,1.744985580444336
