mode,load,0_inception_v3-4,1_resnet18-2,2_resnet18-4
mps-uncap,1.0,575.2632641704973,1375.3924819288177,2267.5547801982366
