mode,load,0_alexnet-2,1_mobilenet_v2-32,2_mobilenet_v3_small-16,3_resnet18-32
mps-uncap,1.0,0.6711483001708984,9.437799453735352,4.625797271728516,6.330966949462891
