mode,load,0_alexnet-2,1_mobilenet_v2-32,2_mobilenet_v3_small-16,3_resnet18-32
mps-uncap,1.0,6.685018539428711,14.142036437988281,12.173891067504883,10.279178619384766
