mode,load,0_alexnet-2,1_mobilenet_v2-32,2_mobilenet_v3_small-16,3_resnet18-32
mps-uncap,1.0,780.3560716343835,2880.1603743802475,1774.7921877558606,3767.103004734053
