mode,load,0_densenet161-2,1_efficientnet_b6-2,2_mobilenet_v2-32,3_vgg19-32
mps-uncap,1.0,63.96651268005371,64.90135192871094,24.55282211303711,28.391361236572266
