mode,load,0_densenet121-32,1_densenet201-32,2_inception_v3-8
mps-uncap,1.0,31.617426872253418,54.35066223144531,23.885202407836914
