mode,load,0_inception_v3-32,1_resnet34-4
mps-uncap,1.0,12.305259704589844,3.0944347381591797
