mode,load,0_inception_v3-32,1_resnet34-4
mps-uncap,1.0,11.20615005493164,2.739429473876953
