mode,load,0_densenet169-8,1_vgg16-2
mps-uncap,1.0,15.59758186340332,2.5358200073242188
