mode,load,0_efficientnet_b7-4,1_resnet152-32
mps-uncap,1.0,37.77480125427246,33.30373764038086
