mode,load,0_densenet161-8,1_mobilenet_v2-32,2_resnet152-4,3_vgg11-32
mps-uncap,1.0,107.25889205932617,27.784323692321777,88.44447135925293,14.935016632080078
