mode,load,0_densenet161-8,1_mobilenet_v2-32,2_resnet152-4,3_vgg11-32
mps-uncap,1.0,109.40043449401854,28.861441612243652,92.15123891830444,15.700161457061768
