mode,load,0_densenet161-8,1_mobilenet_v2-32,2_resnet152-4,3_vgg11-32
mps-uncap,1.0,110.11648178100586,30.031442642211914,94.00773048400879,17.401456832885742
