mode,load,0_inception_v3-4,1_squeezenet1_0-4,2_vgg19-4
mps-uncap,1.0,13.83066177368164,5.078315734863281,6.321430206298828
