mode,load,0_inception_v3-4,1_squeezenet1_0-4,2_vgg19-4
mps-uncap,1.0,13.057596683502197,3.960404396057129,5.419492721557617
