mode,load,0_densenet121-8,1_densenet161-16,2_efficientnet_b6-32
mps-uncap,1.0,23.020267486572266,37.6284122467041,51.128387451171875
