mode,load,0_efficientnet_b5-32,1_mobilenet_v3_large-16,2_vgg13-8
mps-uncap,1.0,71.01913213729858,26.18199586868286,11.126492023468018
