mode,load,0_efficientnet_b6-2,1_squeezenet1_0-32,2_vgg19-2
mps-uncap,1.0,30.43961524963379,7.832884788513184,7.603168487548828
