mode,load,0_densenet161-4,1_densenet161-8,2_resnet34-8
mps-uncap,1.0,19.326210021972656,18.404483795166016,6.407976150512695
