mode,load,0_densenet161-4,1_densenet161-8,2_resnet34-8
mps-uncap,1.0,0.000476837158203125,0.000476837158203125,0.0054836273193359375
