mode,load,0_densenet169-32,1_squeezenet1_1-16
mps-uncap,1.0,28.704166412353516,3.3158063888549805
