mode,load,0_mobilenet_v2-32,1_mobilenet_v2-32,2_resnet101-8,3_resnet34-4
mps-uncap,1.0,23.374319076538086,23.52619171142578,37.96124458312988,22.116899490356445
