mode,load,0_mobilenet_v2-32,1_mobilenet_v2-32,2_resnet101-8,3_resnet34-4
mps-uncap,1.0,15.29550552368164,15.222787857055664,25.286197662353516,11.805295944213867
