mode,load,0_densenet201-32,1_mobilenet_v2-32,2_resnet34-8,3_resnet34-8
mps-uncap,1.0,62.624216079711914,10.246038436889648,5.707025527954102,6.21342658996582
