mode,load,0_densenet201-32,1_mobilenet_v2-32,2_resnet34-8,3_resnet34-8
mps-uncap,1.0,71.43188714981079,19.207000732421875,19.86241340637207,20.482707023620605
