mode,load,0_densenet201-32,1_mobilenet_v2-32,2_resnet34-8,3_resnet34-8
mps-uncap,1.0,68.62473487854004,12.978553771972656,12.50314712524414,12.44497299194336
