mode,load,0_densenet121-32,1_efficientnet_b6-2,2_efficientnet_b7-32
mps-uncap,1.0,51.378488540649414,55.90248107910156,74.03993606567383
