mode,load,0_mobilenet_v2-16,1_mobilenet_v2-32,2_resnet152-32,3_resnet18-16
mps-uncap,1.0,1191.1511929508247,2069.003933349159,524.5853117789358,1545.8026629005735
