mode,load,0_efficientnet_b5-4,1_mobilenet_v2-32,2_resnet50-32,3_vgg16-8
mps-uncap,1.0,82.65876770019531,24.737834930419922,35.00819206237793,16.026735305786133
