mode,load,0_efficientnet_b5-4,1_squeezenet1_1-4
mps-uncap,1.0,9.761309623718262,1.5017986297607422
