mode,load,0_efficientnet_b5-4,1_squeezenet1_1-4
mps-uncap,1.0,9.761524200439453,1.5020370483398438
