mode,load,0_resnet101-32,1_vgg11-32,2_vgg13-2
mps-uncap,1.0,83.78057479858398,15.75927734375,15.98622798919678
