mode,load,0_resnet101-32,1_vgg11-32,2_vgg13-2
mps-uncap,1.0,85.73620796203615,16.61004066467285,18.09015989303589
