mode,load,0_densenet161-2,1_vgg19-2
mps-uncap,1.0,11.199235916137695,2.3813247680664062
