mode,load,0_alexnet-32,1_mobilenet_v2-32,2_resnet152-32,3_resnet18-4
mps-uncap,1.0,11.10866069793701,24.1300106048584,68.92256736755371,16.54090404510498
