mode,load,0_inception_v3-8,1_mobilenet_v3_large-16,2_mobilenet_v3_small-32
mps-uncap,1.0,10.51783561706543,5.205869674682617,5.209207534790039
