mode,load,0_mobilenet_v2-32,1_mobilenet_v3_large-8,2_resnet18-32,3_squeezenet1_0-4
mps-uncap,1.0,12.505474090576172,14.317626953125,9.597330093383787,8.725547790527342
