mode,load,0_mobilenet_v2-32,1_mobilenet_v3_large-8,2_resnet18-32,3_squeezenet1_0-4
mps-uncap,1.0,11.08860969543457,10.875940322875977,8.944034576416016,5.753040313720703
