mode,load,0_densenet169-32,1_inception_v3-8,2_vgg11-8
mps-uncap,1.0,52.933335304260254,26.4739990234375,4.822373390197754
