mode,load,0_densenet169-32,1_inception_v3-8,2_vgg11-8
mps-uncap,1.0,37.46771812438965,20.48778533935547,3.856182098388672
