mode,load,0_densenet169-32,1_inception_v3-8,2_vgg11-8
mps-uncap,1.0,604.0838379046004,301.9464608776044,1571.283367298272
