mode,load,0_densenet121-8,1_vgg11-8
mps-uncap,1.0,7.368803024291992,3.3545494079589844
