mode,load,0_densenet121-8,1_vgg11-8
mps-uncap,1.0,385.64611290412165,2148.698980051655
