mode,load,0_resnet34-2,1_vgg13-8
mps-uncap,1.0,8.297443389892578,5.024194717407227
