mode,load,0_densenet121-8,1_mobilenet_v2-32,2_mobilenet_v3_small-16,3_vgg16-32
mps-uncap,1.0,100.74510586696256,1116.0412068205026,620.2902607935523,1237.9754621499678
