mode,load,0_densenet169-32,1_densenet169-4,2_mobilenet_v2-32,3_vgg11-2
mps-uncap,1.0,58.73870849609375,50.304317474365234,18.175244331359863,6.83293342590332
