mode,load,0_densenet169-32,1_densenet169-4,2_mobilenet_v2-32,3_vgg11-2
mps-uncap,1.0,65.02294540405273,58.34197998046875,21.985769271850586,12.717485427856445
