mode,load,0_densenet169-32,1_densenet169-4,2_mobilenet_v2-32,3_vgg11-2
mps-uncap,1.0,60.51814556121826,51.79831027984619,19.852125644683838,10.173101425170898
