mode,load,0_densenet121-16,1_densenet201-32,2_mobilenet_v2-32
mps-uncap,1.0,34.40789222717285,63.16235542297363,16.933472156524658
