mode,load,0_densenet121-16,1_densenet201-32,2_mobilenet_v2-32
mps-uncap,1.0,25.791168212890625,38.021087646484375,7.9498291015625
