mode,load,0_densenet121-16,1_densenet201-32,2_mobilenet_v2-32
mps-uncap,1.0,523.1896371399786,523.3592715226208,2835.0147913172245
