mode,load,0_densenet201-32,1_efficientnet_b5-8,2_efficientnet_b7-4,3_mobilenet_v2-32
mps-uncap,1.0,51.19609832763672,29.363632202148438,51.32579803466797,8.981943130493164
