mode,load,0_densenet201-32,1_efficientnet_b5-8,2_efficientnet_b7-4,3_mobilenet_v2-32
mps-uncap,1.0,68.74251365661621,46.912193298339844,61.998844146728516,17.839431762695312
