mode,load,0_alexnet-2,1_vgg11-16,2_vgg13-2
mps-uncap,1.0,5.362980365753174,8.00483226776123,8.218798637390137
