mode,load,0_alexnet-2,1_vgg11-16,2_vgg13-2
mps-uncap,1.0,0.9083747863769531,6.883144378662109,2.6051998138427734
