mode,load,0_alexnet-2,1_vgg11-16,2_vgg13-2
mps-uncap,1.0,0.000476837158203125,0.000476837158203125,0.000476837158203125
