mode,load,0_alexnet-2,1_vgg11-16,2_vgg13-2
mps-uncap,1.0,5.363211631774903,8.004868030548096,8.218889236450195
