mode,load,0_densenet161-4,1_densenet169-2,2_vgg19-8
mps-uncap,1.0,34.68228816986084,33.776140213012695,8.025424480438232
