mode,load,0_densenet161-32,1_densenet201-4,2_efficientnet_b6-2,3_mobilenet_v2-32
mps-uncap,1.0,0.000476837158203125,0.000476837158203125,0.000476837158203125,0.000476837158203125
