mode,load,0_densenet161-32,1_densenet201-4,2_efficientnet_b6-2,3_mobilenet_v2-32
mps-uncap,1.0,53.26986312866211,39.170265197753906,19.269704818725586,8.477210998535156
