mode,load,0_alexnet-16,1_resnet101-4,2_vgg11-8
mps-uncap,1.0,3.749513626098633,24.550867080688477,5.227327346801758
