mode,load,0_alexnet-16,1_resnet101-4,2_vgg11-8
mps-uncap,1.0,4702.606232628951,169.2956380351988,1621.3813642554949
