mode,load,0_resnet50-4,1_squeezenet1_1-8
mps-uncap,1.0,0.025272369384765625,0.00667572021484375
