mode,load,0_resnet50-4,1_squeezenet1_1-8
mps-uncap,1.0,3.994464874267578,1.9040107727050781
