mode,load,0_densenet201-32,1_mobilenet_v2-4
mps-uncap,1.0,1031.8077016103407,1160.828724865326
