mode,load,0_alexnet-16,1_resnet101-32
mps-uncap,1.0,4.327926635742184,26.460857391357422
