mode,load,0_resnet152-16,1_resnet152-4,2_squeezenet1_0-4
mps-uncap,1.0,0.0002384185791015625,0.0002384185791015625,0.0002384185791015625
