mode,load,0_resnet152-16,1_resnet152-4,2_squeezenet1_0-4
mps-uncap,1.0,24.205923080444336,21.846771240234375,5.748748779296875
