mode,load,0_densenet121-4,1_resnet34-32
mps-uncap,1.0,11.022567749023438,7.076263427734375
