mode,load,0_resnet101-2,1_resnet18-8
mps-uncap,1.0,7.941246032714844,3.111124038696289
