mode,load,0_inception_v3-32,1_inception_v3-4,2_mobilenet_v2-8
mps-uncap,1.0,16.522645950317383,12.829303741455078,7.035970687866211
