mode,load,0_mobilenet_v2-2,1_resnet101-32,2_resnet101-32
mps-uncap,1.0,36.393232345581055,89.06101226806639,102.19644069671631
