mode,load,0_densenet201-4,1_efficientnet_b5-32,2_inception_v3-2
mps-uncap,1.0,46.768903732299805,32.30714797973633,23.562192916870117
