mode,load,0_densenet201-32,1_efficientnet_b5-4,2_mobilenet_v2-32,3_squeezenet1_1-4
mps-uncap,1.0,63.03691864013672,34.451842308044434,11.634349822998047,5.282163619995117
