mode,load,0_densenet201-32,1_efficientnet_b5-4,2_mobilenet_v2-32,3_squeezenet1_1-4
mps-uncap,1.0,69.96464729309082,43.15519332885742,19.79994773864746,16.447782516479492
