mode,load,0_alexnet-4,1_efficientnet_b6-2,2_mobilenet_v2-32,3_resnet18-32
mps-uncap,1.0,0.965118408203125,32.175540924072266,10.084152221679688,4.824399948120117
