mode,load,0_mobilenet_v3_large-2,1_resnet50-16
mps-uncap,1.0,5.669832229614258,7.715940475463867
