mode,load,0_mobilenet_v2-2,1_mobilenet_v2-32,2_resnet50-4,3_vgg13-32
mps-uncap,1.0,5.026817321777344,22.609710693359375,22.7963924407959,16.94178581237793
