mode,load,0_efficientnet_b7-8,1_inception_v3-32,2_resnet101-16
mps-uncap,1.0,44.3225622177124,25.368833541870117,22.887706756591797
