mode,load,0_densenet121-2,1_resnet152-4
mps-uncap,1.0,8.152484893798828,8.63957405090332
