mode,load,0_mobilenet_v2-32,1_resnet152-32,2_resnet34-32,3_resnet34-4
mps-uncap,1.0,18.27402114868164,62.28055953979492,22.44110107421875,19.34499740600586
