mode,load,0_mobilenet_v3_small-4,1_resnet34-4,2_vgg13-16
mps-uncap,1.0,13.342142105102539,16.008684635162354,9.363539218902588
