mode,load,0_mobilenet_v3_small-4,1_resnet34-4,2_vgg13-16
mps-uncap,1.0,13.979911804199219,16.570329666137695,12.101411819458008
