mode,load,0_mobilenet_v3_small-4,1_resnet34-4,2_vgg13-16
mps-uncap,1.0,404.3594306372886,319.88751666350623,1783.112127218058
