mode,load,0_resnet50-16,1_resnet50-16
mig,1.0,29.769420623779297,25.80118179321289
