mode,load,0_efficientnet_b6-2,1_resnet18-4
mps-uncap,1.0,11.22736930847168,1.33514404296875
