mode,load,0_efficientnet_b6-2,1_resnet18-4
mps-uncap,1.0,11.227607727050781,1.3353824615478516
