mode,load,0_resnet152-16,1_resnet34-8
mps-uncap,1.0,19.432854652404785,6.735739707946778
