mode,load,0_efficientnet_b5-8,1_efficientnet_b6-4,2_resnet50-2
mps-uncap,1.0,15.303516387939453,16.94049835205078,5.898952484130859
