mode,load,0_alexnet-2,1_mobilenet_v2-32,2_mobilenet_v2-32,3_resnet152-8
mps-uncap,1.0,6.937441825866699,13.400936126708984,13.453502655029297,43.47528696060181
