mode,load,0_mobilenet_v2-32,1_resnet34-8,2_resnet34-8,3_vgg13-32
mps-uncap,1.0,39.29357528686522,44.11263465881348,44.1841459274292,24.586839675903324
