mode,load,0_resnet101-32,1_resnet34-16
mps-uncap,1.0,26.14879608154297,12.523412704467773
