mode,load,0_densenet201-4,1_mobilenet_v2-32,2_mobilenet_v3_large-8,3_resnet50-32
mps-uncap,1.0,70.8010482788086,18.89235019683838,18.549067974090576,25.20549774169922
