mode,load,0_alexnet-32,1_alexnet-4,2_inception_v3-16
mps-uncap,1.0,2.933979034423828,1.9004344940185547,15.233993530273438
