mode,load,0_densenet121-2,1_mobilenet_v2-32,2_resnet34-32,3_resnet50-32
mps-uncap,1.0,48.58851432800293,18.88728141784668,23.832321166992188,27.0235538482666
