mode,load,0_densenet121-2,1_mobilenet_v2-32,2_resnet34-32,3_resnet50-32
mps-uncap,1.0,43.8227653503418,16.260623931884766,20.42555809020996,23.589134216308594
