mode,load,0_densenet161-32,1_inception_v3-8,2_mobilenet_v2-32,3_vgg16-8
mps-uncap,1.0,98.09536933898926,51.773691177368164,24.511098861694336,13.698077201843263
