mode,load,0_resnet34-2,1_squeezenet1_0-16,2_vgg13-32
mps-uncap,1.0,19.99950408935547,18.064498901367188,18.108367919921875
