mode,load,0_mobilenet_v2-32,1_mobilenet_v2-32,2_resnet18-2,3_squeezenet1_0-32
mps-uncap,1.0,21.437404155731198,21.48578643798828,15.687932968139647,18.25808048248291
