mode,load,0_densenet161-2,1_mobilenet_v3_small-32,2_resnet18-4
mps-uncap,1.0,12.180924415588379,3.927946090698242,2.0241737365722656
