mode,load,0_densenet161-2,1_mobilenet_v3_small-32,2_resnet18-4
mps-uncap,1.0,13.204002380371096,4.264326095581055,2.984800338745118
