mode,load,0_mobilenet_v2-32,1_resnet152-2,2_resnet18-8,3_vgg16-32
mps-uncap,1.0,32.837867736816406,98.6422061920166,23.262834548950195,23.79751205444336
