mode,load,0_densenet161-4,1_mobilenet_v3_large-32,2_vgg19-32
mps-uncap,1.0,108.6885929107666,29.224896430969245,25.865602493286133
