mode,load,0_densenet161-4,1_densenet201-32,2_vgg11-8
mps-uncap,1.0,52.10580825805664,68.24302673339844,6.0835838317871085
