mode,load,0_densenet161-16,1_efficientnet_b5-4
mps-uncap,1.0,20.110607147216797,11.609554290771484
