mode,load,0_resnet50-16,1_squeezenet1_1-4
mps-uncap,1.0,8.593082427978516,4.034280776977539
