mode,load,0_densenet201-32,1_mobilenet_v2-32,2_mobilenet_v3_small-16,3_squeezenet1_0-32
mps-uncap,1.0,92.18319654464722,20.584912300109863,19.496257305145267,16.48066520690918
