mode,load,0_alexnet-32,1_mobilenet_v2-32,2_resnet152-32,3_squeezenet1_0-4
mps-uncap,1.0,11.55670166015625,23.078346252441403,69.69068765640259,16.666650772094727
