mode,load,0_alexnet-32,1_mobilenet_v2-32,2_resnet152-32,3_squeezenet1_0-4
mps-uncap,1.0,5231.133377393241,1888.4868356970676,473.76645820874086,422.1842838604657
