mode,load,0_mobilenet_v2-32,1_resnet101-8,2_resnet152-32,3_squeezenet1_0-4
mps-uncap,1.0,24.203062057495117,46.67210578918457,65.69743156433105,15.616893768310547
