mode,load,0_mobilenet_v2-32,1_resnet101-8,2_resnet152-32,3_squeezenet1_0-4
mps-uncap,1.0,11.72494888305664,25.460004806518555,44.84295845031738,2.296924591064453
