mode,load,0_mobilenet_v2-32,1_mobilenet_v3_small-2,2_vgg13-8
mps-uncap,1.0,13.229846954345703,8.670806884765625,6.146430969238281
