mode,load,0_mobilenet_v2-32,1_mobilenet_v3_small-2,2_vgg13-8
mps-uncap,1.0,2397.3250733789478,239.35006711491718,1199.8573238246913
