mode,load,0_mobilenet_v2-32,1_mobilenet_v3_small-2,2_resnet18-32,3_resnet34-32
mps-uncap,1.0,15.49839973449707,13.671398162841797,12.398719787597656,19.75536346435547
