mode,load,0_inception_v3-8,1_mobilenet_v2-32,2_resnet50-32,3_vgg11-8
mps-uncap,1.0,18.554210662841797,10.77127456665039,26.87215805053711,4.922389984130859
