mode,load,0_inception_v3-8,1_mobilenet_v2-32,2_resnet50-32,3_vgg11-8
mps-uncap,1.0,0.0002384185791015625,0.0002384185791015625,0.0002384185791015625,0.0002384185791015625
