mode,load,0_inception_v3-8,1_mobilenet_v2-32,2_resnet101-32,3_squeezenet1_1-8
mps-uncap,1.0,31.383752822875977,15.321993827819824,35.941314697265625,9.69243049621582
