mode,load,0_densenet121-8,1_resnet34-2
mps-uncap,1.0,6.998777389526367,1.9066333770751953
