mode,load,0_densenet121-8,1_resnet34-2
mps-uncap,1.0,10.447978973388672,4.184484481811523
