mode,load,0_densenet201-16,1_resnet50-2
mps-uncap,1.0,18.19133758544922,2.953052520751953
