mode,load,0_resnet101-8,1_vgg11-2
mps-uncap,1.0,13.30747127532959,2.588510513305664
