mode,load,0_efficientnet_b6-16,1_resnet50-16
mps-uncap,1.0,34.18684005737305,15.377867221832277
