mode,load,0_efficientnet_b6-16,1_resnet50-16
mps-uncap,1.0,36.19527816772461,15.903949737548828
