mode,load,0_densenet169-8,1_efficientnet_b6-32,2_mobilenet_v2-32,3_resnet101-32
mps-uncap,1.0,85.89768409729004,95.81255912780762,20.490407943725586,56.92780017852783
