mode,load,0_densenet169-8,1_efficientnet_b6-32,2_mobilenet_v2-32,3_resnet101-32
mps-uncap,1.0,93.44077110290527,102.49519348144531,36.21959686279297,67.5969123840332
