mode,load,0_efficientnet_b6-4,1_resnet152-32
mps-uncap,1.0,25.80106258392334,29.778480529785156
