mode,load,0_alexnet-16,1_mobilenet_v2-32,2_resnet101-32,3_resnet101-4
mps-uncap,1.0,3.838777542114258,14.39058780670166,40.996551513671875,33.54048728942871
