mode,load,0_alexnet-2,1_mobilenet_v2-32
mps-uncap,1.0,0.9903907775878906,6.610631942749023
