mode,load,0_alexnet-2,1_mobilenet_v2-32
mps-uncap,1.0,2.9612326622009273,6.875514984130859
