mode,load,0_densenet121-32,1_mobilenet_v3_large-16,2_mobilenet_v3_large-2
mps-uncap,1.0,22.19843864440918,5.711913108825684,4.23586368560791
