mode,load,0_mobilenet_v3_large-2,1_resnet34-8
mps-uncap,1.0,2.8345584869384766,2.841472625732422
