mode,load,0_mobilenet_v3_large-2,1_resnet34-8
mps-uncap,1.0,710.8016768506814,2854.4054887581083
