mode,load,0_efficientnet_b5-8,1_mobilenet_v2-32,2_mobilenet_v2-32,3_vgg13-4
mps-uncap,1.0,58.89129638671875,17.721891403198242,18.096446990966797,11.944055557250977
