mode,load,0_inception_v3-16,1_resnet18-8
mps-uncap,1.0,1737.3708868205797,3471.992873219221
