mode,load,0_efficientnet_b6-4,1_efficientnet_b6-4,2_mobilenet_v2-32,3_vgg16-32
mps-uncap,1.0,125.65946578979492,127.73804664611815,33.80703926086426,23.836278915405273
