mode,load,0_efficientnet_b6-16,1_resnet50-8
mps-uncap,1.0,27.942419052124023,12.323100566864008
