mode,load,0_resnet152-2,1_vgg16-8
mps-uncap,1.0,25.745480060577393,6.1202168464660645
