mode,load,0_densenet121-16,1_inception_v3-4,2_squeezenet1_1-16
mps-uncap,1.0,16.728878021240234,11.779582500457764,5.476961135864258
