mode,load,0_densenet121-16,1_inception_v3-4,2_squeezenet1_1-16
mps-uncap,1.0,16.451120376586914,11.295437812805176,5.104398727416992
