mode,load,0_densenet121-16,1_inception_v3-4,2_squeezenet1_1-16
mps-uncap,1.0,17.39192008972168,12.628316879272461,6.42848014831543
