mode,load,0_efficientnet_b7-16,1_vgg16-32
mps-uncap,1.0,146.7151689529419,23.575534820556637
