mode,load,0_efficientnet_b7-16,1_vgg16-32
mps-uncap,1.0,144.11191940307617,23.050975799560547
