mode,load,0_efficientnet_b6-8,1_resnet18-16
mps-uncap,1.0,18.958044052124023,4.778861999511719
