mode,load,0_efficientnet_b6-8,1_resnet18-16
mps-uncap,1.0,18.958067893981934,4.77910041809082
