mode,load,0_densenet201-2,1_resnet18-4,2_vgg11-8
mps-uncap,1.0,30.200719833374023,3.5889148712158203,3.5021305084228516
