mode,load,0_densenet201-2,1_resnet18-4,2_vgg11-8
mps-uncap,1.0,39.63303565979004,6.387948989868164,5.181074142456055
