mode,load,0_densenet201-2,1_resnet18-4,2_vgg11-8
mps-uncap,1.0,37.886953353881836,5.641617774963379,4.05625581741333
