mode,load,0_efficientnet_b7-2,1_mobilenet_v2-32,2_resnet101-32,3_vgg11-4
mps-uncap,1.0,0.0002384185791015625,0.0,0.0002384185791015625,0.0
