mode,load,0_resnet152-32,1_resnet34-8,2_vgg11-32
mps-uncap,1.0,111.76392555236816,37.88722038269044,16.109275817871094
