mode,load,0_densenet201-32,1_mobilenet_v2-32,2_mobilenet_v3_small-8,3_resnet18-16
mps-uncap,1.0,42.77944564819336,9.246587753295898,4.558563232421875,4.848718643188477
