mode,load,0_densenet201-32,1_mobilenet_v2-32,2_mobilenet_v3_small-8,3_resnet18-16
mps-uncap,1.0,42.77968406677246,9.246587753295898,4.558801651000977,4.848957061767578
