mode,load,0_alexnet-16,1_efficientnet_b5-4
mps-uncap,1.0,1.6508102416992188,12.68148422241211
