mode,load,0_alexnet-16,1_efficientnet_b5-4
mps-uncap,1.0,1.9192695617675781,13.355875015258789
