mode,load,0_alexnet-16,1_efficientnet_b5-4
mps-uncap,1.0,1.4643669128417969,9.664297103881836
