mode,load,0_mobilenet_v2-32,1_mobilenet_v2-4,2_resnet18-8,3_vgg13-32
mps-uncap,1.0,34.00168418884277,28.52487564086914,24.893331527709968,20.069432258605957
