mode,load,0_mobilenet_v2-32,1_mobilenet_v2-4,2_resnet18-8,3_vgg13-32
mps-uncap,1.0,29.937267303466797,21.619319915771484,19.721388816833496,19.26875114440918
