mode,load,0_densenet121-4,1_densenet121-4,2_densenet121-4,3_densenet121-4
mig,1.0,7.751226425170898,7.879495620727539,7.906174659729004,13.685226440429688
