mode,load,0_densenet121-16,1_mobilenet_v2-2,2_mobilenet_v2-32,3_vgg16-32
mps-uncap,1.0,177.25604228188976,86.67012674498521,1046.2927617573964,1222.2921767730243
