mode,load,0_resnet101-2,1_squeezenet1_0-32
mps-uncap,1.0,6.626605987548828,5.807399749755859
