mode,load,0_efficientnet_b6-16,1_resnet34-8
mps-uncap,1.0,24.527549743652344,9.4907283782959
