mode,load,0_resnet101-2,1_squeezenet1_1-4,2_vgg19-16
mps-uncap,1.0,31.12328052520752,9.650301933288574,13.192446231842041
