mode,load,0_resnet50-2,1_vgg13-32
mps-uncap,1.0,16.53289794921875,15.880346298217773
