mode,load,0_densenet121-32,1_mobilenet_v2-32,2_mobilenet_v3_large-2,3_squeezenet1_0-8
mps-uncap,1.0,38.53249549865723,16.488313674926758,15.98668098449707,12.19320297241211
