mode,load,0_densenet169-2,1_mobilenet_v2-16,2_squeezenet1_0-16
mps-uncap,1.0,24.87790584564209,5.504131317138672,4.894256591796875
