mode,load,0_mobilenet_v3_small-4,1_resnet50-4,2_vgg13-32
mps-uncap,1.0,16.42298698425293,19.561290740966797,16.56651496887207
