mode,load,0_mobilenet_v3_small-4,1_resnet50-4,2_vgg13-32
mps-uncap,1.0,20.52593231201172,29.740333557128906,19.57845687866211
