mode,load,0_densenet161-8,1_inception_v3-8,2_mobilenet_v2-32,3_resnet101-32
mps-uncap,1.0,52.433013916015625,30.757904052734375,13.179540634155273,36.518096923828125
