mode,load,0_densenet161-8,1_inception_v3-8,2_mobilenet_v2-32,3_resnet101-32
mps-uncap,1.0,56.35846138000488,34.30622577667236,17.467679977416992,38.35801124572754
