mode,load,0_densenet161-8,1_inception_v3-8,2_mobilenet_v2-32,3_resnet101-32
mps-uncap,1.0,55.09071350097656,32.84974098205567,15.846490859985352,37.798118591308594
