mode,load,0_mobilenet_v2-16,1_mobilenet_v2-32,2_mobilenet_v2-32,3_vgg19-8
mps-uncap,1.0,6.186485290527344,18.75758171081543,19.09780502319336,8.496522903442383
