mode,load,0_mobilenet_v2-16,1_mobilenet_v2-32,2_mobilenet_v2-32,3_vgg19-8
mps-uncap,1.0,21.700501441955566,25.71585178375244,25.603055953979492,17.221593856811523
