mode,load,0_mobilenet_v2-16,1_mobilenet_v2-32,2_mobilenet_v2-32,3_vgg19-8
mps-uncap,1.0,874.0935500280333,1328.912113703383,1328.9062577939044,572.2580568183048
