mode,load,0_mobilenet_v3_small-4,1_vgg19-4
mps-uncap,1.0,3.3059120178222656,3.995180130004883
