mode,load,0_densenet121-8,1_efficientnet_b5-32,2_mobilenet_v2-32,3_vgg11-32
mps-uncap,1.0,77.07595825195312,63.246726989746094,23.51522445678711,12.660503387451172
