mode,load,0_densenet161-8,1_resnet152-32,2_vgg16-4
mps-uncap,1.0,47.212159633636475,51.7179536819458,11.00836515426636
