mode,load,0_resnet101-32,1_resnet152-2,2_vgg11-16
mps-uncap,1.0,53.798675537109375,55.757856369018555,9.745240211486816
