mode,load,0_efficientnet_b7-32,1_vgg11-32
mps-uncap,1.0,215.66029918551203,2323.2966006103884
