mode,load,0_densenet121-32,1_efficientnet_b7-8,2_mobilenet_v2-32,3_resnet152-32
mps-uncap,1.0,64.13455486297607,100.08914947509766,27.918052673339847,79.18097019195557
