mode,load,0_densenet121-32,1_efficientnet_b7-8,2_mobilenet_v2-32,3_resnet152-32
mps-uncap,1.0,65.40393829345703,101.0890007019043,31.506061553955078,81.6030502319336
