mode,load,0_densenet161-32,1_densenet161-4,2_mobilenet_v2-32,3_resnet34-32
mps-uncap,1.0,73.71282577514648,62.78562545776367,14.64390754699707,18.345952033996582
