mode,load,0_inception_v3-2,1_mobilenet_v2-32,2_mobilenet_v2-32,3_resnet50-2
mps-uncap,1.0,120.74284481321557,2376.842086729669,2376.8487517201725,171.3235735317971
