mode,load,0_densenet121-16,1_inception_v3-8
mps-uncap,1.0,11.820900440216064,9.480304718017578
