mode,load,0_densenet121-16,1_inception_v3-8
mps-uncap,1.0,11.653661727905273,9.116888046264648
