mode,load,0_densenet121-16,1_inception_v3-8
mps-uncap,1.0,10.270357131958008,6.043910980224609
