mode,load,0_llama-16,1_llama-16,2_alexnet-32,3_mobilenet_v3_large-4
mps-uncap,1.0,681.4530849456787,640.6344175338745,3.3609867095947266,6.739377975463867
