mode,load,0_llama-16,1_llama-16,2_alexnet-32,3_mobilenet_v3_large-4
mps-uncap,1.0,686.8844032287598,644.7591781616211,3.9103031158447266,7.73167610168457
