mode,load,0_llama-16,1_llama-16,2_alexnet-32,3_mobilenet_v3_large-4
mps-uncap,1.0,0.0007152557373046875,0.000476837158203125,0.004291534423828125,0.0011920928955078125
