mode,load,0_llama-16,1_llama-16,2_alexnet-32,3_mobilenet_v3_large-4
mps-uncap,1.0,686.8846416473389,644.7594165802002,3.9107799530029297,7.732152938842773
