mode,load,0_llama-16,1_llama-16,2_alexnet-32,3_mobilenet_v3_large-4
mps-uncap,1.0,36.25496922423041,38.62651001731015,9800.905715648852,628.1048418793655
