mode,load,0_inception_v3-4,1_resnet101-2,2_resnet50-8
mps-uncap,1.0,482.0158610256364,262.0280018841837,1403.0574524990443
