mode,load,0_densenet161-16,1_densenet201-16,2_squeezenet1_1-32
mps-uncap,1.0,41.18527173995972,52.132015228271484,11.01827621459961
