mode,load,0_densenet121-4,1_mobilenet_v2-32,2_resnet152-8,3_resnet50-32
mps-uncap,1.0,41.885745525360115,16.968910694122314,53.4311032295227,23.28664779663086
