mode,load,0_mobilenet_v2-16,1_mobilenet_v2-32,2_resnet101-32,3_vgg19-8
mps-uncap,1.0,24.46150779724121,26.53646469116211,63.295841217041016,19.179344177246094
