mode,load,0_inception_v3-8,1_mobilenet_v3_large-8,2_resnet18-2
mps-uncap,1.0,7.606840133666992,3.6330223083496094,1.9462108612060547
