mode,load,0_densenet161-16,1_densenet201-4,2_vgg13-4
mps-uncap,1.0,38.043856620788574,38.004398345947266,4.013776779174805
