mode,load,0_densenet121-2,1_resnet18-16
mps-uncap,1.0,7.5855016708374015,2.7425289154052734
