mode,load,0_densenet161-8,1_resnet101-32
mps-uncap,1.0,28.773903846740723,23.2236385345459
