mode,load,0_squeezenet1_1-4,1_vgg13-4,2_vgg13-8
mps-uncap,1.0,2.8891563415527344,3.3884048461914062,6.178140640258789
