mode,load,0_squeezenet1_1-4,1_vgg13-4,2_vgg13-8
mps-uncap,1.0,0.0002384185791015625,0.0002384185791015625,0.0002384185791015625
