mode,load,0_mobilenet_v3_large-4,1_mobilenet_v3_small-4,2_resnet50-8
mps-uncap,1.0,3.205537796020508,2.6645660400390625,4.811525344848633
