mode,load,0_densenet161-4,1_vgg16-16
mps-uncap,1.0,84.28636168431225,1520.860296548355
