mode,load,0_efficientnet_b6-2,1_efficientnet_b7-2,2_mobilenet_v2-32,3_resnet101-32
mps-uncap,1.0,52.666640281677246,62.80351877212527,18.310420513153076,38.90745162963867
