mode,load,0_resnet101-2,1_resnet101-32,2_resnet50-8
mps-uncap,1.0,20.61629295349121,25.459671020507812,14.931511878967285
