mode,load,0_resnet101-2,1_resnet101-32,2_resnet50-8
mps-uncap,1.0,19.35899257659912,25.226354598999023,11.647820472717285
