mode,load,0_resnet101-2,1_resnet101-32,2_resnet50-8
mps-uncap,1.0,0.0002384185791015625,0.0002384185791015625,0.0002384185791015625
