mode,load,0_resnet101-2,1_resnet101-32,2_resnet50-8
mps-uncap,1.0,20.61629295349121,25.459694862365723,14.931750297546387
