mode,load,0_densenet121-8,1_densenet161-32,2_densenet169-2,3_mobilenet_v2-32
mps-uncap,1.0,24.04332160949707,56.27131462097168,34.38711166381836,9.794950485229492
