mode,load,0_densenet121-8,1_densenet161-32,2_densenet169-2,3_mobilenet_v2-32
mps-uncap,1.0,226.66443912043823,504.21211402927054,42.67946260542449,2322.032646255533
