mode,load,0_densenet161-2,1_efficientnet_b5-4,2_resnet152-16
mps-uncap,1.0,19.351935386657715,18.26347827911377,20.02471923828125
