mode,load,0_densenet201-8,1_densenet201-8,2_densenet201-8,3_densenet201-8
mig,1.0,162.71759627984883,193.60470887674512,167.3567511548616,162.2248262998912
