mode,load,0_densenet161-32,1_efficientnet_b7-32,2_vgg11-4
mps-uncap,1.0,55.3433895111084,91.3240909576416,3.899812698364258
