mode,load,0_resnet101-2,1_vgg11-32,2_vgg13-4
mps-uncap,1.0,16.30854606628418,11.744976043701172,6.150007247924805
