mode,load,0_alexnet-16,1_efficientnet_b5-4,2_mobilenet_v3_large-8
mps-uncap,1.0,2.1195411682128906,17.18878746032715,4.822039604187012
