mode,load,0_mobilenet_v2-16,1_squeezenet1_0-32
mps-uncap,1.0,10.041475296020508,10.039091110229492
