mode,load,0_inception_v3-2,1_mobilenet_v2-32,2_resnet18-32,3_squeezenet1_1-16
mps-uncap,1.0,18.86129379272461,8.240461349487305,6.3190460205078125,3.4761428833007812
