mode,load,0_densenet169-4,1_inception_v3-32
mps-uncap,1.0,14.635562896728516,11.813688278198242
