mode,load,0_efficientnet_b5-2,1_mobilenet_v2-32,2_resnet101-2,3_vgg19-32
mps-uncap,1.0,0.013113021850585938,0.0050067901611328125,0.0007152557373046875,0.0007152557373046875
