mode,load,0_mobilenet_v2-32,1_squeezenet1_0-4,2_vgg11-2,3_vgg11-32
mps-uncap,1.0,27.98616886138916,20.90969085693359,14.182138442993164,14.889645576477053
