mode,load,0_mobilenet_v2-32,1_squeezenet1_0-4,2_vgg11-2,3_vgg11-32
mps-uncap,1.0,1188.366338599306,261.5513111234525,171.68421221465331,2325.8446721754344
