mode,load,0_densenet161-2,1_mobilenet_v3_large-4
mps-uncap,1.0,9.81982707977295,2.865798473358154
