mode,load,0_densenet161-2,1_mobilenet_v3_large-4
mps-uncap,1.0,206.29649608528496,1423.6251761375709
