mode,load,0_efficientnet_b7-8,1_mobilenet_v2-32,2_resnet34-32,3_vgg11-4
mps-uncap,1.0,33.99801254272461,13.174772262573242,17.96555519104004,2.5000572204589844
