mode,load,0_efficientnet_b7-8,1_mobilenet_v2-32,2_resnet34-32,3_vgg11-4
mps-uncap,1.0,102.59069914144102,1860.8079000124271,1504.04164758949,610.4689482662533
