mode,load,0_densenet161-32,1_mobilenet_v3_small-8
mps-uncap,1.0,33.16926956176758,3.5047531127929688
