mode,load,0_efficientnet_b5-4,1_mobilenet_v2-32,2_resnet50-32,3_vgg19-8
mps-uncap,1.0,0.011205673217773438,0.000476837158203125,0.000476837158203125,0.0059604644775390625
