mode,load,0_densenet121-4,1_mobilenet_v2-2,2_mobilenet_v3_small-16
mps-uncap,1.0,6.926298141479492,2.208709716796875,2.3419857025146484
