mode,load,0_densenet161-32,1_efficientnet_b5-8,2_mobilenet_v2-32,3_resnet152-32
mps-uncap,1.0,89.87748622894287,68.38820457458496,25.944724082946777,73.79740476608276
