mode,load,0_densenet201-32,1_mobilenet_v2-2,2_mobilenet_v2-32,3_vgg19-2
mps-uncap,1.0,67.63907670974731,13.617849349975588,15.90922355651855,12.101612091064453
