mode,load,0_mobilenet_v2-32,1_resnet101-4,2_resnet152-16,3_resnet34-32
mps-uncap,1.0,15.191912651062012,30.518770217895508,50.3690242767334,18.18394660949707
