mode,load,0_mobilenet_v2-32,1_resnet101-4,2_resnet152-16,3_resnet34-32
mps-uncap,1.0,10.764598846435547,21.218299865722656,45.183658599853516,9.926795959472656
