mode,load,0_densenet121-32,1_densenet201-16,2_mobilenet_v2-32,3_vgg11-4
mps-uncap,1.0,51.86867713928223,81.46071434020996,15.623807907104492,6.099939346313477
