mode,load,0_densenet121-32,1_densenet201-16,2_mobilenet_v2-32,3_vgg11-4
mps-uncap,1.0,617.0095161830689,196.38229453059276,1888.9086341452485,609.680984393214
