mode,load,0_densenet121-16,1_inception_v3-16,2_mobilenet_v3_small-16
mps-uncap,1.0,15.649204254150392,13.884258270263672,6.997675895690917
