mode,load,0_efficientnet_b7-8,1_resnet101-2,2_vgg19-4
mps-uncap,1.0,38.210182189941406,16.64871215820313,7.5984930992126465
