mode,load,0_densenet169-2,1_densenet169-2,2_vgg19-32
mps-uncap,1.0,58.66432189941406,50.74024200439453,22.506237030029297
