mode,load,0_alexnet-8,1_densenet169-8
mps-uncap,1.0,1.6324520111083984,13.943910598754883
