mode,load,0_efficientnet_b6-4,1_mobilenet_v2-32,2_resnet152-4,3_resnet34-32
mps-uncap,1.0,43.09570789337158,11.337041854858398,34.44314002990723,13.79847526550293
