mode,load,0_efficientnet_b6-4,1_mobilenet_v2-32,2_resnet152-4,3_resnet34-32
mps-uncap,1.0,44.472599029541016,12.170076370239258,36.20939254760742,14.789271354675295
