mode,load,0_alexnet-32,1_densenet201-16,2_resnet18-4
mps-uncap,1.0,2.6412010192871094,19.267559051513672,2.0225048065185547
