mode,load,0_densenet121-4,1_mobilenet_v2-32,2_mobilenet_v2-32,3_squeezenet1_0-2
mps-uncap,1.0,26.649308204650875,14.196758270263674,14.168534278869629,10.373768806457523
