mode,load,0_densenet201-32,1_inception_v3-4,2_mobilenet_v2-32,3_mobilenet_v3_small-4
mps-uncap,1.0,59.88722324371338,22.03298330307007,16.95888042449951,14.316244125366207
