mode,load,0_alexnet-2,1_efficientnet_b5-8,2_resnet152-8
mps-uncap,1.0,1642.1223140612847,437.9327407390449,421.33827690981303
