mode,load,0_resnet34-32,1_resnet50-32
mps-uncap,1.0,15.828609466552734,19.446134567260742
