mode,load,0_resnet34-32,1_resnet50-32
mps-uncap,1.0,14.20283317565918,16.66712760925293
