mode,load,0_alexnet-8,1_resnet101-4
mps-uncap,1.0,6454.892967582464,494.8939168105673
