mode,load,0_densenet201-4,1_mobilenet_v2-32,2_resnet101-16,3_resnet101-32
mps-uncap,1.0,89.00022506713867,23.769140243530273,49.078941345214844,51.58400535583496
