mode,load,0_densenet201-4,1_mobilenet_v2-32,2_resnet101-16,3_resnet101-32
mps-uncap,1.0,80.78155517578125,20.195841789245605,42.24381446838379,45.85082530975342
