mode,load,0_densenet201-32,1_mobilenet_v2-2,2_mobilenet_v2-32,3_mobilenet_v3_large-8
mps-uncap,1.0,61.89570426940918,9.992027282714846,16.874361038208008,16.71442985534668
