mode,load,0_llama-8,1_llama-4,2_bert-32,3_densenet201-2
mps-uncap,1.0,257.5962543487549,127.3355484008789,25.6650447845459,31.48627281188965
