mode,load,0_llama-8,1_llama-4,2_bert-32,3_densenet201-2
mps-uncap,1.0,508.3599090576172,253.38809490203857,27.61709690093994,43.799543380737305
