mode,load,0_densenet201-2,1_resnet34-32
mps-uncap,1.0,19.38033103942871,8.002281188964844
