mode,load,0_efficientnet_b5-2,1_efficientnet_b5-2
mig,1.0,24.26767349243164,19.278335571289062
