mode,load,0_efficientnet_b5-2,1_efficientnet_b5-2
mig,1.0,232.19210516458088,223.5455932219085
