mode,load,0_alexnet-16,1_densenet161-32,2_mobilenet_v2-32,3_resnet34-4
mps-uncap,1.0,7.066965103149414,76.28378868103027,22.049903869628906,21.33414745330811
