mode,load,0_alexnet-16,1_densenet161-32,2_mobilenet_v2-32,3_resnet34-4
mps-uncap,1.0,9.567117691040039,77.40461349487305,24.79557991027832,24.070091247558594
