mode,load,0_alexnet-16,1_densenet161-32,2_mobilenet_v2-32,3_resnet34-4
mps-uncap,1.0,7.067203521728516,76.28402709960938,22.049903869628906,21.33438587188721
