mode,load,0_densenet169-32,1_resnet18-16,2_vgg13-16
mps-uncap,1.0,0.000476837158203125,0.000476837158203125,0.000476837158203125
