mode,load,0_densenet169-32,1_resnet18-16,2_vgg13-16
mps-uncap,1.0,341.2069101246336,1124.247811638765,1437.5699580792386
