mode,load,0_mobilenet_v3_small-2,1_resnet152-4,2_vgg11-4
mps-uncap,1.0,681.4671006311323,254.78970132146875,1520.859129141149
