mode,load,0_inception_v3-4,1_mobilenet_v2-32,2_mobilenet_v3_small-2,3_resnet101-32
mps-uncap,1.0,168.3903755668919,2760.4649598144056,235.79702276155936,1021.8971937547761
