mode,load,0_efficientnet_b6-32,1_mobilenet_v2-32,2_resnet101-32,3_resnet152-8
mps-uncap,1.0,92.27218627929688,24.19447898864746,56.906843185424805,75.52084922790527
