mode,load,0_mobilenet_v2-16,1_vgg13-2,2_vgg19-32
mps-uncap,1.0,26.44476890563965,20.334482192993164,26.3946533203125
