mode,load,0_densenet121-2,1_resnet34-4,2_squeezenet1_0-16
mps-uncap,1.0,10.174036026000977,4.291534423828125,3.509998321533203
