mode,load,0_densenet169-32,1_mobilenet_v2-32,2_mobilenet_v3_small-2,3_resnet152-8
mps-uncap,1.0,46.738386154174805,10.097265243530273,7.052183151245117,35.92562675476074
