mode,load,0_densenet169-32,1_mobilenet_v2-32,2_mobilenet_v3_small-2,3_resnet152-8
mps-uncap,1.0,682.2185253894933,3013.6396999381914,272.3127663606981,224.2623266744609
