mode,load,0_efficientnet_b5-2,1_efficientnet_b7-32,2_resnet101-16
mps-uncap,1.0,45.91479301452637,68.34526062011719,36.9260311126709
