mode,load,0_densenet169-16,1_densenet169-8
mps-uncap,1.0,16.122102737426758,15.406036376953125
