mode,load,0_densenet169-16,1_densenet169-8
mps-uncap,1.0,15.901565551757812,15.043973922729492
