mode,load,0_mobilenet_v2-32,1_resnet152-32,2_resnet34-4,3_squeezenet1_0-2
mps-uncap,1.0,20.63918113708496,60.26458740234375,20.363569259643555,15.161991119384766
