mode,load,0_resnet152-8,1_squeezenet1_1-4
mps-uncap,1.0,0.004291534423828125,0.0007152557373046875
