mode,load,0_resnet152-8,1_squeezenet1_1-4
mps-uncap,1.0,10.125160217285156,1.2352466583251953
