mode,load,0_inception_v3-16,1_mobilenet_v2-32,2_mobilenet_v2-32,3_mobilenet_v2-4
mps-uncap,1.0,28.40293884277344,16.28553867340088,16.2581205368042,14.320688247680668
