mode,load,0_alexnet-32,1_densenet161-32,2_mobilenet_v2-32,3_resnet34-4
mps-uncap,1.0,6.69546127319336,74.87673759460449,19.61691379547119,20.82576751708984
