mode,load,0_inception_v3-4,1_resnet50-16
mps-uncap,1.0,10.463833808898926,7.401466369628906
