mode,load,0_inception_v3-4,1_resnet50-16
mps-uncap,1.0,10.934114456176758,7.468340396881103
