mode,load,0_inception_v3-32,1_mobilenet_v2-16,2_mobilenet_v2-32,3_resnet18-32
mps-uncap,1.0,40.60111045837402,15.94781875610352,17.222087383270267,13.79953384399414
