mode,load,0_inception_v3-32,1_mobilenet_v2-16,2_mobilenet_v2-32,3_resnet18-32
mps-uncap,1.0,37.96219825744629,12.136459350585938,14.04428482055664,10.805368423461914
