mode,load,0_densenet121-32,1_densenet169-32,2_inception_v3-2,3_mobilenet_v2-32
mps-uncap,1.0,46.02503776550293,63.86613845825195,35.27641296386719,21.205902099609375
