mode,load,0_densenet121-32,1_densenet169-32,2_inception_v3-2,3_mobilenet_v2-32
mps-uncap,1.0,43.77484321594238,61.414480209350586,30.385732650756836,16.18027687072754
