mode,load,0_densenet169-8,1_vgg16-16,2_vgg19-2
mps-uncap,1.0,82.23319053649902,13.490676879882812,14.725208282470703
