mode,load,0_densenet169-8,1_vgg16-16,2_vgg19-2
mps-uncap,1.0,74.10597801208496,11.780261993408203,11.846423149108887
