mode,load,0_efficientnet_b5-4,1_mobilenet_v2-32,2_resnet34-32,3_vgg19-2
mps-uncap,1.0,42.333245277404785,12.866616249084473,15.882492065429688,7.7277421951293945
