mode,load,0_densenet201-4,1_inception_v3-8,2_mobilenet_v3_large-16
mps-uncap,1.0,19.477331638336178,10.100669860839844,4.627974033355712
