mode,load,0_mobilenet_v2-32,1_resnet101-32,2_resnet18-8,3_vgg16-2
mps-uncap,1.0,14.353036880493164,41.710853576660156,9.427547454833984,7.647037506103516
