mode,load,0_mobilenet_v2-32,1_resnet101-32,2_resnet18-8,3_vgg16-2
mps-uncap,1.0,18.452882766723633,45.432329177856445,15.115976333618164,12.873411178588867
