mode,load,0_inception_v3-32,1_mobilenet_v2-2,2_mobilenet_v2-32,3_resnet50-2
mps-uncap,1.0,15.475749969482422,3.044605255126953,7.574319839477539,6.102323532104492
