mode,load,0_inception_v3-32,1_mobilenet_v2-2,2_mobilenet_v2-32,3_resnet50-2
mps-uncap,1.0,1392.900627559869,329.91930350663154,3482.988140340011,217.67235053076516
