mode,load,0_densenet169-2,1_efficientnet_b5-4,2_efficientnet_b5-4
mps-uncap,1.0,10.689020156860352,10.807156562805176,10.796785354614258
