mode,load,0_densenet161-8,1_resnet34-16,2_squeezenet1_1-8
mps-uncap,1.0,24.250030517578125,9.915351867675781,5.222558975219727
