mode,load,0_densenet161-8,1_resnet34-16,2_squeezenet1_1-8
mps-uncap,1.0,22.529191970825195,8.600695133209229,4.754023551940917
