mode,load,0_densenet161-8,1_resnet34-16,2_squeezenet1_1-8
mps-uncap,1.0,368.1165485897133,2181.206980288294,2583.522839348151
