mode,load,0_densenet121-16,1_densenet201-2
mps-uncap,1.0,11.577844619750977,16.591310501098633
