mode,load,0_densenet121-16,1_densenet201-2
mps-uncap,1.0,10.29062271118164,15.80235958099365
