mode,load,0_densenet121-16,1_densenet201-2
mps-uncap,1.0,10.446350574493408,16.26772403717041
