mode,load,0_alexnet-4,1_squeezenet1_1-32,2_vgg13-32
mps-uncap,1.0,3.7584304809570312,18.56517791748047,18.541336059570312
