mode,load,0_efficientnet_b7-2,1_mobilenet_v2-32,2_mobilenet_v3_small-16,3_vgg16-32
mps-uncap,1.0,131.28185272216797,28.487682342529297,25.7338285446167,25.676488876342773
