mode,load,0_densenet201-4,1_inception_v3-4
mps-uncap,1.0,12.433052062988281,5.330705642700195
