mode,load,0_densenet201-4,1_inception_v3-4
mps-uncap,1.0,12.730159759521484,5.517735481262206
