mode,load,0_inception_v3-2,1_inception_v3-32,2_mobilenet_v2-32,3_resnet34-8
mps-uncap,1.0,26.307344436645508,36.57245635986328,17.37046241760254,18.475055694580078
