mode,load,0_densenet121-32,1_resnet18-2,2_squeezenet1_1-2
mps-uncap,1.0,20.00586986541748,6.295919418334961,5.62412738800049
