mode,load,0_densenet121-32,1_resnet18-2,2_squeezenet1_1-2
mps-uncap,1.0,0.000476837158203125,0.000476837158203125,0.000476837158203125
