mode,load,0_squeezenet1_0-2,1_squeezenet1_1-32
mps-uncap,1.0,2.846240997314453,3.9090609550476074
