mode,load,0_squeezenet1_0-2,1_squeezenet1_1-32
mps-uncap,1.0,2.016305923461914,3.8471221923828125
