mode,load,0_efficientnet_b6-32,1_mobilenet_v3_large-2
mps-uncap,1.0,37.429046630859375,11.646080017089846
