mode,load,0_densenet121-16,1_inception_v3-32,2_mobilenet_v2-32,3_resnet34-32
mps-uncap,1.0,45.91941833496094,40.82369804382324,18.75448226928711,23.026227951049805
