mode,load,0_densenet121-16,1_vgg13-8
mps-uncap,1.0,31.86955451965332,6.536006927490234
