mode,load,0_densenet121-16,1_vgg13-8
mps-uncap,1.0,518.8054023759016,1448.941643008252
