mode,load,0_densenet121-32,1_inception_v3-16,2_mobilenet_v2-32,3_vgg13-2
mps-uncap,1.0,43.8380241394043,35.26604175567627,16.70298576354981,7.8158617019653365
