mode,load,0_mobilenet_v2-4,1_vgg16-32
mps-uncap,1.0,17.876815795898438,19.97690200805664
