mode,load,0_efficientnet_b6-16,1_resnet34-32
mps-uncap,1.0,25.856971740722656,9.477853775024414
