mode,load,0_densenet161-4,1_resnet152-32,2_squeezenet1_0-2
mps-uncap,1.0,31.754732131958008,31.690502166748047,7.390165328979492
