mode,load,0_mobilenet_v2-32,1_resnet101-32,2_resnet50-4,3_vgg16-2
mps-uncap,1.0,1886.365055425857,705.1468662111387,205.2533919909301,237.2401199447114
