mode,load,0_squeezenet1_1-16,1_vgg16-8
mps-uncap,1.0,2486.6542096947037,1243.0453961211117
