mode,load,0_efficientnet_b5-8,1_inception_v3-8,2_mobilenet_v3_large-16
mps-uncap,1.0,17.183542251586914,11.763215065002441,4.840373992919922
