mode,load,0_densenet169-2,1_vgg19-2
mps-uncap,1.0,12.223262786865236,2.8136420249938965
