mode,load,0_alexnet-4,1_mobilenet_v3_large-8,2_squeezenet1_1-2
mps-uncap,1.0,0.7581710815429688,2.8128623962402344,1.0936260223388672
