mode,load,0_densenet121-32,1_mobilenet_v2-32,2_resnet101-8,3_resnet101-8
mps-uncap,1.0,48.00224304199219,23.22244644165039,39.00790214538574,38.37108612060547
