mode,load,0_densenet121-32,1_mobilenet_v2-32,2_resnet101-8,3_resnet101-8
mps-uncap,1.0,47.312355041503906,21.45040988922119,37.40739822387695,37.48093843460083
