mode,load,0_densenet161-16,1_vgg16-4
mps-uncap,1.0,476.57554204460996,822.2282672251524
