mode,load,0_alexnet-4,1_vgg19-16
mps-uncap,1.0,6.03968620300293,12.82963752746582
