mode,load,0_densenet169-2,1_resnet101-16,2_resnet152-32
mps-uncap,1.0,61.654750579978376,643.4126208893538,817.8776063529148
