mode,load,0_efficientnet_b6-16,1_efficientnet_b7-32
mps-uncap,1.0,57.18540668487549,72.00624465942383
