mode,load,0_efficientnet_b6-16,1_efficientnet_b7-32
mps-uncap,1.0,44.26908493041992,53.30324172973633
