mode,load,0_efficientnet_b6-16,1_efficientnet_b7-32
mps-uncap,1.0,52.24621295928955,68.26305389404297
