mode,load,0_densenet169-32,1_mobilenet_v2-32,2_resnet152-2,3_resnet18-2
mps-uncap,1.0,49.382567405700684,17.36588478088379,37.1565055847168,11.464576721191406
