mode,load,0_alexnet-2,1_mobilenet_v2-32,2_resnet50-16,3_resnet50-32
mps-uncap,1.0,5.719494819641114,22.162699699401855,27.577781677246094,30.572867393493652
