mode,load,0_densenet201-4,1_densenet201-8,2_mobilenet_v2-32,3_vgg19-32
mps-uncap,1.0,141.44670963287354,143.516252040863,32.951152324676514,32.69463777542114
