mode,load,0_efficientnet_b5-8,1_squeezenet1_1-32,2_vgg19-32
mps-uncap,1.0,90.49415588378906,22.180557250976562,25.980710983276367
