mode,load,0_efficientnet_b5-4,1_vgg11-4
mps-uncap,1.0,15.845417976379395,2.3169517517089844
