mode,load,0_densenet169-2,1_resnet152-8
mps-uncap,1.0,12.536764144897461,12.566804885864258
