mode,load,0_inception_v3-4,1_mobilenet_v2-32,2_resnet152-2,3_resnet18-32
mps-uncap,1.0,24.70850944519043,12.420892715454102,33.864736557006836,10.210037231445312
