mode,load,0_alexnet-4,1_efficientnet_b6-8,2_vgg11-16
mps-uncap,1.0,5.4291582107543945,57.824802398681626,8.075904846191406
