mode,load,0_densenet201-8,1_vgg16-4
mps-uncap,1.0,24.787449836730957,4.3959856033325195
