mode,load,0_densenet169-8,1_inception_v3-32,2_mobilenet_v2-32,3_resnet50-8
mps-uncap,1.0,48.94458055496216,35.08835315704346,17.057075500488278,18.87845993041993
