mode,load,0_efficientnet_b6-32,1_efficientnet_b6-32,2_efficientnet_b6-32,3_efficientnet_b6-32
mig,1.0,163.30684423446652,137.750825881958,137.70523071289062,161.85717821121216
