mode,load,0_efficientnet_b6-32,1_efficientnet_b6-32,2_efficientnet_b6-32,3_efficientnet_b6-32
mig,1.0,269.34499387884733,321.65587162777007,317.114391852391,267.6943071636102
