mode,load,0_efficientnet_b5-8,1_efficientnet_b6-32,2_squeezenet1_0-4
mps-uncap,1.0,38.90688419342041,49.072909355163574,9.553718566894533
