mode,load,0_efficientnet_b5-8,1_efficientnet_b6-32,2_squeezenet1_0-4
mps-uncap,1.0,41.376590728759766,50.54330825805664,12.087106704711914
