mode,load,0_efficientnet_b5-8,1_efficientnet_b6-32,2_squeezenet1_0-4
mps-uncap,1.0,40.237250328063965,49.50076341629028,10.983552932739256
