mode,load,0_resnet152-16,1_inception_v3-16,2_vgg11-8
mps-uncap,1.0,51.60067081451416,31.3373327255249,6.506180763244629
mig,1.0,31.74715042114258,18.042731285095215,12.241649627685549
