mode,load,0_densenet169-8,1_efficientnet_b6-4,2_mobilenet_v3_small-2
mps-uncap,1.0,13.124227523803711,13.577713966369629,3.1041336059570312
