mode,load,0_densenet169-8,1_efficientnet_b6-4,2_mobilenet_v3_small-2
mps-uncap,1.0,12.755393981933594,12.923002243041992,2.4073123931884766
