mode,load,0_vgg16-2,1_vgg16-2
mig,1.0,8.672237396240234,8.051156997680664
