mode,load,0_vgg16-2,1_vgg16-2
mig,1.0,624.2650840565057,505.49275354588985
