mode,load,0_densenet201-2,1_squeezenet1_0-16
mps-uncap,1.0,17.88151264190674,3.244638442993164
