mode,load,0_mobilenet_v3_large-32,1_resnet34-4
mps-uncap,1.0,5.805730819702148,4.62954044342041
