mode,load,0_densenet121-8,1_densenet201-2,2_mobilenet_v2-32,3_resnet50-32
mps-uncap,1.0,25.83026885986328,27.75740623474121,11.178016662597656,20.35832405090332
