mode,load,0_mobilenet_v3_small-32,1_resnet152-4,2_vgg13-2
mps-uncap,1.0,5.749940872192383,19.64120864868164,3.0312538146972656
