mode,load,0_mobilenet_v2-32,1_mobilenet_v3_large-8,2_resnet101-16,3_vgg11-32
mps-uncap,1.0,29.706239700317383,34.2620849609375,75.84915161132812,15.247583389282227
