mode,load,0_mobilenet_v2-32,1_mobilenet_v3_large-8,2_resnet101-16,3_vgg11-32
mps-uncap,1.0,20.054101943969727,17.612695693969727,12.79449462890625,12.058496475219727
