mode,load,0_mobilenet_v2-32,1_mobilenet_v3_large-8,2_resnet101-16,3_vgg11-32
mps-uncap,1.0,1153.4541257866113,264.32786966936095,223.32229667866136,2281.2051032422905
