mode,load,0_mobilenet_v2-4,1_mobilenet_v3_large-2,2_vgg11-4
mps-uncap,1.0,3.5529136657714844,3.762960433959961,2.7306079864501953
