mode,load,0_mobilenet_v2-4,1_mobilenet_v3_large-2,2_vgg11-4
mps-uncap,1.0,2.3136138916015625,2.7456283569335938,2.0775794982910156
