mode,load,0_alexnet-2,1_densenet169-2
mps-uncap,1.0,1.8575191497802734,11.472225189208984
