mode,load,0_inception_v3-4,1_mobilenet_v2-32,2_mobilenet_v2-4,3_resnet18-32
mps-uncap,1.0,35.66098213195801,21.645307540893555,19.872665405273438,19.328594207763672
