mode,load,0_mobilenet_v3_large-8,1_vgg19-8
mps-uncap,1.0,5.443096160888672,6.576776504516602
