mode,load,0_mobilenet_v2-32,1_resnet101-2,2_resnet34-32,3_vgg13-2
mps-uncap,1.0,13.439416885375977,27.311086654663086,16.669511795043945,7.325649261474609
