mode,load,0_resnet50-8,1_vgg11-4
mps-uncap,1.0,7.897138595581055,2.709627151489258
