mode,load,0_densenet121-2,1_inception_v3-16,2_vgg13-32
mps-uncap,1.0,48.71344566345215,50.28831958770752,16.56949520111084
