mode,load,0_densenet121-2,1_inception_v3-16,2_vgg13-32
mps-uncap,1.0,42.98072424074272,318.1859006589628,1914.395278586574
