mode,load,0_alexnet-32,1_densenet169-16,2_mobilenet_v2-32,3_resnet101-32
mps-uncap,1.0,6154.533897524714,226.3655032751268,1899.6748030536216,701.6017800127905
