mode,load,0_densenet201-4,1_mobilenet_v3_small-32,2_vgg13-32
mps-uncap,1.0,70.67990303039551,8.62431526184082,15.497684478759766
