mode,load,0_mobilenet_v2-32,1_squeezenet1_1-4,2_vgg11-32,3_vgg13-4
mps-uncap,1.0,30.5985426902771,22.77261734008789,16.287708282470703,18.050270080566403
