mode,load,0_densenet169-32,1_efficientnet_b7-8,2_mobilenet_v2-32,3_resnet50-8
mps-uncap,1.0,57.8463077545166,25.021076202392578,11.07478141784668,10.008573532104492
