mode,load,0_alexnet-4,1_densenet161-16,2_resnet18-16
mps-uncap,1.0,1.6347169876098633,31.625986099243164,4.873871803283691
