mode,load,0_alexnet-4,1_densenet161-16,2_resnet18-16
mps-uncap,1.0,0.9992122650146484,29.285669326782227,3.763437271118164
