mode,load,0_alexnet-4,1_densenet161-16,2_resnet18-16
mps-uncap,1.0,3.714425563812256,32.66792297363281,7.911767959594727
