mode,load,0_densenet201-2,1_densenet201-2,2_densenet201-2,3_densenet201-2
mig,1.0,12.451887130737305,12.186050415039062,12.163162231445312,14.88637924194336
