mode,load,0_alexnet-8,1_vgg16-8,2_vgg19-2
mps-uncap,1.0,6.316423416137695,10.709524154663086,10.599851608276367
