mode,load,0_alexnet-8,1_vgg16-8,2_vgg19-2
mps-uncap,1.0,3.5898685455322266,8.196234703063965,8.606910705566406
