mode,load,0_densenet169-32,1_efficientnet_b6-8,2_mobilenet_v2-32,3_vgg13-2
mps-uncap,1.0,66.3292407989502,57.322144508361816,14.763116836547852,5.68699836730957
