mode,load,0_alexnet-8,1_vgg16-8
mps-uncap,1.0,2.7129650115966797,6.385087966918945
