mode,load,0_densenet161-32,1_inception_v3-2,2_mobilenet_v2-32,3_mobilenet_v3_large-32
mps-uncap,1.0,75.98036289215088,37.41315841674805,24.265108108520508,26.28294944763184
