mode,load,0_efficientnet_b5-4,1_resnet34-2
mps-uncap,1.0,10.043625831604006,2.5968551635742188
