mode,load,0_densenet169-32,1_efficientnet_b7-8,2_mobilenet_v2-32,3_resnet152-8
mps-uncap,1.0,67.57354736328125,74.4168758392334,23.347139358520508,54.35800552368164
