mode,load,0_densenet169-32,1_densenet169-8,2_densenet201-8,3_mobilenet_v2-32
mps-uncap,1.0,55.11832237243652,47.341346740722656,55.66756725311279,18.958091735839844
