mode,load,0_llama-8,1_llama-4,2_bert-8,3_efficientnet_b5-32
mps-uncap,1.0,594.890546798706,300.7483959197998,23.8739013671875,43.419766426086426
