mode,load,0_llama-8,1_llama-4,2_bert-8,3_efficientnet_b5-32
mps-uncap,1.0,598.2742309570312,304.842472076416,25.912761688232422,44.28410530090332
