mode,load,0_efficientnet_b5-32,1_efficientnet_b6-2,2_mobilenet_v2-32,3_resnet152-32
mps-uncap,1.0,62.66665458679199,47.14488983154297,12.559890747070312,59.38458442687988
