mode,load,0_mobilenet_v2-8,1_resnet101-4
mps-uncap,1.0,2.2666454315185547,5.717277526855469
