mode,load,0_mobilenet_v2-8,1_resnet101-4
mps-uncap,1.0,2.8133392333984375,7.238340377807618
