mode,load,0_densenet161-16,1_mobilenet_v3_large-8,2_squeezenet1_0-2
mps-uncap,1.0,19.538164138793945,3.126382827758789,1.468658447265625
