mode,load,0_densenet201-32,1_efficientnet_b7-32,2_inception_v3-16,3_mobilenet_v2-32
mps-uncap,1.0,102.33330726623535,100.34680366516113,45.37463188171387,17.206907272338867
