mode,load,0_efficientnet_b5-16,1_inception_v3-32,2_vgg16-4
mps-uncap,1.0,0.0002384185791015625,0.0002384185791015625,0.0002384185791015625
