mode,load,0_inception_v3-8,1_inception_v3-8
mig,1.0,5.838632583618164,7.109642028808594
mps-uncap,1.0,6.18433952331543,6.188154220581055
