mode,load,0_inception_v3-8,1_inception_v3-8
mig,1.0,5.985496044158935,7.262468338012695
