mode,load,0_inception_v3-8,1_inception_v3-8
mig,1.0,6.819486618041992,7.48896598815918
