mode,load,0_densenet201-32,1_mobilenet_v2-32,2_mobilenet_v2-32,3_mobilenet_v3_small-8
mps-uncap,1.0,71.84648513793945,13.686776161193848,13.67342472076416,11.046648025512695
