mode,load,0_bert-8,1_mobilenet_v2-2
mps-uncap,1.0,8.212089538574219,2.6273727416992188
