mode,load,0_resnet101-16,1_resnet101-16
mig,1.0,20.160675048828125,16.893625259399414
