mode,load,0_densenet169-32,1_efficientnet_b5-4,2_efficientnet_b6-16
mps-uncap,1.0,42.868614196777344,28.26690673828125,37.18292713165283
