mode,load,0_efficientnet_b6-8,1_mobilenet_v2-4
mps-uncap,1.0,13.765931129455566,2.440214157104492
