mode,load,0_resnet101-8,1_resnet152-32,2_vgg16-32
mps-uncap,1.0,80.93559741973877,137.64081001281738,25.029277801513675
