mode,load,0_densenet161-32,1_densenet169-2,2_densenet169-32,3_mobilenet_v2-32
mps-uncap,1.0,71.98739051818848,60.433149337768555,70.0063705444336,24.766206741333008
