mode,load,0_densenet161-32,1_densenet169-2,2_densenet169-32,3_mobilenet_v2-32
mps-uncap,1.0,69.4084644317627,57.88002014160157,67.18521118164062,18.67821216583252
