mode,load,0_densenet121-2,1_efficientnet_b6-8,2_resnet101-4
mps-uncap,1.0,11.808762550354004,18.032407760620117,9.963111877441406
