mode,load,0_densenet121-2,1_efficientnet_b6-8,2_resnet101-4
mps-uncap,1.0,0.000476837158203125,0.000476837158203125,0.000476837158203125
