mode,load,0_densenet121-2,1_efficientnet_b6-8,2_resnet101-4
mps-uncap,1.0,10.387897491455078,17.368793487548828,8.656740188598633
