mode,load,0_inception_v3-16,1_densenet121-8,2_densenet169-4
mps-uncap,1.0,11.08860969543457,12.23444938659668,17.69101619720459
mig,1.0,11.618375778198242,14.542579650878906,16.96014404296875
