mode,load,0_vgg19-32,1_densenet201-2,2_vgg11-8
mps-uncap,1.0,31.287789344787598,152.59575843811035,20.17514705657959
mig,1.0,50.21986961364746,21.261930465698242,12.112617492675781
