mode,load,0_vgg19-32,1_densenet201-2,2_vgg11-8
mps-uncap,1.0,0.000476837158203125,0.0007152557373046875,0.0007152557373046875
mig,1.0,0.000476837158203125,0.00095367431640625,0.000476837158203125
