mode,load,0_densenet121-32,1_inception_v3-8,2_mobilenet_v2-32,3_vgg19-8
mps-uncap,1.0,61.08131408691406,45.096588134765625,21.561574935913086,14.651966094970703
