mode,load,0_mobilenet_v2-32,1_resnet152-16,2_resnet18-32,3_squeezenet1_1-4
mps-uncap,1.0,11.447668075561523,45.830726623535156,7.785320281982422,1.88446044921875
