mode,load,0_efficientnet_b5-32,1_efficientnet_b7-32
mps-uncap,1.0,61.461639404296875,86.47246360778809
