mode,load,0_densenet121-32,1_efficientnet_b7-8,2_mobilenet_v2-32,3_mobilenet_v3_large-2
mps-uncap,1.0,43.254661560058594,63.87188673019409,20.206642150878903,18.36175441741943
