mode,load,0_densenet121-32,1_efficientnet_b7-8,2_mobilenet_v2-32,3_mobilenet_v3_large-2
mps-uncap,1.0,41.832923889160156,56.31422996520996,12.209177017211914,10.219216346740723
