mode,load,0_efficientnet_b7-8,1_resnet101-4
mps-uncap,1.0,20.407629013061523,10.33470630645752
