mode,load,0_mobilenet_v2-32,1_resnet101-2,2_resnet18-8,3_resnet50-32
mps-uncap,1.0,19.01557445526123,33.29277038574219,13.93070220947266,25.975513458251953
