mode,load,0_mobilenet_v2-32,1_resnet101-2,2_resnet18-8,3_resnet50-32
mps-uncap,1.0,11.589527130126953,17.320632934570312,2.5959014892578125,17.162084579467773
