mode,load,0_densenet201-32,1_mobilenet_v2-32,2_mobilenet_v3_small-4,3_resnet101-8
mps-uncap,1.0,61.26127243041992,13.850975036621094,10.896682739257812,27.74674892425537
