mode,load,0_mobilenet_v2-16,1_mobilenet_v2-32,2_resnet34-32,3_resnet34-8
mps-uncap,1.0,17.76266098022461,20.110368728637695,22.768259048461914,20.544052124023438
