mode,load,0_mobilenet_v2-16,1_mobilenet_v2-32,2_resnet34-32,3_resnet34-8
mps-uncap,1.0,14.12808895111084,16.095590591430664,20.082616806030273,17.272377014160153
