mode,load,0_inception_v3-4,1_squeezenet1_0-32
mps-uncap,1.0,7.981777191162109,5.8269500732421875
