mode,load,0_inception_v3-4,1_squeezenet1_0-32
mps-uncap,1.0,329.99267595626003,5279.585105380599
