mode,load,0_densenet169-8,1_vgg19-8
mps-uncap,1.0,33.281660079956055,7.5481414794921875
