mode,load,0_inception_v3-32,1_mobilenet_v2-32,2_resnet101-2,3_vgg13-8
mps-uncap,1.0,25.419950485229492,14.467477798461914,23.416996002197266,6.058216094970703
