mode,load,0_resnet34-8,1_resnet34-8,2_resnet34-8,3_resnet34-8
mig,0.1,6.374120712280273,6.464481353759766,6.463527679443359,12.514114379882812
mig,0.3,6.359100341796875,6.449222564697266,6.453990936279297,12.502193450927734
mig,0.4,6.362676620483398,6.454706192016602,6.462335586547852,12.501835823059082
mig,0.5,6.5155029296875,6.498098373413086,6.46209716796875,12.564897537231445
mig,0.6,8.706450462341309,7.569313049316406,8.123397827148438,15.528202056884766
mig,0.7,10.16688346862793,10.675907135009766,10.601997375488281,20.383358001708984
mig,0.8,13.632059097290039,13.436436653137207,13.896822929382324,24.3988037109375
mig,0.9,22.98283576965332,25.610804557800293,20.750761032104492,46.25141620635986
mig,1.0,136.54303550720215,199.18394088745117,154.1001796722412,726.0105609893799
