mode,load,0_densenet161-8,1_densenet169-16,2_resnet18-4
mps-uncap,1.0,21.949291229248047,22.758007049560547,2.468585968017578
