mode,load,0_densenet161-8,1_densenet169-16,2_resnet18-4
mps-uncap,1.0,22.368907928466797,23.10471534729004,3.898143768310547
