mode,load,0_resnet18-2,1_vgg19-16
mps-uncap,1.0,336.8629375247765,1347.4094673673542
