mode,load,0_densenet201-16,1_efficientnet_b7-2,2_mobilenet_v2-32,3_resnet50-32
mps-uncap,1.0,214.55780475513555,29.961604971055774,2216.595986243147,1478.6013442060746
