mode,load,0_resnet18-32,1_squeezenet1_0-32
mps-uncap,1.0,11.371612548828125,11.368751525878906
