mode,load,0_efficientnet_b7-8,1_inception_v3-8,2_resnet34-4
mps-uncap,1.0,322.0908193290359,711.0142825003603,916.3327252398813
