mode,load,0_resnet50-32,1_vgg11-8
mps-uncap,1.0,1434.1704518066895,1434.0760614268547
