mode,load,0_efficientnet_b7-2,1_squeezenet1_0-32
mps-uncap,1.0,22.17841148376465,5.755186080932617
