mode,load,0_mobilenet_v2-2,1_mobilenet_v2-32,2_mobilenet_v2-32,3_resnet152-4
mps-uncap,1.0,11.964454650878906,14.712228775024414,14.68264579772949,35.50803184509277
