mode,load,0_squeezenet1_0-32,1_squeezenet1_1-4,2_vgg16-16
mps-uncap,1.0,14.711856842041016,11.992454528808594,14.71257209777832
