mode,load,0_inception_v3-8,1_mobilenet_v2-32,2_resnet34-4,3_vgg19-32
mps-uncap,1.0,60.56952476501465,30.490994453430176,30.90202808380127,30.487895011901855
