mode,load,0_squeezenet1_0-4,1_vgg13-2
mps-uncap,1.0,2.5963783264160156,2.2306442260742188
