mode,load,0_inception_v3-16,1_vgg11-16
mps-uncap,1.0,28.907790184021,7.23576545715332
