mode,load,0_inception_v3-16,1_vgg11-16
mps-uncap,1.0,29.836654663085938,7.677793502807617
