mode,load,0_inception_v3-16,1_vgg11-16
mps-uncap,1.0,28.40442657470703,6.862401962280273
