mode,load,0_inception_v3-4,1_mobilenet_v2-32,2_resnet152-8,3_vgg13-32
mps-uncap,1.0,25.139808654785156,22.246599197387695,93.44983100891113,16.97707176208496
