mode,load,0_resnet152-4,1_resnet152-8
mps-uncap,1.0,11.392383575439453,12.62662649154663
