mode,load,0_vgg11-8,1_vgg16-16,2_vgg19-8
mps-uncap,1.0,15.408849716186523,20.30412197113037,23.749654293060306
