mode,load,0_densenet161-32,1_inception_v3-4,2_mobilenet_v2-32,3_resnet50-2
mps-uncap,1.0,40.720462799072266,14.72616195678711,9.64212417602539,5.927085876464844
