mode,load,0_efficientnet_b5-2,1_resnet50-32,2_vgg19-32
mps-uncap,1.0,120.98383903503418,53.26676368713379,30.795812606811523
