mode,load,0_efficientnet_b5-2,1_mobilenet_v3_small-32
mps-uncap,1.0,9.69696044921875,3.1747817993164062
