mode,load,0_densenet161-4,1_densenet169-32,2_mobilenet_v2-32,3_squeezenet1_0-2
mps-uncap,1.0,43.06602478027344,48.30288887023926,15.244722366333008,11.85917854309082
