mode,load,0_alexnet-16,1_densenet201-2,2_vgg19-4
mps-uncap,1.0,3.1752586364746094,29.68597412109375,5.974006652832031
