mode,load,0_alexnet-16,1_densenet201-2,2_vgg19-4
mps-uncap,1.0,2.4971961975097656,28.612136840820312,5.61213493347168
