mode,load,0_mobilenet_v3_large-16,1_resnet101-4,2_resnet18-16
mps-uncap,1.0,5.777597427368164,11.267542839050293,4.2018890380859375
