mode,load,0_densenet121-32,1_densenet121-4,2_mobilenet_v2-32,3_mobilenet_v3_small-16
mps-uncap,1.0,38.76972198486328,32.84251689910889,18.124103546142578,15.389204025268555
