mode,load,0_densenet121-32,1_densenet121-4,2_mobilenet_v2-32,3_mobilenet_v3_small-16
mps-uncap,1.0,27.70709991455078,16.45350456237793,9.26661491394043,4.212141036987305
