mode,load,0_llama-2,1_densenet121-16,2_mobilenet_v3_large-32
mps-uncap,1.0,112.23450660705566,22.179841995239258,12.831203937530516
