mode,load,0_llama-2,1_densenet121-16,2_mobilenet_v3_large-32
mps-uncap,1.0,0.000476837158203125,0.003337860107421875,0.000476837158203125
