mode,load,0_llama-2,1_densenet121-16,2_mobilenet_v3_large-32
mps-uncap,1.0,112.23474502563477,22.179841995239258,12.831206321716307
