mode,load,0_densenet161-2,1_densenet169-4,2_resnet101-8
mps-uncap,1.0,12.775897979736328,14.07318115234375,9.644651412963867
