mode,load,0_resnet152-2,1_resnet18-8,2_vgg11-16
mps-uncap,1.0,0.0002384185791015625,0.0002384185791015625,0.0002384185791015625
