mode,load,0_alexnet-4,1_densenet161-32,2_inception_v3-16,3_mobilenet_v2-32
mps-uncap,1.0,2.96783447265625,71.07341289520264,35.424232482910156,14.88947868347168
