mode,load,0_alexnet-4,1_densenet161-32,2_inception_v3-16,3_mobilenet_v2-32
mps-uncap,1.0,11.20305061340332,74.5384693145752,43.93935203552246,27.112722396850586
