mode,load,0_squeezenet1_1-4,1_squeezenet1_1-8,2_vgg19-16
mps-uncap,1.0,10.046162605285643,10.631291866302492,13.509359359741214
