mode,load,0_mobilenet_v2-32,1_resnet152-2,2_resnet18-32,3_vgg13-16
mps-uncap,1.0,31.505823135375977,89.92147445678711,26.614904403686523,19.81496810913086
