mode,load,0_densenet121-32,1_mobilenet_v2-32,2_resnet152-16,3_resnet152-8
mps-uncap,1.0,52.25110054016113,26.467323303222656,61.0044002532959,58.81929397583008
