mode,load,0_alexnet-8,1_densenet161-32,2_densenet169-4,3_mobilenet_v2-32
mps-uncap,1.0,5.330061912536621,66.38984680175781,55.62090873718262,17.320990562438965
