mode,load,0_densenet201-4,1_resnet50-2
mps-uncap,1.0,11.797904968261719,2.729177474975586
