mode,load,0_densenet201-4,1_resnet50-2
mps-uncap,1.0,12.640237808227539,3.316640853881836
