mode,load,0_efficientnet_b5-16,1_resnet34-32,2_vgg19-16
mps-uncap,1.0,84.8473072052002,30.547595024108887,17.980051040649414
