mode,load,0_squeezenet1_1-8,1_vgg11-4
mps-uncap,1.0,3055.0190986546763,1550.2665524343427
