mode,load,0_densenet201-16,1_vgg19-4
mps-uncap,1.0,32.94706344604492,6.301403045654297
