mode,load,0_resnet152-2,1_resnet50-8
mps-uncap,1.0,12.115955352783203,6.228923797607422
