mode,load,0_alexnet-8,1_resnet50-4
mps-uncap,1.0,1.1057853698730469,3.265380859375
