mode,load,0_densenet161-32,1_densenet161-8,2_mobilenet_v2-32,3_mobilenet_v3_small-4
mps-uncap,1.0,0.000476837158203125,0.000476837158203125,0.000476837158203125,0.00667572021484375
