mode,load,0_efficientnet_b6-16,1_efficientnet_b6-16,2_efficientnet_b6-16,3_efficientnet_b6-16
mig,1.0,85.17599105834961,69.91851329803467,66.84613227844238,83.77194404602051
