mode,load,0_efficientnet_b6-16,1_efficientnet_b6-16,2_efficientnet_b6-16,3_efficientnet_b6-16
mig,1.0,248.12817914094066,247.86431715422393,247.37614960455878,127.13322882379407
