mode,load,0_densenet121-16,1_efficientnet_b6-8,2_mobilenet_v2-32,3_mobilenet_v2-32
mps-uncap,1.0,429.848629021791,159.78196742719012,1880.4702324561956,1880.4835658326574
