mode,load,0_densenet121-32,1_densenet121-32,2_mobilenet_v2-32,3_resnet152-2
mps-uncap,1.0,26.866912841796875,33.174991607666016,8.092880249023438,34.346818923950195
