mode,load,0_densenet169-32,1_mobilenet_v2-32,2_mobilenet_v3_small-2,3_squeezenet1_1-4
mps-uncap,1.0,44.25311088562012,13.83352279663086,12.805938720703125,10.878324508666992
