mode,load,0_densenet169-8,1_mobilenet_v2-32,2_resnet34-32,3_vgg11-16
mps-uncap,1.0,33.32328796386719,9.26518440246582,20.98679542541504,7.5016021728515625
