mode,load,0_mobilenet_v3_small-4,1_resnet101-2,2_squeezenet1_1-2
mps-uncap,1.0,0.0064373016357421875,0.000476837158203125,0.008106231689453125
