mode,load,0_mobilenet_v2-32,1_mobilenet_v3_large-16,2_resnet50-32,3_vgg19-16
mps-uncap,1.0,38.89036178588867,44.272661209106445,54.50272560119629,28.21183204650879
