mode,load,0_vgg16-32,1_densenet121-4,2_vgg19-2
mps-uncap,1.0,21.73137664794922,47.98483848571777,5.80596923828125
mig,1.0,41.321754455566406,11.79647445678711,7.615089416503906
