mode,load,0_inception_v3-4,1_mobilenet_v2-32,2_resnet50-32,3_vgg11-4
mps-uncap,1.0,41.92634582519531,22.04132080078125,30.035581588745117,12.362527847290039
