mode,load,0_inception_v3-4,1_mobilenet_v2-32,2_resnet50-32,3_vgg11-4
mps-uncap,1.0,45.99905014038086,25.84528923034668,33.31613540649414,13.626575469970703
