mode,load,0_densenet169-4,1_efficientnet_b6-16
mps-uncap,1.0,19.376039505004883,21.828174591064453
