mode,load,0_mobilenet_v2-8,1_vgg13-2
mps-uncap,1.0,3.9027214050292964,2.437591552734375
