mode,load,0_resnet34-4,1_resnet34-4,2_resnet34-4,3_resnet34-4
mig,1.0,4.617214202880859,4.686832427978516,4.676103591918945,8.201837539672852
