mode,load,0_efficientnet_b6-8,1_mobilenet_v2-32,2_resnet34-32,3_resnet34-4
mps-uncap,1.0,54.6670913696289,17.06106185913086,19.813866615295414,16.75148487091064
