mode,load,0_resnet18-16,1_resnet50-8
mps-uncap,1.0,3.0672550201416016,5.530118942260742
