mode,load,0_alexnet-8,1_densenet169-2,2_mobilenet_v2-32,3_resnet50-32
mps-uncap,1.0,8.30841064453125,60.8675479888916,17.127275466918945,25.40731430053711
