mode,load,0_mobilenet_v3_large-2,1_resnet50-2,2_vgg11-4
mps-uncap,1.0,4.343564510345459,5.639936923980713,2.927281856536866
