mode,load,0_densenet201-2,1_squeezenet1_1-4
mps-uncap,1.0,12.67096519470215,1.1887550354003906
