mode,load,0_efficientnet_b6-16,1_mobilenet_v2-32,2_resnet101-8,3_resnet50-32
mps-uncap,1.0,80.68251609802246,19.864916801452637,46.562910079956055,28.780341148376465
