mode,load,0_efficientnet_b6-16,1_mobilenet_v2-32,2_resnet101-8,3_resnet50-32
mps-uncap,1.0,82.78403282165527,23.39005470275879,50.666522979736335,32.4336051940918
