mode,load,0_densenet169-2,1_densenet201-32,2_mobilenet_v2-32,3_resnet34-2
mps-uncap,1.0,41.5191650390625,55.486202239990234,14.188766479492188,14.377593994140625
