mode,load,0_mobilenet_v3_small-32,1_mobilenet_v3_small-32,2_mobilenet_v3_small-32,3_mobilenet_v3_small-32
mig,1.0,8.379220962524414,8.452653884887695,8.115768432617188,12.33673095703125
