mode,load,0_mobilenet_v2-32,1_vgg19-2,2_vgg19-32
mps-uncap,1.0,33.56914520263672,24.758625030517578,27.961230278015137
