mode,load,0_densenet121-32,1_mobilenet_v2-32,2_resnet152-8,3_squeezenet1_1-2
mps-uncap,1.0,0.0021457672119140625,0.004291534423828125,0.000476837158203125,0.0035762786865234375
