mode,load,0_mobilenet_v2-8,1_mobilenet_v3_small-16
mps-uncap,1.0,2.658367156982422,2.6330947875976562
