mode,load,0_densenet201-32,1_mobilenet_v2-32,2_resnet101-32,3_resnet101-4
mps-uncap,1.0,363.10902526248844,2028.3156731200854,751.0611212792877,113.02766022504082
