mode,load,0_alexnet-2,1_mobilenet_v2-16,2_resnet101-2
mps-uncap,1.0,0.6761550903320312,3.9453506469726562,8.645772933959961
