mode,load,0_resnet101-2,1_resnet50-2,2_squeezenet1_0-2
mps-uncap,1.0,0.0002384185791015625,0.0002384185791015625,0.0002384185791015625
mig,1.0,0.0002384185791015625,0.0002384185791015625,0.0002384185791015625
