mode,load,0_densenet201-32,1_efficientnet_b6-16,2_mobilenet_v2-32,3_resnet101-8
mps-uncap,1.0,81.77590370178223,58.22110176086426,12.070417404174805,12.764930725097656
