mode,load,0_alexnet-4,1_squeezenet1_0-16
mps-uncap,1.0,0.7722377777099609,3.3996105194091797
