mode,load,0_efficientnet_b7-16,1_inception_v3-4,2_vgg19-4
mps-uncap,1.0,48.71978759765625,25.053231716156006,10.272741317749023
