mode,load,0_densenet169-8,1_mobilenet_v3_small-16
mps-uncap,1.0,10.104894638061523,2.3512840270996094
