mode,load,0_densenet169-4,1_mobilenet_v2-32,2_mobilenet_v3_large-8,3_resnet18-32
mps-uncap,1.0,40.923166275024414,11.267590522766113,12.162446975708008,9.099650382995607
