mode,load,0_alexnet-16,1_alexnet-16,2_vgg13-8
mps-uncap,1.0,5.0846338272094735,4.917621612548828,7.570695877075195
