mode,load,0_mobilenet_v3_large-32,1_resnet18-4
mps-uncap,1.0,5.288839340209961,1.4715194702148438
