mode,load,0_llama-4,1_llama-4,2_densenet121-8,3_resnet50-4
mps-uncap,1.0,152.0151138305664,151.26328468322754,15.875577926635742,7.66301155090332
