mode,load,0_efficientnet_b7-16,1_efficientnet_b7-16
mig,1.0,189.20180797576904,156.78926706314087
