mode,load,0_efficientnet_b7-32,1_resnet18-4
mps-uncap,1.0,55.76729774475098,10.696172714233398
