mode,load,0_llama-2,1_llama-4,2_llama-2,3_resnet34-4
mps-uncap,1.0,77.71563529968262,149.80364561080933,77.19359397888184,5.535602569580078
