mode,load,0_mobilenet_v2-32,1_mobilenet_v3_small-2,2_resnet18-32,3_squeezenet1_0-4
mps-uncap,1.0,3067.265790226683,250.4402193258243,4006.0425976617403,732.8719260025587
