mode,load,0_mobilenet_v2-8,1_mobilenet_v2-8,2_vgg19-32
mps-uncap,1.0,22.174358367919922,21.85041904449463,24.731063842773438
