mode,load,0_densenet161-32,1_efficientnet_b5-4,2_mobilenet_v2-32,3_vgg16-16
mps-uncap,1.0,134.55462455749512,103.91831398010254,35.19797325134277,23.372888565063477
