mode,load,0_densenet161-32,1_efficientnet_b5-4,2_mobilenet_v2-32,3_vgg16-16
mps-uncap,1.0,251.1386935846368,42.82144224628812,1230.6787173188436,1015.322139818816
