mode,load,0_alexnet-16,1_densenet161-32,2_mobilenet_v2-32,3_resnet50-2
mps-uncap,1.0,2.1195411682128906,60.42909622192383,11.58595085144043,5.1784515380859375
