mode,load,0_densenet161-4,1_densenet201-4,2_inception_v3-32
mps-uncap,1.0,21.042919158935547,23.48618507385254,14.247417449951172
