mode,load,0_densenet161-4,1_densenet201-4,2_inception_v3-32
mps-uncap,1.0,17.679691314697266,12.631416320800781,13.06605339050293
