mode,load,0_densenet161-4,1_densenet201-4,2_inception_v3-32
mps-uncap,1.0,18.98336410522461,22.578716278076172,13.87786865234375
