mode,load,0_alexnet-16,1_densenet161-4
mps-uncap,1.0,2.835512161254883,17.073631286621094
