mode,load,0_alexnet-16,1_densenet161-4
mps-uncap,1.0,1.4417171478271484,11.796236038208008
