mode,load,0_densenet169-16,1_efficientnet_b6-8,2_mobilenet_v2-32,3_vgg19-32
mps-uncap,1.0,155.79625368118286,152.24835395812988,44.31148767471313,34.74329710006713
