mode,load,0_densenet169-16,1_efficientnet_b6-8,2_mobilenet_v2-32,3_vgg19-32
mps-uncap,1.0,156.80432319641113,153.2154083251953,46.37002944946289,37.64533996582031
