mode,load,0_efficientnet_b5-16,1_efficientnet_b6-4,2_resnet152-16
mps-uncap,1.0,0.000476837158203125,0.000476837158203125,0.003337860107421875
