mode,load,0_densenet161-2,1_vgg11-8,2_vgg13-16
mps-uncap,1.0,94.00949478149414,10.20810604095459,12.339973449707031
