mode,load,0_inception_v3-16,1_mobilenet_v2-32,2_resnet34-32,3_vgg13-2
mps-uncap,1.0,37.145328521728516,17.191410064697266,20.597457885742188,8.523082733154299
