mode,load,0_inception_v3-16,1_mobilenet_v2-32,2_resnet34-32,3_vgg13-2
mps-uncap,1.0,37.14556694030762,17.191648483276367,20.59757709503174,8.523273468017582
