mode,load,0_inception_v3-4,1_squeezenet1_0-8
mps-uncap,1.0,6.623506546020508,2.0389556884765625
