mode,load,0_inception_v3-4,1_squeezenet1_0-8
mps-uncap,1.0,0.000476837158203125,0.0054836273193359375
