mode,load,0_densenet201-2,1_mobilenet_v2-32,2_mobilenet_v2-32,3_resnet101-32
mps-uncap,1.0,76.16241693496704,18.60702514648437,18.51150989532471,43.90284538269042
