mode,load,0_densenet201-2,1_mobilenet_v2-32,2_mobilenet_v2-32,3_resnet101-32
mps-uncap,1.0,76.16260528564453,18.607187271118164,18.511588573455814,43.90305280685424
