mode,load,0_densenet169-8,1_mobilenet_v2-32,2_resnet34-32,3_squeezenet1_0-2
mps-uncap,1.0,40.33517837524414,10.742902755737305,13.171911239624023,5.541086196899414
