mode,load,0_densenet169-8,1_mobilenet_v2-32,2_resnet34-32,3_squeezenet1_0-2
mps-uncap,1.0,199.7322986198163,2971.7895070015124,2396.8232188448237,371.41586685936494
