mode,load,0_densenet169-32,1_efficientnet_b6-2,2_efficientnet_b6-2,3_mobilenet_v2-32
mps-uncap,1.0,44.65031623840332,37.296295166015625,37.261152267456055,13.197898864746094
