mode,load,0_mobilenet_v3_small-8,1_vgg16-8
mps-uncap,1.0,6.843805313110352,7.137537002563477
