mode,load,0_densenet161-8,1_mobilenet_v2-32,2_squeezenet1_1-8,3_vgg19-32
mps-uncap,1.0,127.71153450012207,29.563188552856445,17.40407943725586,27.56953239440918
