mode,load,0_mobilenet_v2-32,1_mobilenet_v2-32,2_mobilenet_v3_large-2,3_vgg11-16
mps-uncap,1.0,23.304224014282227,23.395538330078125,24.248361587524414,13.204097747802734
