mode,load,0_inception_v3-2,1_squeezenet1_1-2
mps-uncap,1.0,5.171298980712891,0.9908676147460938
