mode,load,0_inception_v3-2,1_squeezenet1_1-2
mps-uncap,1.0,395.8849698649885,2064.6854000701114
