mode,load,0_alexnet-32,1_mobilenet_v3_large-16
mps-uncap,1.0,0.005245208740234375,0.0064373016357421875
