mode,load,0_alexnet-16,1_inception_v3-2,2_vgg13-8
mps-uncap,1.0,3.605365753173828,21.225929260253906,6.096363067626953
