mode,load,0_resnet152-32,1_squeezenet1_1-4
mps-uncap,1.0,0.0002384185791015625,0.0002384185791015625
