mode,load,0_resnet152-32,1_squeezenet1_1-4
mps-uncap,1.0,28.235316276550293,2.6521682739257812
