mode,load,0_mobilenet_v2-32,1_mobilenet_v3_large-4,2_resnet101-32,3_resnet34-16
mps-uncap,1.0,14.892101287841797,13.567209243774414,40.2982234954834,16.428470611572266
