mode,load,0_densenet161-4,1_mobilenet_v3_small-8,2_vgg19-4
mps-uncap,1.0,13.035774230957031,2.4526119232177734,4.131317138671875
