mode,load,0_densenet161-16,1_squeezenet1_0-2
mps-uncap,1.0,20.382361412048336,4.977357387542724
