mode,load,0_densenet161-16,1_squeezenet1_0-2
mps-uncap,1.0,20.24078369140625,3.082585334777834
