mode,load,0_vgg13-8,1_vgg16-4
mps-uncap,1.0,7.236008644104004,8.47095489501953
