mode,load,0_alexnet-2,1_densenet161-4,2_densenet169-8
mps-uncap,1.0,2.562999725341797,17.80080795288086,17.871856689453125
