mode,load,0_alexnet-2,1_densenet161-4,2_densenet169-8
mps-uncap,1.0,0.000476837158203125,0.000476837158203125,0.000476837158203125
