mode,load,0_densenet121-16,1_mobilenet_v3_large-4,2_mobilenet_v3_small-4
mps-uncap,1.0,11.60883903503418,4.521512985229492,4.152870178222656
