mode,load,0_densenet161-4,1_mobilenet_v3_small-4,2_resnet50-16
mps-uncap,1.0,0.0002384185791015625,0.0002384185791015625,0.0002384185791015625
