mode,load,0_alexnet-8,1_efficientnet_b7-8,2_resnet34-16
mps-uncap,1.0,1.4219284057617188,28.221845626831055,7.668972015380859
