mode,load,0_densenet161-16,1_efficientnet_b5-32,2_resnet18-4
mps-uncap,1.0,57.70611763000488,42.835235595703125,14.35399055480957
