mode,load,0_densenet161-16,1_efficientnet_b5-32,2_resnet18-4
mps-uncap,1.0,49.902915954589844,41.43249988555908,5.846500396728516
