mode,load,0_resnet152-16,1_resnet50-8
mps-uncap,1.0,22.668838500976562,9.237051010131836
