mode,load,0_densenet169-8,1_mobilenet_v2-16,2_mobilenet_v2-32,3_resnet101-32
mps-uncap,1.0,51.590919494628906,6.531238555908203,11.345386505126953,39.246559143066406
