mode,load,0_densenet121-4,1_efficientnet_b7-8,2_mobilenet_v2-32,3_vgg16-32
mps-uncap,1.0,88.65547180175781,158.06889533996582,29.895424842834473,23.351192474365234
