mode,load,0_densenet121-4,1_efficientnet_b7-8,2_mobilenet_v2-32,3_vgg16-32
mps-uncap,1.0,32.126426696777344,121.4756965637207,24.436473846435547,20.479202270507812
