mode,load,0_resnet34-32,1_resnet50-32,2_vgg13-8
mps-uncap,1.0,22.187232971191406,18.759965896606445,6.965398788452148
