mode,load,0_mobilenet_v3_small-32,1_resnet101-4,2_vgg13-32
mps-uncap,1.0,1575.587477158039,87.04145817523745,1865.2393731183788
