mode,load,0_densenet161-4,1_mobilenet_v3_large-4
mps-uncap,1.0,411.85745057778854,1442.958526736421
