mode,load,0_densenet201-16,1_resnet18-32
mps-uncap,1.0,33.170247077941895,6.380748748779297
