mode,load,0_mobilenet_v3_small-4,1_squeezenet1_1-32,2_vgg13-2
mps-uncap,1.0,5.542755126953125,5.496382713317871,3.147602081298828
