mode,load,0_densenet201-32,1_inception_v3-4,2_mobilenet_v2-16,3_mobilenet_v2-32
mps-uncap,1.0,60.682058334350586,17.653226852416992,6.3190460205078125,9.44066047668457
