mode,load,0_densenet201-32,1_inception_v3-4,2_mobilenet_v2-16,3_mobilenet_v2-32
mps-uncap,1.0,67.56534576416016,28.931343555450432,14.4987154006958,15.878682136535646
