mode,load,0_densenet201-32,1_inception_v3-4,2_mobilenet_v2-16,3_mobilenet_v2-32
mps-uncap,1.0,68.02082061767578,31.095266342163086,15.490055084228516,16.740798950195312
