mode,load,0_densenet201-32,1_inception_v3-4,2_mobilenet_v2-16,3_mobilenet_v2-32
mps-uncap,1.0,66.84379577636719,27.213335037231445,12.905526161193851,14.963054656982425
