mode,load,0_efficientnet_b6-4,1_resnet50-8,2_squeezenet1_0-16
mps-uncap,1.0,30.239768028259277,11.17530345916748,5.661530494689941
