mode,load,0_efficientnet_b6-4,1_resnet50-8,2_squeezenet1_0-16
mps-uncap,1.0,29.410123825073242,10.393857955932617,5.381059646606445
