mode,load,0_efficientnet_b6-4,1_resnet50-8,2_squeezenet1_0-16
mps-uncap,1.0,28.771638870239258,9.545683860778809,4.832863807678223
