mode,load,0_efficientnet_b6-16,1_resnet50-16,2_vgg13-4
mps-uncap,1.0,39.80898857116699,13.480424880981445,4.3010711669921875
