mode,load,0_resnet101-32,1_resnet50-2,2_vgg19-16
mps-uncap,1.0,62.84229755401611,29.021921157836918,18.561182022094727
