mode,load,0_densenet161-2,1_mobilenet_v2-32,2_mobilenet_v3_small-16,3_vgg13-32
mps-uncap,1.0,122.73375988006592,38.3617877960205,35.96348762512207,23.885209560394287
