mode,load,0_densenet161-2,1_mobilenet_v2-32,2_mobilenet_v3_small-16,3_vgg13-32
mps-uncap,1.0,19.37697542175786,1082.2716713190166,662.07716785713,1512.2054856593672
