mode,load,0_inception_v3-8,1_mobilenet_v2-32,2_resnet50-2
mps-uncap,1.0,14.125466346740723,6.830930709838867,6.928205490112305
