mode,load,0_inception_v3-8,1_mobilenet_v2-32,2_resnet50-2
mps-uncap,1.0,14.844679832458496,7.321834564208984,7.62021541595459
