mode,load,0_resnet152-32,1_squeezenet1_0-16
mps-uncap,1.0,34.63864326477051,4.626989364624023
