mode,load,0_densenet161-32,1_vgg13-32,2_vgg13-8
mps-uncap,1.0,221.45211696624756,24.655342102050785,22.371768951416016
