mode,load,0_densenet161-32,1_vgg13-32,2_vgg13-8
mps-uncap,1.0,151.1889313592471,1441.97680097406,408.5117907575155
