mode,load,0_efficientnet_b6-4,1_mobilenet_v2-32,2_resnet34-32,3_vgg11-8
mps-uncap,1.0,81.03275299072266,25.059223175048828,29.528379440307617,13.08441162109375
