mode,load,0_densenet169-2,1_vgg11-16,2_vgg13-8
mps-uncap,1.0,24.241770527083553,1659.3035634934756,829.6393418839496
