mode,load,0_mobilenet_v2-2,1_resnet50-32
mps-uncap,1.0,6.9830894470214835,12.365341186523438
