mode,load,0_densenet169-4,1_densenet169-4,2_mobilenet_v2-32,3_resnet34-32
mps-uncap,1.0,37.10126876831055,37.368178367614746,10.502338409423828,12.73965835571289
