mode,load,0_densenet169-4,1_densenet169-4,2_mobilenet_v2-32,3_resnet34-32
mps-uncap,1.0,38.79408836364746,38.99538516998291,11.239767074584961,13.589048385620119
