mode,load,0_densenet161-4,1_densenet201-2,2_vgg19-2
mps-uncap,1.0,21.10910415649414,22.69744873046875,4.821062088012695
