mode,load,0_densenet161-32,1_densenet201-32,2_mobilenet_v2-32,3_resnet50-4
mps-uncap,1.0,81.71725273132324,93.21331977844238,16.858577728271484,18.962502479553223
