mode,load,0_densenet161-32,1_densenet169-2,2_densenet201-16
mps-uncap,1.0,42.86747932434082,35.408711433410645,49.12852764129639
