mode,load,0_densenet121-16,1_efficientnet_b6-4,2_efficientnet_b7-32
mps-uncap,1.0,36.7436408996582,45.069217681884766,65.30964374542236
