mode,load,0_efficientnet_b5-8,1_efficientnet_b6-4,2_mobilenet_v3_large-32
mps-uncap,1.0,22.555017471313477,26.589560508728027,8.464908599853516
