mode,load,0_densenet161-8,1_densenet169-16
mps-uncap,1.0,18.69626760482788,18.595659732818604
