mode,load,0_densenet201-4,1_mobilenet_v2-32,2_resnet34-2,3_resnet34-32
mps-uncap,1.0,48.87692928314209,11.211895942687988,11.15076541900635,13.540291786193848
