mode,load,0_densenet121-16,1_mobilenet_v2-32,2_resnet18-32,3_vgg11-8
mps-uncap,1.0,61.3409423828125,22.181212902069092,16.651391983032227,10.231075286865245
