mode,load,0_alexnet-2,1_densenet161-2,2_squeezenet1_1-4
mps-uncap,1.0,2555.2682484387565,161.23158996487567,2314.9859866593265
