mode,load,0_squeezenet1_1-2,1_squeezenet1_1-32,2_vgg16-16
mps-uncap,1.0,11.16067886352539,13.614358901977537,12.848339080810543
