mode,load,0_squeezenet1_1-2,1_squeezenet1_1-32,2_vgg16-16
mps-uncap,1.0,1.127004623413086,10.833263397216797,11.475086212158203
