mode,load,0_squeezenet1_1-2,1_squeezenet1_1-32,2_vgg16-16
mps-uncap,1.0,255.38886801906924,2588.9420967468236,1294.4788980531168
