mode,load,0_efficientnet_b7-8,1_squeezenet1_1-32
mps-uncap,1.0,30.065536499023438,6.647348403930664
