mode,load,0_efficientnet_b7-8,1_squeezenet1_1-32
mps-uncap,1.0,22.34506607055664,4.047393798828125
