mode,load,0_mobilenet_v2-32,1_resnet152-4,2_resnet18-32,3_vgg11-2
mps-uncap,1.0,14.158487319946289,41.71395301818848,11.572837829589844,5.045771598815918
