mode,load,0_bert-2,1_densenet161-32
mps-uncap,1.0,627.212158486752,907.4437239807486
