mode,load,0_efficientnet_b5-4,1_mobilenet_v2-32,2_resnet152-32,3_resnet50-2
mps-uncap,1.0,49.41558837890625,21.60024642944336,62.95037269592285,21.845579147338867
