mode,load,0_efficientnet_b5-32,1_efficientnet_b5-8
mps-uncap,1.0,33.97798538208008,29.75928783416748
