mode,load,0_resnet101-4,1_vgg11-4
mps-uncap,1.0,12.593507766723633,3.679990768432617
