mode,load,0_squeezenet1_1-4,1_vgg11-4
mps-uncap,1.0,1.9855499267578125,2.291440963745117
