mode,load,0_densenet121-8,1_mobilenet_v2-4,2_vgg19-8
mps-uncap,1.0,27.08876132965088,6.927013397216797,7.4089765548706055
