mode,load,0_efficientnet_b5-4,1_efficientnet_b6-16,2_vgg11-2
mps-uncap,1.0,27.314186096191406,33.76483917236328,2.7878284454345703
