mode,load,0_efficientnet_b5-4,1_efficientnet_b6-16,2_vgg11-2
mps-uncap,1.0,28.623580932617188,34.479713439941406,3.900289535522461
