mode,load,0_densenet169-2,1_resnet18-32,2_resnet18-32
mps-uncap,1.0,28.55968475341797,8.95071029663086,8.964061737060547
