mode,load,0_densenet161-32,1_efficientnet_b5-16,2_mobilenet_v2-32,3_mobilenet_v3_small-4
mps-uncap,1.0,67.92283058166504,50.76789855957031,13.496637344360352,10.351896286010742
