mode,load,0_densenet161-32,1_efficientnet_b5-16,2_mobilenet_v2-32,3_mobilenet_v3_small-4
mps-uncap,1.0,67.92306900024414,50.768136978149414,13.496756553649902,10.352134704589844
