mode,load,0_densenet161-32,1_densenet161-4,2_mobilenet_v2-32,3_resnet152-32
mps-uncap,1.0,86.0745906829834,76.79104804992676,27.071475982666016,71.11120223999023
