mode,load,0_densenet161-32,1_densenet161-4,2_mobilenet_v2-32,3_resnet152-32
mps-uncap,1.0,84.28452014923096,73.162841796875,21.22974395751953,70.01361846923828
