mode,load,0_mobilenet_v3_large-4,1_resnet50-8,2_vgg11-4
mps-uncap,1.0,0.0002384185791015625,0.0002384185791015625,0.0002384185791015625
