mode,load,0_resnet50-8,1_resnet50-8,2_resnet50-8,3_resnet50-8
mig,1.0,11.295557022094727,11.414289474487305,11.406898498535156,22.31764793395996
