mode,load,0_resnet50-8,1_resnet50-8,2_resnet50-8,3_resnet50-8
mig,1.0,16.774985790252686,13.338518142700195,13.23152780532837,16.95108413696289
