mode,load,0_resnet50-8,1_resnet50-8,2_resnet50-8,3_resnet50-8
mig,1.0,674.0218800809608,820.9350672101519,831.3850146501832,663.4840727993208
