mode,load,0_densenet201-2,1_mobilenet_v2-32,2_resnet101-8,3_resnet152-32
mps-uncap,1.0,61.231136322021484,14.130592346191406,33.14781188964844,55.440664291381836
