mode,load,0_efficientnet_b5-2,1_mobilenet_v3_small-32,2_mobilenet_v3_small-8
mps-uncap,1.0,11.041426658630371,3.540515899658203,3.5021305084228516
