mode,load,0_mobilenet_v2-32,1_resnet101-8,2_resnet152-32,3_resnet50-16
mps-uncap,1.0,12.151002883911133,33.3256721496582,63.34066390991211,16.038179397583008
