mode,load,0_mobilenet_v2-32,1_resnet101-8,2_resnet152-32,3_resnet50-16
mps-uncap,1.0,22.153759002685547,46.11859321594238,72.54676818847656,26.833772659301758
