mode,load,0_densenet201-32,1_inception_v3-32
mps-uncap,1.0,40.30184745788574,21.62758827209473
