mode,load,0_densenet201-32,1_inception_v3-32
mps-uncap,1.0,39.27326202392578,19.35434341430664
