mode,load,0_densenet201-32,1_inception_v3-32
mps-uncap,1.0,39.760589599609375,21.25716209411621
