mode,load,0_llama-4,1_bert-32,2_densenet161-8
mps-uncap,1.0,316.65706634521484,29.294729232788086,48.65670204162598
