mode,load,0_llama-4,1_bert-32,2_densenet161-8
mps-uncap,1.0,39.519860671584844,2384.964344606419,164.31388411280963
