mode,load,0_alexnet-16,1_densenet121-32
mps-uncap,1.0,5.249977111816406,24.388790130615234
