mode,load,0_densenet161-32,1_mobilenet_v2-32,2_resnet152-16,3_resnet34-2
mps-uncap,1.0,74.10502433776855,15.350341796875,56.702256202697754,14.091968536376953
