mode,load,0_densenet161-2,1_densenet161-2,2_densenet161-32,3_mobilenet_v2-32
mps-uncap,1.0,33.64849090576172,33.47182273864746,42.229413986206055,8.459091186523438
