mode,load,0_densenet161-2,1_densenet161-2,2_densenet161-32,3_mobilenet_v2-32
mps-uncap,1.0,47.61328676478383,47.87268028668115,572.4187646836895,2781.0274390157433
