mode,load,0_mobilenet_v2-32,1_resnet101-32,2_resnet50-16,3_squeezenet1_1-8
mps-uncap,1.0,1999.3086387211897,741.5604039259408,745.7625885632342,912.79483843551
