mode,load,0_efficientnet_b6-2,1_mobilenet_v2-32,2_resnet50-16,3_vgg11-32
mps-uncap,1.0,122.6255774497986,34.28729057312012,45.914614200592034,19.653728008270264
