mode,load,0_densenet121-32,1_efficientnet_b5-2
mps-uncap,1.0,18.509864807128906,17.539262771606445
