mode,load,0_mobilenet_v3_large-8,1_resnet18-2
mps-uncap,1.0,2850.4934349596756,1623.6136288118823
