mode,load,0_squeezenet1_0-2,1_squeezenet1_1-4
mps-uncap,1.0,0.000476837158203125,0.000476837158203125
