mode,load,0_efficientnet_b6-2,1_mobilenet_v2-32,2_mobilenet_v3_large-2,3_resnet152-32
mps-uncap,1.0,33.2334041595459,10.378599166870117,4.888296127319336,41.04471206665039
