mode,load,0_inception_v3-8,1_resnet152-4
mps-uncap,1.0,6.637811660766602,9.135913848876953
