mode,load,0_inception_v3-8,1_resnet152-4
mps-uncap,1.0,6.8326640129089355,9.305543899536133
