mode,load,0_mobilenet_v3_small-16,1_squeezenet1_0-2
mps-uncap,1.0,3.4897327423095703,2.5033950805664062
