mode,load,0_densenet201-32,1_mobilenet_v2-32,2_mobilenet_v3_large-8,3_squeezenet1_1-16
mps-uncap,1.0,69.52929496765137,13.14997673034668,12.692451477050781,8.226871490478516
