mode,load,0_densenet161-32,1_densenet169-2,2_mobilenet_v2-32,3_vgg11-32
mps-uncap,1.0,130.173921585083,49.48067665100098,19.394874572753906,13.454675674438477
