mode,load,0_densenet161-32,1_efficientnet_b5-8,2_vgg11-32
mps-uncap,1.0,0.000476837158203125,0.003814697265625,0.000476837158203125
