mode,load,0_densenet161-2,1_vgg16-16
mps-uncap,1.0,42.51077175140381,10.281801223754883
