mode,load,0_densenet161-2,1_vgg16-16
mps-uncap,1.0,34.992218017578125,9.439229965209961
