mode,load,0_densenet161-2,1_vgg16-16
mps-uncap,1.0,34.99269485473633,9.439468383789062
