mode,load,0_resnet18-8,1_vgg19-16,2_vgg19-32
mps-uncap,1.0,35.33256530761719,33.687827587127686,34.53330993652344
