mode,load,0_densenet169-32,1_mobilenet_v2-32,2_resnet101-8,3_resnet18-8
mps-uncap,1.0,53.511738777160645,11.36159896850586,27.647733688354492,7.099270820617676
