mode,load,0_efficientnet_b6-4,1_efficientnet_b6-8
mps-uncap,1.0,10.317802429199219,14.526844024658203
