mode,load,0_alexnet-2,1_mobilenet_v2-32,2_resnet101-2,3_resnet152-32
mps-uncap,1.0,6.111919879913332,19.52482461929321,32.180633544921875,56.449127197265625
