mode,load,0_bert-32,1_resnet18-32,2_resnet152-32,3_densenet201-4
mps-uncap,1.0,43.398141860961914,13.831138610839844,73.54140281677246,89.53285217285156
