mode,load,0_efficientnet_b6-8,1_efficientnet_b7-16,2_mobilenet_v3_large-4
mps-uncap,1.0,29.661893844604492,39.11709785461426,6.489753723144531
