mode,load,0_efficientnet_b6-8,1_efficientnet_b7-16,2_mobilenet_v3_large-4
mps-uncap,1.0,32.5777530670166,41.51105880737305,12.842893600463867
