mode,load,0_efficientnet_b6-8,1_efficientnet_b7-16,2_mobilenet_v3_large-4
mps-uncap,1.0,25.024890899658203,36.730289459228516,3.8247108459472656
