mode,load,0_mobilenet_v3_small-2,1_resnet50-4
mps-uncap,1.0,2.371072769165039,2.881288528442383
