mode,load,0_densenet201-16,1_efficientnet_b7-8,2_mobilenet_v2-32,3_resnet34-32
mps-uncap,1.0,81.15291595458984,75.09732246398926,24.31344985961914,26.080846786499023
