mode,load,0_squeezenet1_0-8,1_vgg13-4,2_vgg19-32
mps-uncap,1.0,18.1272029876709,14.259099960327148,27.181506156921387
