mode,load,0_resnet50-2,1_resnet50-2,2_resnet50-2,3_resnet50-2
mig,1.0,3.8955211639404297,3.9641857147216797,3.9598941802978516,7.242679595947266
