mode,load,0_resnet50-2,1_resnet50-2,2_resnet50-2,3_resnet50-2
mig,1.0,7.7953338623046875,7.4787139892578125,7.790327072143555,7.885932922363281
