mode,load,0_resnet50-2,1_resnet50-2,2_resnet50-2,3_resnet50-2
mig,1.0,369.78008804843785,394.8570613098765,387.6103402371712,370.78380275983454
