mode,load,0_densenet161-32,1_densenet169-4,2_mobilenet_v2-32,3_squeezenet1_1-8
mps-uncap,1.0,59.36264991760254,48.14291000366211,11.74306869506836,6.005287170410156
