mode,load,0_efficientnet_b6-4,1_mobilenet_v2-2,2_mobilenet_v2-32,3_resnet152-32
mps-uncap,1.0,54.26702499389649,15.380349159240716,19.298939704895016,54.76470947265625
