mode,load,0_efficientnet_b6-4,1_mobilenet_v2-2,2_mobilenet_v2-32,3_resnet152-32
mps-uncap,1.0,55.25922775268555,17.146825790405273,23.47397804260254,56.64467811584473
