mode,load,0_densenet161-2,1_densenet169-4,2_efficientnet_b7-4
mps-uncap,1.0,10.923147201538086,10.465621948242188,14.990568161010742
