mode,load,0_llama-16,1_llama-8,2_llama-4,3_vgg19-16
mps-uncap,1.0,1719.1745615005493,868.19091796875,438.8285493850708,15.297038555145265
