mode,load,0_inception_v3-16,1_mobilenet_v3_small-2
mps-uncap,1.0,6.981372833251953,3.009796142578125
