mode,load,0_efficientnet_b6-8,1_mobilenet_v2-32,2_resnet34-32,3_resnet50-4
mps-uncap,1.0,30.808448791503906,10.759353637695312,14.233112335205078,6.685733795166016
