mode,load,0_densenet161-16,1_efficientnet_b7-2
mps-uncap,1.0,20.594940185546875,21.83069944381714
