mode,load,0_densenet201-16,1_mobilenet_v2-32,2_resnet50-4,3_vgg19-32
mps-uncap,1.0,176.62312984466553,33.93237590789795,45.297908782958984,29.114961624145508
