mode,load,0_resnet34-16,1_vgg13-16
mps-uncap,1.0,18.62013339996338,9.23013687133789
