mode,load,0_alexnet-16,1_efficientnet_b5-8,2_mobilenet_v2-32,3_resnet152-32
mps-uncap,1.0,6.45146369934082,60.16583442687988,20.87235450744629,68.01986694335938
