mode,load,0_alexnet-16,1_efficientnet_b5-8,2_mobilenet_v2-32,3_resnet152-32
mps-uncap,1.0,8.065974712371826,62.099599838256836,23.75227928161621,69.32916641235353
