mode,load,0_mobilenet_v3_large-32,1_resnet152-2
mps-uncap,1.0,6.739139556884766,13.564825057983398
