mode,load,0_mobilenet_v2-32,1_resnet101-32,2_resnet18-16,3_squeezenet1_0-2
mps-uncap,1.0,18.79405975341797,43.52092742919922,14.601516723632814,11.209559440612793
