mode,load,0_efficientnet_b5-32,1_vgg13-32
mps-uncap,1.0,122.20144271850586,21.585464477539062
