mode,load,0_densenet169-8,1_squeezenet1_0-16
mps-uncap,1.0,18.537092208862305,4.399299621582031
