mode,load,0_mobilenet_v2-32,1_mobilenet_v3_small-8,2_resnet34-32,3_vgg16-8
mps-uncap,1.0,19.418787956237793,17.35389232635498,24.65133666992188,11.530923843383789
