mode,load,0_mobilenet_v2-32,1_mobilenet_v3_small-8,2_resnet34-32,3_vgg16-8
mps-uncap,1.0,13.996124267578125,8.963584899902344,17.07291603088379,7.584095001220703
