mode,load,0_efficientnet_b7-32,1_mobilenet_v2-32,2_resnet18-4,3_resnet34-32
mps-uncap,1.0,84.68842506408691,11.49129867553711,2.103090286254883,15.72108268737793
