mode,load,0_densenet161-8,1_mobilenet_v2-32,2_resnet101-4,3_vgg19-32
mps-uncap,1.0,135.90182065963742,37.533955574035645,80.09666442871094,29.274053573608395
