mode,load,0_densenet161-8,1_mobilenet_v2-32,2_resnet101-4,3_vgg19-32
mps-uncap,1.0,113.58356475830078,22.060394287109375,33.464670181274414,24.83344078063965
