mode,load,0_mobilenet_v2-32,1_mobilenet_v3_small-16,2_resnet50-32,3_vgg19-8
mps-uncap,1.0,23.880281448364258,23.103556632995602,33.56111764907837,17.110130786895752
