mode,load,0_efficientnet_b5-8,1_inception_v3-16
mps-uncap,1.0,0.000476837158203125,0.000476837158203125
