mode,load,0_mobilenet_v3_small-2,1_squeezenet1_1-4
mps-uncap,1.0,2.399444580078125,1.0540485382080078
