mode,load,0_efficientnet_b5-4,1_efficientnet_b5-4
mig,1.0,9.606075286865234,9.875092506408691
mps-uncap,1.0,10.249624252319336,10.266785621643068
