mode,load,0_efficientnet_b5-2,1_mobilenet_v2-32,2_mobilenet_v2-32,3_resnet101-2
mps-uncap,1.0,73.79055243189428,2361.8780647630965,2361.8785744015295,110.96075333905733
