mode,load,0_densenet121-4,1_densenet161-32,2_inception_v3-8,3_mobilenet_v2-32
mps-uncap,1.0,36.99143409729004,58.993518352508545,32.56420373916625,17.823972702026367
