mode,load,0_densenet121-4,1_densenet161-32,2_inception_v3-8,3_mobilenet_v2-32
mps-uncap,1.0,127.50968062598183,556.3186475796115,304.0422878466317,2684.7983584096924
