mode,load,0_inception_v3-2,1_resnet152-8
mps-uncap,1.0,4.994392395019531,9.69243049621582
