mode,load,0_densenet121-8,1_mobilenet_v3_large-2,2_resnet18-2
mps-uncap,1.0,7.811307907104492,2.7992725372314453,1.1615753173828125
