mode,load,0_densenet121-8,1_mobilenet_v3_large-2,2_resnet18-2
mps-uncap,1.0,7.811307907104492,2.799510955810547,1.161813735961914
