mode,load,0_densenet169-2,1_resnet101-8,2_vgg19-8
mps-uncap,1.0,38.05927753448486,25.335693359375,8.616545200347899
