mode,load,0_densenet169-2,1_resnet101-8,2_vgg19-8
mps-uncap,1.0,56.573215491195114,339.51848162847375,1019.52004705291
