mode,load,0_densenet169-16,1_inception_v3-32,2_mobilenet_v2-32,3_vgg16-8
mps-uncap,1.0,41.51654243469238,22.31144905090332,16.024351119995117,7.573366165161133
