mode,load,0_resnet50-2,1_vgg16-32
mps-uncap,1.0,23.064851760864258,20.956039428710938
