mode,load,0_inception_v3-32,1_mobilenet_v2-32,2_mobilenet_v2-32,3_resnet50-4
mps-uncap,1.0,36.62862777709961,15.333175659179688,15.275955200195312,17.078065872192383
