mode,load,0_alexnet-32,1_alexnet-32,2_alexnet-32,3_alexnet-32
mig,1.0,11.092424392700195,10.176420211791992,12.493610382080078,12.500286102294922
