mode,load,0_alexnet-32,1_alexnet-32,2_alexnet-32,3_alexnet-32
mig,1.0,3264.5925258303396,3685.063453389508,2792.111287703922,2786.142870309649
