mode,load,0_mobilenet_v3_small-8,1_mobilenet_v3_small-8
mig,1.0,2.500684261322022,2.435259819030762
mps-uncap,1.0,2.479643821716309,2.4553918838500977
