mode,load,0_densenet169-2,1_resnet101-8
mps-uncap,1.0,196.26376087706916,1111.9043960365123
