mode,load,0_densenet169-4,1_squeezenet1_0-16
mps-uncap,1.0,16.32397174835205,3.5231590270996103
