mode,load,0_densenet161-2,1_mobilenet_v3_small-4
mps-uncap,1.0,11.27171516418457,3.462553024291992
