mode,load,0_densenet201-2,1_vgg11-2,2_vgg11-8
mps-uncap,1.0,0.000476837158203125,0.000476837158203125,0.000476837158203125
