mode,load,0_densenet201-2,1_vgg11-2,2_vgg11-8
mps-uncap,1.0,41.460514068603516,5.698442459106445,5.448818206787109
