mode,load,0_densenet201-2,1_vgg11-2,2_vgg11-8
mps-uncap,1.0,40.5290174484253,4.84466552734375,4.781632423400879
