mode,load,0_densenet201-8,1_inception_v3-32
mps-uncap,1.0,18.675804138183594,12.866377830505371
