mode,load,0_efficientnet_b6-2,1_resnet18-2,2_vgg16-2
mps-uncap,1.0,10.393142700195312,1.5892982482910156,2.3300647735595703
