mode,load,0_mobilenet_v2-32,1_resnet34-32,2_squeezenet1_1-4,3_vgg13-2
mps-uncap,1.0,14.19830322265625,18.453359603881836,10.425806045532227,9.371042251586914
