mode,load,0_densenet161-32,1_efficientnet_b6-2,2_mobilenet_v2-32,3_resnet152-4
mps-uncap,1.0,58.75377655029297,47.479987144470215,15.394878387451172,40.635180473327644
