mode,load,0_densenet161-32,1_efficientnet_b6-2,2_mobilenet_v2-32,3_resnet152-4
mps-uncap,1.0,58.7538480758667,47.480225563049316,15.395045280456543,40.635180473327644
