mode,load,0_efficientnet_b5-16,1_mobilenet_v3_small-16,2_resnet18-32
mps-uncap,1.0,33.35118293762207,10.90383529663086,10.198116302490234
