mode,load,0_alexnet-4,1_densenet161-32,2_mobilenet_v2-32,3_resnet152-8
mps-uncap,1.0,8.339586257934569,74.28834915161133,23.28541278839112,58.83895397186279
