mode,load,0_resnet152-4,1_resnet50-8
mps-uncap,1.0,11.755228042602539,5.1773786544799805
