mode,load,0_inception_v3-8,1_resnet152-2
mps-uncap,1.0,5.697011947631836,7.720232009887695
