mode,load,0_inception_v3-8,1_resnet152-2
mps-uncap,1.0,8.041858673095703,10.84136962890625
