mode,load,0_inception_v3-8,1_resnet152-2
mps-uncap,1.0,1401.9519602772696,257.9906225564661
