mode,load,0_alexnet-16,1_densenet201-2,2_mobilenet_v2-32,3_resnet50-32
mps-uncap,1.0,14.26839828491211,77.34370231628418,24.085044860839844,31.95643424987793
