mode,load,0_alexnet-16,1_densenet201-2,2_mobilenet_v2-32,3_resnet50-32
mps-uncap,1.0,2.0177364349365234,20.900487899780273,12.891292572021484,22.99213409423828
