mode,load,0_alexnet-16,1_densenet201-2,2_mobilenet_v2-32,3_resnet50-32
mps-uncap,1.0,4.336357116699219,64.41521644592285,16.41845703125,25.231599807739258
