mode,load,0_alexnet-16,1_densenet201-2,2_mobilenet_v2-32,3_resnet50-32
mps-uncap,1.0,3359.9342012886505,30.983959504207338,1841.4521618729216,1227.810206479837
