mode,load,0_densenet169-32,1_inception_v3-4,2_mobilenet_v2-32,3_mobilenet_v3_large-2
mps-uncap,1.0,45.4249382019043,24.797677993774414,14.066457748413086,13.993263244628906
