mode,load,0_densenet201-8,1_mobilenet_v3_large-16,2_vgg19-2
mps-uncap,1.0,279.53379745725,2766.9623627125648,483.7870644633607
