mode,load,0_efficientnet_b6-16,1_resnet18-2
mps-uncap,1.0,718.4793726287371,779.4667280206739
