mode,load,0_densenet201-32,1_efficientnet_b6-32,2_mobilenet_v2-32,3_mobilenet_v3_small-16
mps-uncap,1.0,106.92896842956543,85.00466346740723,25.029563903808594,22.28021621704102
