mode,load,0_densenet201-4,1_vgg19-4
mps-uncap,1.0,22.069289684295654,4.651346206665038
