mode,load,0_densenet169-2,1_efficientnet_b7-4,2_resnet34-16
mps-uncap,1.0,13.181924819946289,21.12281322479248,5.662202835083008
