mode,load,0_mobilenet_v2-32,1_mobilenet_v2-32,2_resnet34-16,3_resnet50-2
mps-uncap,1.0,15.859937667846678,15.787029266357424,15.819501876831055,15.813159942626953
