mode,load,0_efficientnet_b6-16,1_vgg11-16,2_vgg13-4
mps-uncap,1.0,92.77105331420898,10.308575630187988,10.515403747558594
