mode,load,0_densenet121-32,1_mobilenet_v2-2,2_mobilenet_v2-32,3_vgg13-2
mps-uncap,1.0,39.65504169464111,11.971354484558105,15.789556503295898,7.528352737426758
