mode,load,0_densenet201-32,1_efficientnet_b6-2,2_efficientnet_b6-32,3_mobilenet_v2-32
mps-uncap,1.0,91.58158302307129,63.87805938720703,74.60713386535645,15.71512222290039
