mode,load,0_densenet161-4,1_vgg16-4
mps-uncap,1.0,21.790504455566406,4.12440299987793
