mode,load,0_alexnet-16,1_efficientnet_b6-16,2_vgg16-4
mps-uncap,1.0,5.611419677734375,50.16493797302246,10.33926010131836
