mode,load,0_densenet201-4,1_mobilenet_v2-4
mps-uncap,1.0,11.876821517944336,2.2614002227783203
