mode,load,0_mobilenet_v2-32,1_resnet152-2,2_resnet18-32,3_squeezenet1_1-2
mps-uncap,1.0,11.366212368011476,33.04666996002197,8.900952339172363,7.934808731079102
