mode,load,0_efficientnet_b6-16,1_efficientnet_b6-4
mps-uncap,1.0,685.0737331292769,184.90939691198048
