mode,load,0_alexnet-8,1_vgg13-8
mps-uncap,1.0,2.9976367950439453,5.503416061401367
