mode,load,0_alexnet-8,1_vgg13-8
mps-uncap,1.0,2903.86809143155,1451.967510481016
