mode,load,0_densenet169-32,1_efficientnet_b5-4,2_mobilenet_v2-32,3_mobilenet_v3_large-2
mps-uncap,1.0,46.79155349731445,36.672115325927734,14.956235885620117,14.60886001586914
