mode,load,0_resnet152-16,1_resnet34-16,2_squeezenet1_0-8
mps-uncap,1.0,31.052827835083008,11.71565055847168,7.674932479858398
