mode,load,0_resnet152-16,1_resnet34-16,2_squeezenet1_0-8
mps-uncap,1.0,23.6513614654541,8.174419403076172,3.6568641662597656
