mode,load,0_mobilenet_v2-32,1_mobilenet_v3_large-8,2_resnet18-32,3_squeezenet1_1-2
mps-uncap,1.0,12.590837478637695,12.404203414916992,11.434030532836914,7.950282096862793
