mode,load,0_mobilenet_v2-32,1_mobilenet_v3_large-8,2_resnet18-32,3_squeezenet1_1-2
mps-uncap,1.0,11.779427528381348,10.974764823913574,9.698152542114258,4.645824432373047
