mode,load,0_densenet121-8,1_mobilenet_v3_large-16,2_vgg19-8
mps-uncap,1.0,257.97615500844927,1513.8960829829987,972.1579756076967
