mode,load,0_alexnet-2,1_densenet169-32,2_mobilenet_v2-32,3_mobilenet_v3_small-32
mps-uncap,1.0,0.00858306884765625,0.000476837158203125,0.0045299530029296875,0.009298324584960938
