mode,load,0_resnet101-4,1_vgg13-32
mps-uncap,1.0,105.99367859076868,1963.9103282033657
