mode,load,0_bert-4,1_bert-8,2_inception_v3-32,3_alexnet-2
mps-uncap,1.0,9.848833084106445,12.044668197631836,14.829874038696289,0.6575584411621094
