mode,load,0_mobilenet_v3_large-16,1_vgg11-2
mps-uncap,1.0,3.9453506469726562,1.6002655029296875
