mode,load,0_densenet121-4,1_resnet101-4,2_squeezenet1_0-32
mps-uncap,1.0,21.851015090942383,19.068050384521484,7.32426643371582
