mode,load,0_efficientnet_b7-16,1_mobilenet_v2-16,2_mobilenet_v2-32,3_resnet101-32
mps-uncap,1.0,94.04997825622559,18.567323684692383,20.708227157592773,50.747108459472656
