mode,load,0_efficientnet_b7-16,1_mobilenet_v2-16,2_mobilenet_v2-32,3_resnet101-32
mps-uncap,1.0,95.22356510162354,21.542418003082275,23.36998462677002,51.76795959472656
