mode,load,0_densenet169-16,1_densenet201-8,2_inception_v3-16
mps-uncap,1.0,24.73163604736328,28.786420822143555,17.110586166381836
