mode,load,0_mobilenet_v2-32,1_mobilenet_v3_small-4,2_resnet101-32,3_squeezenet1_0-2
mps-uncap,1.0,22.933006286621094,16.91269874572754,44.20757293701172,15.02847671508789
