mode,load,0_mobilenet_v2-16,1_vgg11-32
mps-uncap,1.0,12.608051300048828,11.957764625549316
