mode,load,0_mobilenet_v2-16,1_vgg11-32
mps-uncap,1.0,16.568775177001953,12.312102317810059
