mode,load,0_resnet18-32,1_vgg11-4,2_vgg16-32
mps-uncap,1.0,24.502897262573242,17.570066452026367,24.483680725097656
