mode,load,0_resnet18-32,1_vgg11-4,2_vgg16-32
mps-uncap,1.0,25.371713638305668,19.033288955688477,24.719185829162598
