mode,load,0_mobilenet_v2-32,1_mobilenet_v3_small-2,2_resnet101-32,3_resnet50-32
mps-uncap,1.0,27.324438095092773,24.79863166809082,62.62493133544922,38.43355178833008
