mode,load,0_efficientnet_b6-16,1_inception_v3-2
mps-uncap,1.0,21.510987281799316,12.99717903137207
