mode,load,0_efficientnet_b6-16,1_inception_v3-2
mps-uncap,1.0,756.6844706388816,205.62317333331288
