mode,load,0_densenet121-4,1_densenet201-2,2_resnet34-2
mps-uncap,1.0,8.673429489135742,13.506889343261719,3.451824188232422
