mode,load,0_densenet121-4,1_densenet201-2,2_resnet34-2
mps-uncap,1.0,7.145166397094727,12.48931884765625,2.58636474609375
