mode,load,0_resnet18-4,1_resnet50-32
mps-uncap,1.0,6.886005401611328,12.997865676879883
