mode,load,0_alexnet-32,1_densenet201-8,2_mobilenet_v2-32,3_resnet152-32
mps-uncap,1.0,6.166791915893555,82.09812641143799,18.558454513549805,64.54219818115234
