mode,load,0_alexnet-32,1_densenet201-8,2_mobilenet_v2-32,3_resnet152-32
mps-uncap,1.0,6425.247041558478,101.64101349601331,2073.393754160152,506.3946170075906
