mode,load,0_densenet169-32,1_inception_v3-16,2_mobilenet_v2-32,3_squeezenet1_1-8
mps-uncap,1.0,55.7248592376709,28.01513671875,12.526750564575195,6.317377090454102
