mode,load,0_densenet161-4,1_mobilenet_v2-32,2_resnet152-16
mps-uncap,1.0,29.558420181274414,7.9517364501953125,26.51214599609375
