mode,load,0_densenet169-8,1_efficientnet_b6-4,2_mobilenet_v2-32,3_resnet50-32
mps-uncap,1.0,57.96859264373779,57.5001335144043,17.17386245727539,23.29336404800415
