mode,load,0_densenet169-8,1_efficientnet_b6-4,2_mobilenet_v2-32,3_resnet50-32
mps-uncap,1.0,54.22353744506836,53.775906562805176,14.133453369140625,20.981192588806152
