mode,load,0_mobilenet_v2-4,1_resnet101-2,2_resnet152-4
mps-uncap,1.0,2.5103092193603516,6.558465957641602,10.755205154418945
