mode,load,0_mobilenet_v2-32,1_mobilenet_v2-8,2_resnet18-32,3_vgg11-16
mps-uncap,1.0,26.15833282470703,21.71173095703125,20.792365074157715,13.180780410766603
