mode,load,0_alexnet-16,1_densenet161-16
mps-uncap,1.0,7603.226081505195,591.3529191022895
