mode,load,0_densenet161-32,1_squeezenet1_0-16
mps-uncap,1.0,31.853199005126953,3.951549530029297
