mode,load,0_densenet121-16,1_resnet50-16
mps-uncap,1.0,9.513616561889648,7.778167724609375
