mode,load,0_densenet169-2,1_efficientnet_b5-32
mps-uncap,1.0,28.975963592529297,31.25476837158203
