mode,load,0_resnet152-8,1_squeezenet1_1-32,2_vgg11-4
mps-uncap,1.0,35.32303810119629,8.183588981628418,5.54351806640625
