mode,load,0_resnet152-8,1_squeezenet1_1-32,2_vgg11-4
mps-uncap,1.0,244.68497184332742,4501.855468595029,1012.9350573777324
