mode,load,0_inception_v3-32,1_inception_v3-4,2_mobilenet_v2-32,3_resnet34-32
mps-uncap,1.0,34.39536094665527,28.368697166442864,14.954910278320309,18.15242767333984
