mode,load,0_inception_v3-32,1_inception_v3-4,2_mobilenet_v2-32,3_resnet34-32
mps-uncap,1.0,1012.7108872879137,157.07182416159728,2592.537626438924,2074.3086100882206
