mode,load,0_densenet121-8,1_squeezenet1_1-16,2_squeezenet1_1-8
mps-uncap,1.0,9.917020797729492,2.835512161254883,1.6934871673583984
