mode,load,0_densenet121-8,1_squeezenet1_1-16,2_squeezenet1_1-8
mps-uncap,1.0,14.758784770965576,4.384469985961914,3.7165379524230957
