mode,load,0_alexnet-16,1_mobilenet_v2-16,2_mobilenet_v3_small-16
mps-uncap,1.0,2.7756690979003906,5.636692047119141,5.739927291870117
