mode,load,0_densenet121-32,1_efficientnet_b5-4,2_mobilenet_v2-32,3_resnet101-16
mps-uncap,1.0,46.12326622009277,50.50182342529297,18.799543380737305,37.68587112426758
