mode,load,0_densenet121-32,1_efficientnet_b5-4,2_mobilenet_v2-32,3_resnet101-16
mps-uncap,1.0,0.000476837158203125,0.010013580322265625,0.0007152557373046875,0.000476837158203125
