mode,load,0_densenet121-32,1_efficientnet_b5-4,2_mobilenet_v2-32,3_resnet101-16
mps-uncap,1.0,44.55436706542969,48.060464859008775,18.138766288757324,36.16132736206055
