mode,load,0_densenet169-4,1_vgg19-4
mps-uncap,1.0,17.83783912658691,4.609935283660889
