mode,load,0_densenet201-32,1_efficientnet_b6-8,2_mobilenet_v2-32,3_mobilenet_v3_small-16
mps-uncap,1.0,67.5523853302002,49.76889371871948,16.511316299438473,14.880826473236084
