mode,load,0_inception_v3-32,1_mobilenet_v2-32,2_mobilenet_v3_large-8,3_resnet50-32
mps-uncap,1.0,42.13519096374512,17.88051128387451,18.976926803588867,24.784231185913086
