mode,load,0_mobilenet_v2-16,1_vgg11-8
mps-uncap,1.0,8.79049301147461,4.563331604003906
