mode,load,0_densenet121-2,1_resnet50-16
mps-uncap,1.0,11.659393310546875,7.1382856369018555
