mode,load,0_densenet161-16,1_densenet121-4,2_inception_v3-2
mps-uncap,1.0,30.712366104125977,20.073890686035156,17.87590980529785
mig,1.0,48.50149154663086,19.197463989257812,22.048473358154297
