mode,load,0_resnet50-32,1_squeezenet1_0-4
mps-uncap,1.0,12.321949005126953,2.3763179779052734
