mode,load,0_densenet121-32,1_densenet121-8,2_mobilenet_v2-32,3_resnet152-8
mps-uncap,1.0,30.214309692382812,22.79806137084961,9.925127029418945,28.075456619262695
