mode,load,0_densenet121-32,1_densenet121-8,2_mobilenet_v2-32,3_resnet152-8
mps-uncap,1.0,43.538689613342285,37.52434253692627,20.037627220153812,44.53840255737305
