mode,load,0_mobilenet_v2-32,1_mobilenet_v2-4,2_vgg11-32,3_vgg11-8
mps-uncap,1.0,38.81549835205078,39.31546211242676,25.67887306213379,20.830631256103516
