mode,load,0_densenet201-32,1_resnet50-2
mps-uncap,1.0,31.56266212463379,7.3653459548950195
