mode,load,0_densenet201-32,1_resnet50-2
mps-uncap,1.0,31.23927116394043,5.182385444641113
