mode,load,0_efficientnet_b6-16,1_efficientnet_b6-16,2_resnet34-2
mps-uncap,1.0,0.000476837158203125,0.000476837158203125,0.000476837158203125
