mode,load,0_resnet152-32,1_vgg13-8,2_vgg16-8
mps-uncap,1.0,101.04537010192871,10.665416717529297,12.673377990722656
