mode,load,0_resnet152-32,1_vgg13-8,2_vgg16-8
mps-uncap,1.0,101.04560852050781,10.665655136108398,12.673497200012207
