mode,load,0_densenet201-32,1_efficientnet_b5-8,2_resnet18-4
mps-uncap,1.0,42.27497577667237,28.49759101867676,8.714556694030758
