mode,load,0_densenet169-8,1_efficientnet_b5-8,2_vgg11-4
mps-uncap,1.0,24.18696880340576,23.122072219848633,3.092527389526367
