mode,load,0_densenet161-8,1_mobilenet_v3_large-4
mps-uncap,1.0,0.0069141387939453125,0.000476837158203125
