mode,load,0_resnet101-4,1_vgg13-4
mps-uncap,1.0,7.216930389404297,2.810239791870117
