mode,load,0_resnet101-4,1_vgg13-4
mps-uncap,1.0,13.002219200134277,3.663918972015381
