mode,load,0_resnet101-4,1_vgg13-16,2_vgg13-4
mps-uncap,1.0,43.016910552978516,10.716080665588379,10.672569274902344
