mode,load,0_resnet101-4,1_vgg13-16,2_vgg13-4
mps-uncap,1.0,47.26881980895996,10.999059677124023,11.367654800415039
