mode,load,0_densenet201-32,1_efficientnet_b7-4,2_mobilenet_v2-2,3_mobilenet_v2-32
mps-uncap,1.0,64.54667568206787,57.613914012908936,14.40345048904419,18.376693725585938
