mode,load,0_densenet169-4,1_vgg11-4
mps-uncap,1.0,12.537956237792969,1.9030570983886719
