mode,load,0_densenet161-2,1_resnet101-32,2_resnet34-16
mps-uncap,1.0,31.945109367370605,25.3293514251709,10.356664657592773
