mode,load,0_densenet161-2,1_resnet101-32,2_resnet34-16
mps-uncap,1.0,37.78386116027832,27.85015106201172,15.049457550048828
