mode,load,0_densenet161-2,1_resnet101-32,2_resnet34-16
mps-uncap,1.0,61.63375709762004,1259.9886775829286,1476.6187230874007
