mode,load,0_densenet121-16,1_inception_v3-16,2_mobilenet_v2-32,3_resnet50-32
mps-uncap,1.0,45.84789276123047,37.889838218688965,14.61172103881836,22.288799285888672
