mode,load,0_densenet121-16,1_inception_v3-16,2_mobilenet_v2-32,3_resnet50-32
mps-uncap,1.0,22.005081176757812,31.463623046875,10.719776153564453,19.443988800048828
