mode,load,0_resnet152-8,1_resnet152-8,2_resnet152-8,3_resnet152-8
mig,1.0,24.319887161254883,24.660253524780273,24.665117263793945,48.20754528045654
