mode,load,0_densenet169-32,1_mobilenet_v2-32,2_squeezenet1_0-2,3_squeezenet1_1-16
mps-uncap,1.0,49.76034164428711,10.74075698852539,5.67173957824707,6.895780563354492
