mode,load,0_densenet169-32,1_mobilenet_v2-32,2_squeezenet1_0-2,3_squeezenet1_1-16
mps-uncap,1.0,52.200965881347656,15.605182647705078,11.45667791366577,12.350878715515137
