mode,load,0_densenet169-32,1_mobilenet_v2-32,2_squeezenet1_0-2,3_squeezenet1_1-16
mps-uncap,1.0,41.970252990722656,8.927345275878906,2.1295547485351562,3.828763961791992
