mode,load,0_resnet152-32,1_vgg13-2,2_vgg13-2
mps-uncap,1.0,52.17437982559204,8.21732997894287,8.317766189575195
