mode,load,0_resnet152-32,1_vgg13-2,2_vgg13-2
mps-uncap,1.0,639.3759484579402,407.13828838238277,397.8203570944158
