mode,load,0_densenet121-2,1_resnet101-8,2_squeezenet1_0-2
mps-uncap,1.0,8.533568382263184,9.341487884521484,2.209537029266358
