mode,load,0_densenet121-2,1_resnet101-8,2_squeezenet1_0-2
mps-uncap,1.0,8.180975914001465,9.004354476928711,1.4655590057373047
