mode,load,0_densenet169-2,1_efficientnet_b5-4,2_efficientnet_b7-4
mps-uncap,1.0,12.611865997314453,11.504364013671875,17.909836769104004
