mode,load,0_densenet169-2,1_efficientnet_b5-4,2_efficientnet_b7-4
mps-uncap,1.0,166.99986093134794,367.3307743470795,230.128345247054
