mode,load,0_mobilenet_v2-32,1_mobilenet_v2-32,2_mobilenet_v3_small-4,3_resnet18-8
mps-uncap,1.0,11.46090030670166,11.436939239501953,8.422255516052246,6.279110908508301
