mode,load,0_mobilenet_v2-32,1_mobilenet_v2-8,2_resnet152-32,3_vgg11-16
mps-uncap,1.0,27.58631706237793,23.509979248046875,99.84028339385986,11.477112770080566
