mode,load,0_mobilenet_v2-32,1_mobilenet_v2-8,2_resnet152-32,3_vgg11-16
mps-uncap,1.0,14.058351516723633,10.593414306640625,58.76660346984863,7.850170135498047
