mode,load,0_mobilenet_v2-32,1_mobilenet_v2-8,2_resnet152-32,3_vgg11-16
mps-uncap,1.0,1324.7034735296534,395.99667269098074,325.94834510202634,1605.8163597027697
