mode,load,0_inception_v3-32,1_vgg16-16
mps-uncap,1.0,46.582698822021484,15.596866607666016
