mode,load,0_mobilenet_v2-32,1_mobilenet_v2-4,2_resnet101-4,3_vgg13-32
mps-uncap,1.0,28.493642807006836,21.335124969482422,64.25261497497559,19.175291061401367
