mode,load,0_densenet201-2,1_squeezenet1_0-16,2_squeezenet1_0-8
mps-uncap,1.0,27.83191204071045,4.413127899169922,3.7376880645751953
