mode,load,0_densenet121-32,1_mobilenet_v2-32,2_mobilenet_v3_small-2,3_resnet101-2
mps-uncap,1.0,46.86164855957031,28.294801712036133,19.23966407775879,29.639244079589844
