mode,load,0_densenet121-32,1_mobilenet_v2-32,2_mobilenet_v3_small-2,3_resnet101-2
mps-uncap,1.0,35.58218479156494,9.935736656188965,7.309079170227051,18.980741500854492
