mode,load,0_inception_v3-16,1_inception_v3-32,2_mobilenet_v2-32,3_vgg11-2
mps-uncap,1.0,24.78647232055664,12.891769409179688,9.684085845947266,2.2165775299072266
