mode,load,0_densenet201-32,1_mobilenet_v2-32,2_resnet18-2,3_resnet34-16
mps-uncap,1.0,66.53604507446289,15.621986389160156,11.300702095031731,18.33941936492919
