mode,load,0_densenet201-32,1_mobilenet_v2-32,2_resnet18-2,3_resnet34-16
mps-uncap,1.0,66.98465347290039,16.613245010375977,12.938261032104492,19.6075439453125
