mode,load,0_mobilenet_v2-32,1_resnet101-16,2_squeezenet1_0-4,3_vgg11-32
mps-uncap,1.0,30.822010040283203,79.67530488967896,23.13458919525146,16.248011589050293
