mode,load,0_mobilenet_v2-32,1_resnet101-16,2_squeezenet1_0-4,3_vgg11-32
mps-uncap,1.0,30.010318756103516,76.20763778686523,20.15771865844727,15.343904495239258
