mode,load,0_densenet201-16,1_mobilenet_v2-32,2_mobilenet_v2-32,3_squeezenet1_1-4
mps-uncap,1.0,61.630005836486816,14.51186180114746,14.428846836090086,11.039352416992186
