mode,load,0_densenet201-16,1_mobilenet_v2-32,2_mobilenet_v2-32,3_squeezenet1_1-4
mps-uncap,1.0,59.45301055908203,12.22217082977295,12.237071990966797,7.237672805786133
