mode,load,0_densenet169-8,1_resnet18-8
mps-uncap,1.0,14.693737030029297,3.492593765258789
