mode,load,0_densenet121-32,1_mobilenet_v2-32,2_mobilenet_v3_large-16,3_resnet34-2
mps-uncap,1.0,39.24965858459473,12.064576148986816,12.058734893798828,10.605692863464355
