mode,load,0_densenet121-32,1_mobilenet_v2-32,2_mobilenet_v3_large-16,3_resnet34-2
mps-uncap,1.0,40.714430809020996,18.201637268066406,17.355060577392578,16.56017303466797
