mode,load,0_mobilenet_v2-32,1_mobilenet_v3_small-16,2_resnet50-32,3_vgg11-2
mps-uncap,1.0,17.425060272216797,13.616800308227539,24.9631404876709,5.592226982116699
