mode,load,0_mobilenet_v2-32,1_resnet152-2,2_resnet34-32,3_vgg11-32
mps-uncap,1.0,32.04083442687988,98.75369071960449,43.11871528625488,18.050670623779297
