mode,load,0_mobilenet_v2-32,1_resnet152-2,2_resnet34-32,3_vgg11-32
mps-uncap,1.0,28.96595001220703,88.5322093963623,35.07733345031738,14.505147933959961
