mode,load,0_mobilenet_v2-32,1_resnet152-2,2_resnet34-32,3_vgg11-32
mps-uncap,1.0,30.24387836456299,97.88177490234375,41.79618835449218,16.819238662719727
