mode,load,0_mobilenet_v2-32,1_resnet152-2,2_resnet34-32,3_vgg11-32
mps-uncap,1.0,22.716522216796875,74.37753677368164,16.948938369750977,11.605978012084961
