mode,load,0_mobilenet_v2-32,1_mobilenet_v3_small-16,2_resnet101-32,3_squeezenet1_1-4
mps-uncap,1.0,15.149226188659668,14.436154365539549,34.60883617401123,10.964546203613281
