mode,load,0_mobilenet_v2-32,1_mobilenet_v3_small-16,2_resnet101-32,3_squeezenet1_1-4
mps-uncap,1.0,15.813589096069336,15.132665634155273,36.15260124206543,11.955499649047852
