mode,load,0_mobilenet_v2-32,1_mobilenet_v3_small-16,2_resnet101-32,3_squeezenet1_1-4
mps-uncap,1.0,11.604666709899902,9.879112243652344,33.61082077026367,6.139039993286133
