mode,load,0_densenet201-16,1_inception_v3-32,2_resnet18-8
mps-uncap,1.0,37.21046447753906,21.591663360595703,8.919715881347656
