mode,load,0_densenet201-16,1_inception_v3-32,2_resnet18-8
mps-uncap,1.0,35.80307960510254,18.757009506225586,6.1182498931884775
