mode,load,0_densenet121-16,1_densenet169-32,2_mobilenet_v2-32,3_resnet50-8
mps-uncap,1.0,48.880577087402344,73.21453094482422,27.866601943969727,28.00917625427246
