mode,load,0_densenet121-16,1_densenet169-32,2_mobilenet_v2-32,3_resnet50-8
mps-uncap,1.0,387.59043695940295,506.66695598728705,2135.6642231365313,461.0281400899358
