mode,load,0_densenet121-2,1_resnet18-4,2_resnet34-8
mps-uncap,1.0,8.496999740600586,1.7240047454833984,4.07099723815918
