mode,load,0_densenet121-8,1_densenet201-16,2_vgg16-4
mps-uncap,1.0,14.125585556030273,31.604290008544922,3.681659698486328
