mode,load,0_densenet161-2,1_resnet152-4,2_resnet50-16
mps-uncap,1.0,15.001535415649414,9.801149368286133,8.281230926513672
