mode,load,0_densenet161-2,1_resnet152-4,2_resnet50-16
mps-uncap,1.0,24.241924285888672,18.79572868347168,10.517597198486328
