mode,load,0_mobilenet_v2-32,1_mobilenet_v3_large-4,2_resnet34-16,3_resnet34-32
mps-uncap,1.0,19.925355911254883,15.967845916748047,19.875526428222656,22.31311798095703
