mode,load,0_inception_v3-32,1_mobilenet_v2-16,2_mobilenet_v2-32,3_squeezenet1_0-2
mps-uncap,1.0,30.11488914489746,12.547969818115234,13.90695571899414,10.300397872924805
