mode,load,0_efficientnet_b5-2,1_efficientnet_b6-2
mps-uncap,1.0,8.683204650878906,10.025739669799805
