mode,load,0_vgg16-32,1_vgg19-32
mps-uncap,1.0,34.21664237976074,36.470890045166016
