mode,load,0_efficientnet_b7-4,1_inception_v3-32,2_inception_v3-4,3_mobilenet_v2-32
mps-uncap,1.0,48.20716381072998,28.30350399017334,22.095632553100586,13.442611694335938
