mode,load,0_densenet169-4,1_densenet169-4
mig,1.0,0.0002384185791015625,0.0002384185791015625
