mode,load,0_densenet201-8,1_inception_v3-4,2_vgg16-16
mps-uncap,1.0,69.08485889434814,29.811573028564453,11.519908905029297
