mode,load,0_densenet169-32,1_efficientnet_b7-32,2_mobilenet_v2-32,3_resnet152-8
mps-uncap,1.0,92.04649925231934,108.08587074279785,19.268512725830078,71.5479850769043
