mode,load,0_efficientnet_b5-32,1_vgg19-32
mps-uncap,1.0,120.47951698303223,30.71662425994872
