mode,load,0_efficientnet_b5-32,1_vgg19-32
mps-uncap,1.0,50.8882999420166,23.749113082885742
