mode,load,0_inception_v3-8,1_resnet152-8,2_vgg16-32
mps-uncap,1.0,44.621825218200684,82.51714706420898,20.663738250732422
