mode,load,0_inception_v3-8,1_resnet152-8,2_vgg16-32
mps-uncap,1.0,0.000476837158203125,0.000476837158203125,0.000476837158203125
