mode,load,0_densenet161-4,1_inception_v3-32,2_resnet152-8
mps-uncap,1.0,171.65235593490812,1998.0765535741518,374.77130622113333
