mode,load,0_densenet201-2,1_squeezenet1_0-8
mps-uncap,1.0,13.226032257080078,1.9443035125732422
