mode,load,0_densenet201-32,1_mobilenet_v2-32,2_resnet18-16,3_resnet18-8
mps-uncap,1.0,72.79658317565918,17.410993576049805,14.106035232543945,13.885021209716797
