mode,load,0_densenet201-32,1_mobilenet_v2-32,2_resnet18-16,3_resnet18-8
mps-uncap,1.0,69.67854499816895,12.524604797363281,8.407354354858398,7.840156555175781
