mode,load,0_densenet201-32,1_mobilenet_v2-32,2_resnet18-16,3_resnet18-8
mps-uncap,1.0,71.43473625183105,15.654230117797853,10.496854782104492,10.126352310180666
