mode,load,0_densenet201-32,1_mobilenet_v2-32,2_resnet18-16,3_resnet18-8
mps-uncap,1.0,457.9904096554005,2487.8347095428803,1872.9849686987163,1003.0666207756631
