mode,load,0_resnet101-4,1_resnet152-4,2_squeezenet1_1-4
mps-uncap,1.0,0.000476837158203125,0.000476837158203125,0.000476837158203125
