mode,load,0_resnet101-4,1_resnet152-4,2_squeezenet1_1-4
mps-uncap,1.0,8.220434188842773,10.89334487915039,1.8393993377685547
