mode,load,0_densenet201-4,1_mobilenet_v3_small-2,2_mobilenet_v3_small-32
mps-uncap,1.0,13.149023056030273,2.5916099548339844,3.41796875
