mode,load,0_densenet201-32,1_efficientnet_b7-4,2_mobilenet_v2-32,3_resnet18-2
mps-uncap,1.0,60.1353645324707,53.29523086547852,13.714981079101562,7.491779327392579
