mode,load,0_densenet201-32,1_efficientnet_b7-4,2_mobilenet_v2-32,3_resnet18-2
mps-uncap,1.0,60.92655658721924,54.29915428161621,14.913995265960692,10.814461708068848
