mode,load,0_densenet201-32,1_efficientnet_b7-4,2_mobilenet_v2-32,3_resnet18-2
mps-uncap,1.0,62.49046325683594,55.38630485534668,15.578508377075195,11.847972869873047
