mode,load,0_efficientnet_b7-4,1_mobilenet_v3_large-16,2_resnet50-16
mps-uncap,1.0,22.99213409423828,5.493879318237305,9.362936019897461
