mode,load,0_llama-2,1_bert-16
mps-uncap,1.0,54.69188690185547,12.998580932617188
