mode,load,0_llama-2,1_bert-16
mps-uncap,1.0,55.638861656188965,13.333773612976074
