mode,load,0_llama-2,1_bert-16
mps-uncap,1.0,54.69198226928712,12.998819351196289
