mode,load,0_densenet169-32,1_inception_v3-2,2_squeezenet1_1-2
mps-uncap,1.0,23.181915283203125,6.181955337524414,0.9362697601318359
