mode,load,0_densenet121-32,1_efficientnet_b7-8,2_mobilenet_v2-32,3_vgg11-8
mps-uncap,1.0,529.1547168820076,86.64476092663645,1745.5685352834603,1135.36733844183
