mode,load,0_mobilenet_v2-2,1_squeezenet1_0-32,2_vgg19-4
mps-uncap,1.0,6.947994232177734,8.650541305541992,8.646965026855469
