mode,load,0_mobilenet_v2-2,1_squeezenet1_0-32,2_vgg19-4
mps-uncap,1.0,0.000476837158203125,0.000476837158203125,0.000476837158203125
