mode,load,0_mobilenet_v2-2,1_squeezenet1_0-32,2_vgg19-4
mps-uncap,1.0,8.726119995117188,9.081888198852539,10.364103317260742
