mode,load,0_efficientnet_b7-4,1_mobilenet_v2-32,2_squeezenet1_1-4,3_vgg11-32
mps-uncap,1.0,118.61424446105957,28.31554412841797,16.326832771301273,17.269349098205566
