mode,load,0_resnet18-32,1_resnet18-32
mig,1.0,25.82157850265503,24.947242736816403
