mode,load,0_resnet18-32,1_resnet18-32
mig,1.0,7.167720794677735,8.755159378051758
