mode,load,0_resnet18-32,1_resnet18-32
mig,1.0,21.18551731109619,16.885995864868164
