mode,load,0_densenet201-32,1_mobilenet_v2-32,2_resnet18-2,3_resnet34-4
mps-uncap,1.0,59.54909324645996,14.719963073730469,11.464834213256836,16.257286071777344
