mode,load,0_alexnet-8,1_densenet121-4
mps-uncap,1.0,1.1036396026611328,8.169889450073242
