mode,load,0_densenet121-8,1_densenet201-16
mps-uncap,1.0,10.86568832397461,20.426511764526367
