mode,load,0_densenet121-32,1_mobilenet_v3_small-16,2_mobilenet_v3_small-32
mps-uncap,1.0,23.73889684677124,9.591329097747803,9.518823623657227
