mode,load,0_densenet201-32,1_efficientnet_b7-4,2_mobilenet_v2-32,3_mobilenet_v2-8
mps-uncap,1.0,465.65980000166905,70.6506784496075,2357.241996838871,819.5833068519903
