mode,load,0_mobilenet_v2-32,1_mobilenet_v2-8,2_resnet101-32,3_resnet50-16
mps-uncap,1.0,20.832300186157227,18.88132095336914,45.9141731262207,26.624202728271484
