mode,load,0_inception_v3-16,1_mobilenet_v2-2,2_resnet50-8
mps-uncap,1.0,12.331421375274656,4.189338684082031,7.311968803405763
