mode,load,0_densenet201-4,1_mobilenet_v2-32,2_mobilenet_v2-32,3_resnet152-4
mps-uncap,1.0,47.69387245178223,11.858296394348145,11.842942237854004,33.826613426208496
