mode,load,0_densenet121-4,1_mobilenet_v2-2,2_mobilenet_v2-32,3_vgg13-32
mps-uncap,1.0,46.92554473876953,4.126787185668945,16.97564125061035,18.231868743896484
