mode,load,0_mobilenet_v2-32,1_mobilenet_v3_large-2,2_resnet18-32,3_resnet18-8
mps-uncap,1.0,2957.7754481207808,197.97833140126573,3829.143285562516,1153.1796112765653
