mode,load,0_inception_v3-4,1_mobilenet_v2-32,2_resnet50-32,3_vgg19-8
mps-uncap,1.0,51.6824746131897,23.6799955368042,33.23353767395019,16.87662363052368
