mode,load,0_densenet201-2,1_inception_v3-8,2_squeezenet1_1-32
mps-uncap,1.0,12.991189956665039,10.170221328735352,3.917694091796875
