mode,load,0_mobilenet_v2-16,1_resnet50-2,2_vgg11-16
mps-uncap,1.0,13.117790222167969,15.540075302124023,7.590579986572266
