mode,load,0_densenet169-8,1_inception_v3-32,2_mobilenet_v2-32,3_vgg11-16
mps-uncap,1.0,87.29720115661621,58.32242965698242,21.188735961914062,10.14852523803711
