mode,load,0_densenet169-8,1_inception_v3-32,2_mobilenet_v2-32,3_vgg11-16
mps-uncap,1.0,95.37138462066648,62.52461910247803,27.265486717224118,14.080848693847653
