mode,load,0_resnet50-8,1_vgg13-4
mps-uncap,1.0,9.757261276245117,4.260430335998535
