mode,load,0_inception_v3-32,1_mobilenet_v3_large-8,2_resnet152-16
mps-uncap,1.0,19.69609260559082,9.082698822021486,29.169559478759766
