mode,load,0_alexnet-8,1_resnet18-32,2_vgg11-8
mps-uncap,1.0,3.6962032318115234,11.05809211730957,5.532503128051758
