mode,load,0_efficientnet_b7-2,1_mobilenet_v2-32,2_resnet152-32,3_vgg11-16
mps-uncap,1.0,121.54364585876465,29.066085815429688,98.68383407592773,14.566898345947266
