mode,load,0_efficientnet_b7-2,1_inception_v3-32,2_mobilenet_v2-32,3_vgg13-16
mps-uncap,1.0,103.71637344360352,60.88399887084961,25.687694549560547,13.40174674987793
