mode,load,0_inception_v3-2,1_mobilenet_v2-32,2_mobilenet_v3_small-2,3_vgg19-32
mps-uncap,1.0,51.688432693481445,26.004552841186523,21.358489990234375,25.996685028076172
