mode,load,0_inception_v3-32,1_mobilenet_v2-32,2_resnet34-4,3_vgg11-16
mps-uncap,1.0,58.783531188964844,24.215221405029297,27.6947021484375,13.43393325805664
