mode,load,0_densenet121-16,1_densenet161-16,2_mobilenet_v3_small-4
mps-uncap,1.0,871.2478439638423,580.8305347487903,1013.4951156217704
