mode,load,0_bert-8,1_bert-8,2_bert-8,3_bert-8
mig,1.0,20.429372787475586,16.9222354888916,15.15960693359375,21.777868270874023
