mode,load,0_densenet169-32,1_densenet169-4,2_mobilenet_v2-32,3_resnet152-32
mps-uncap,1.0,71.21518135070801,62.14333534240723,21.33300304412842,60.040149688720696
