mode,load,0_densenet201-16,1_efficientnet_b7-16,2_mobilenet_v2-32,3_resnet101-32
mps-uncap,1.0,96.70335054397583,92.34830379486084,23.533427715301496,51.1865234375
