mode,load,0_densenet169-32,1_mobilenet_v2-32,2_resnet50-2,3_vgg13-16
mps-uncap,1.0,93.30916404724121,19.526004791259766,7.30133056640625,9.92131233215332
