mode,load,0_squeezenet1_0-4,1_squeezenet1_0-4,2_vgg16-32
mps-uncap,1.0,18.26763153076172,18.313703536987305,21.053171157836914
