mode,load,0_densenet169-2,1_efficientnet_b5-8
mps-uncap,1.0,10.579204559326172,10.50267219543457
