mode,load,0_densenet169-2,1_efficientnet_b5-8
mps-uncap,1.0,9.985923767089844,9.85574722290039
