mode,load,0_alexnet-16,1_inception_v3-2,2_squeezenet1_1-16
mps-uncap,1.0,0.000476837158203125,0.000476837158203125,0.000476837158203125
