mode,load,0_alexnet-4,1_resnet34-16,2_vgg19-2
mps-uncap,1.0,1.634836196899414,7.884621620178223,4.479169845581055
