mode,load,0_efficientnet_b6-4,1_squeezenet1_0-8
mps-uncap,1.0,15.316629409790039,2.586245536804199
