mode,load,0_efficientnet_b6-4,1_squeezenet1_0-8
mps-uncap,1.0,14.158964157104492,1.9321441650390625
