mode,load,0_densenet169-32,1_efficientnet_b6-4,2_mobilenet_v2-32,3_mobilenet_v2-8
mps-uncap,1.0,51.50461196899414,44.22657489776611,14.448022842407228,11.113762855529792
