mode,load,0_inception_v3-2,1_mobilenet_v2-32,2_resnet18-32,3_squeezenet1_1-2
mps-uncap,1.0,18.772482872009277,9.781122207641602,8.01396369934082,4.693031311035156
