mode,load,0_efficientnet_b7-4,1_inception_v3-4
mps-uncap,1.0,15.039732456207275,6.3152265548706055
