mode,load,0_efficientnet_b7-4,1_inception_v3-4
mps-uncap,1.0,13.31186294555664,4.874944686889648
