mode,load,0_densenet169-2,1_resnet34-32,2_vgg19-4
mps-uncap,1.0,25.86984634399414,9.828329086303711,4.713535308837891
