mode,load,0_efficientnet_b7-2,1_mobilenet_v2-32,2_resnet50-2,3_vgg16-32
mps-uncap,1.0,140.05415439605713,31.28838539123535,39.737796783447266,23.338985443115234
