mode,load,0_efficientnet_b6-2,1_resnet18-32
mps-uncap,1.0,13.110160827636719,4.327535629272461
