mode,load,0_efficientnet_b6-8,1_mobilenet_v3_large-2,2_mobilenet_v3_small-32
mps-uncap,1.0,0.000476837158203125,0.000476837158203125,0.0059604644775390625
