mode,load,0_resnet101-8,1_resnet34-32
mps-uncap,1.0,15.672898292541502,8.950257301330568
