mode,load,0_resnet101-8,1_resnet34-32
mps-uncap,1.0,570.0180558331359,3806.797468829691
