mode,load,0_densenet201-2,1_mobilenet_v3_small-8
mps-uncap,1.0,12.369632720947266,2.3131370544433594
