mode,load,0_densenet169-32,1_densenet201-16,2_efficientnet_b6-8
mps-uncap,1.0,42.905330657958984,46.143293380737305,36.17978096008301
