mode,load,0_densenet121-32,1_densenet201-4
mps-uncap,1.0,18.336243629455566,26.05435848236084
