mode,load,0_mobilenet_v2-32,1_mobilenet_v2-32,2_resnet101-8,3_vgg11-2
mps-uncap,1.0,17.802095413208008,17.757272720336914,32.729339599609375,9.810447692871094
