mode,load,0_mobilenet_v2-32,1_mobilenet_v2-32,2_resnet101-8,3_vgg11-2
mps-uncap,1.0,0.0016689300537109375,0.000476837158203125,0.000476837158203125,0.000476837158203125
