mode,load,0_mobilenet_v2-32,1_mobilenet_v2-32,2_resnet101-8,3_vgg11-2
mps-uncap,1.0,14.562129974365234,14.741897583007812,21.635770797729492,1.8634796142578125
