mode,load,0_efficientnet_b6-2,1_inception_v3-32
mps-uncap,1.0,144.02193278410874,2752.0111498065617
