mode,load,0_alexnet-16,1_mobilenet_v2-32,2_mobilenet_v2-8,3_resnet152-32
mps-uncap,1.0,9.609460830688477,19.731998443603516,17.923355102539062,62.652587890625
