mode,load,0_densenet161-32,1_resnet50-2
mps-uncap,1.0,35.384178161621094,13.390541076660156
