mode,load,0_resnet50-16,1_resnet50-16,2_resnet50-16,3_resnet50-16
mig,1.0,21.109461784362793,21.217942237854004,21.228909492492676,41.29219055175781
