mode,load,0_efficientnet_b5-2,1_mobilenet_v2-32,2_mobilenet_v2-8,3_vgg19-32
mps-uncap,1.0,40.89689254760742,18.95308494567871,10.035991668701172,23.694753646850586
