mode,load,0_densenet161-32,1_densenet201-16,2_efficientnet_b7-2,3_mobilenet_v2-32
mps-uncap,1.0,508.5208858508039,235.48377367163553,33.262687552658605,2442.0044253740907
