mode,load,0_resnet34-2,1_vgg16-8,2_vgg19-2
mps-uncap,1.0,13.386535644531245,7.76247978210449,8.38376760482788
