mode,load,0_mobilenet_v2-32,1_resnet152-16,2_resnet18-32,3_squeezenet1_0-4
mps-uncap,1.0,2376.388084570545,329.2730683600467,3201.542422172821,538.5844289261604
