mode,load,0_efficientnet_b5-2,1_efficientnet_b5-2,2_efficientnet_b5-2,3_efficientnet_b5-2
mig,1.0,9.94165420532226,9.971723556518551,9.2010498046875,13.861570358276367
