mode,load,0_efficientnet_b5-2,1_efficientnet_b5-2,2_efficientnet_b5-2,3_efficientnet_b5-2
mig,1.0,166.76362577107568,174.11074065478314,175.80535201081452,164.90105250812385
