mode,load,0_mobilenet_v2-32,1_mobilenet_v3_small-2,2_resnet152-4,3_resnet50-32
mps-uncap,1.0,17.84372329711914,14.122486114501953,45.273804664611816,24.326181411743164
