mode,load,0_resnet18-16,1_squeezenet1_1-8
mps-uncap,1.0,4.373311996459961,3.4394264221191406
