mode,load,0_alexnet-2,1_densenet201-16,2_resnet34-8
mps-uncap,1.0,0.0007152557373046875,0.000476837158203125,0.000476837158203125
