mode,load,0_alexnet-2,1_densenet201-16,2_resnet34-8
mps-uncap,1.0,1.524496078491212,28.258562088012695,6.676578521728516
