mode,load,0_alexnet-2,1_densenet201-16,2_resnet34-8
mps-uncap,1.0,2.767324447631836,29.088258743286133,7.97271728515625
