mode,load,0_efficientnet_b5-8,1_resnet101-2
mps-uncap,1.0,11.715412139892578,7.9347777366638175
