mode,load,0_efficientnet_b5-8,1_resnet101-2
mps-uncap,1.0,11.208534240722656,7.025718688964844
