mode,load,0_densenet121-2,1_mobilenet_v2-32,2_resnet101-4,3_resnet152-32
mps-uncap,1.0,22.429943084716797,10.834932327270508,15.190839767456055,49.22842979431152
