mode,load,0_mobilenet_v2-32,1_mobilenet_v3_small-8,2_resnet101-2,3_resnet101-32
mps-uncap,1.0,0.0021457672119140625,0.008106231689453125,0.000476837158203125,0.000476837158203125
