mode,load,0_efficientnet_b6-8,1_mobilenet_v2-32,2_mobilenet_v3_small-4,3_resnet34-32
mps-uncap,1.0,174.3092589309219,2427.58223949486,448.17848944762784,2001.4734520695497
