mode,load,0_alexnet-2,1_resnet101-2
mps-uncap,1.0,1.9392967224121094,7.874727249145508
