mode,load,0_alexnet-2,1_resnet101-2
mps-uncap,1.0,0.5922317504882812,5.214691162109375
