mode,load,0_densenet121-4,1_densenet201-8,2_efficientnet_b5-8
mps-uncap,1.0,13.321638107299805,21.1942195892334,16.566991806030273
