mode,load,0_densenet121-4,1_mobilenet_v3_small-16,2_resnet152-8
mps-uncap,1.0,10.76362371444702,4.209792613983153,13.713502883911133
