mode,load,0_vgg19-16,1_densenet169-16,2_mobilenet_v3_small-2
mps-uncap,1.0,0.000476837158203125,0.000476837158203125,0.000476837158203125
mig,1.0,0.000476837158203125,0.000476837158203125,0.000476837158203125
