mode,load,0_mobilenet_v3_large-2,1_mobilenet_v3_large-8,2_resnet34-16
mps-uncap,1.0,3.925795555114746,3.960132598876953,5.536086559295654
