mode,load,0_efficientnet_b5-4,1_efficientnet_b7-16,2_mobilenet_v2-32,3_resnet18-32
mps-uncap,1.0,54.79999542236328,76.57861232757568,19.142141342163086,14.299304485321047
