mode,load,0_efficientnet_b5-4,1_efficientnet_b7-16,2_mobilenet_v2-32,3_resnet18-32
mps-uncap,1.0,53.06715965270996,75.06732940673828,17.826414108276367,12.946915626525879
