mode,load,0_alexnet-8,1_resnet18-8
mps-uncap,1.0,1.272439956665039,2.5153160095214844
