mode,load,0_inception_v3-32,1_squeezenet1_1-4,2_vgg13-2
mps-uncap,1.0,19.020795822143555,2.963900566101074,2.6543140411376953
