mode,load,0_efficientnet_b7-2,1_mobilenet_v2-32,2_resnet18-32,3_vgg19-2
mps-uncap,1.0,62.22996711730957,15.18697738647461,12.712526321411133,10.29820442199707
