mode,load,0_efficientnet_b7-2,1_mobilenet_v2-32,2_resnet18-32,3_vgg19-2
mps-uncap,1.0,59.068918228149414,14.159202575683594,11.320948600769043,8.152008056640625
