mode,load,0_densenet121-16,1_resnet101-4,2_resnet18-8
mps-uncap,1.0,1039.7906869706164,340.5251797637548,2306.831573368754
