mode,load,0_mobilenet_v2-32,1_resnet50-2,2_resnet50-4,3_vgg13-32
mps-uncap,1.0,0.0007152557373046875,0.0007152557373046875,0.000476837158203125,0.006198883056640625
