mode,load,0_densenet121-2,1_mobilenet_v2-16
mps-uncap,1.0,8.751392364501953,3.4418106079101562
