mode,load,0_densenet169-32,1_mobilenet_v2-32,2_mobilenet_v3_large-8,3_resnet101-2
mps-uncap,1.0,51.39768600463867,18.169879913330078,17.64481544494629,27.398433685302734
