mode,load,0_densenet169-8,1_mobilenet_v2-2,2_mobilenet_v2-32,3_resnet101-32
mps-uncap,1.0,57.33685493469238,15.506396293640135,19.23461914062499,39.7337532043457
