mode,load,0_densenet169-8,1_mobilenet_v2-2,2_mobilenet_v2-32,3_resnet101-32
mps-uncap,1.0,57.97243118286133,17.484664916992188,21.39735221862793,40.60935974121094
