mode,load,0_densenet169-8,1_mobilenet_v2-2,2_mobilenet_v2-32,3_resnet101-32
mps-uncap,1.0,55.67507743835449,13.094949722290043,17.153644561767578,39.049482345581055
