mode,load,0_densenet161-8,1_mobilenet_v2-32,2_resnet50-32,3_squeezenet1_0-16
mps-uncap,1.0,79.20054912567139,24.37649726867676,32.4675989151001,18.179383277893066
