mode,load,0_densenet201-8,1_mobilenet_v2-32,2_mobilenet_v3_large-8,3_vgg19-32
mps-uncap,1.0,159.1637134552002,38.39468955993652,44.87729072570801,29.67381477355957
