mode,load,0_mobilenet_v3_large-8,1_mobilenet_v3_small-16,2_vgg13-4
mps-uncap,1.0,4.609346389770508,3.0176639556884766,2.985715866088867
