mode,load,0_vgg13-2,1_vgg13-2
mig,0.1,5.160331726074219,7.546424865722656
mig,0.2,7.78508186340332,7.228374481201172
mig,0.3,9.402275085449219,14.903068542480469
mig,0.4,12.441158294677734,17.90595054626465
mig,0.5,174.8974323272705,218.08099746704102
mig,0.6,20.895957946777344,27.822256088256836
mig,0.7,22.818326950073242,51.44309997558594
mig,0.8,26.20387077331543,84.5038890838623
mig,0.9,61.440467834472656,3712.7907276153564
mig,1.0,107.01775550842285,7744.5313930511475
