mode,load,0_densenet121-32,1_mobilenet_v2-32,2_resnet34-4,3_vgg11-32
mps-uncap,1.0,51.98502540588379,19.43516731262207,15.399456024169922,11.983633041381836
