mode,load,0_densenet161-32,1_resnet18-16
mps-uncap,1.0,39.86334800720215,3.393888473510742
