mode,load,0_alexnet-2,1_densenet201-32,2_mobilenet_v3_large-16
mps-uncap,1.0,1.3613700866699219,43.053388595581055,7.2193145751953125
