mode,load,0_resnet34-4,1_squeezenet1_1-32,2_vgg16-16
mps-uncap,1.0,21.98173999786377,13.827800750732422,13.040781021118164
