mode,load,0_densenet121-32,1_mobilenet_v2-32,2_mobilenet_v3_large-2,3_resnet18-2
mps-uncap,1.0,30.60126304626465,8.869409561157227,8.076786994934082,5.142450332641602
