mode,load,0_densenet121-32,1_mobilenet_v2-32,2_mobilenet_v3_large-2,3_resnet18-2
mps-uncap,1.0,32.54866600036621,14.715909957885742,13.705015182495117,11.513710021972656
