mode,load,0_resnet34-8,1_squeezenet1_0-32
mps-uncap,1.0,8.006453514099144,6.69550895690918
