mode,load,0_resnet34-8,1_squeezenet1_0-32
mps-uncap,1.0,1105.6365070753895,4864.076800519041
