mode,load,0_densenet169-2,1_mobilenet_v2-32,2_resnet152-32,3_resnet18-2
mps-uncap,1.0,58.42304229736328,26.501893997192383,58.75420570373535,20.504474639892578
