mode,load,0_densenet201-2,1_mobilenet_v2-32,2_mobilenet_v3_small-2,3_resnet101-32
mps-uncap,1.0,52.69413471221924,14.217529296875,12.92642593383789,31.757462024688724
