mode,load,0_densenet121-4,1_mobilenet_v3_large-32
mps-uncap,1.0,12.113094329833984,6.346702575683594
