mode,load,0_densenet121-4,1_mobilenet_v3_large-32
mps-uncap,1.0,368.0298098559665,5888.5056204594675
