mode,load,0_densenet161-8,1_vgg11-32,2_vgg13-2
mps-uncap,1.0,84.21850204467773,13.342618942260742,12.69681453704834
