mode,load,0_densenet169-4,1_mobilenet_v2-32,2_resnet18-32,3_squeezenet1_1-32
mps-uncap,1.0,53.778228759765625,15.047299861907955,11.355991363525389,11.434984207153319
