mode,load,0_efficientnet_b6-8,1_mobilenet_v2-32,2_resnet101-32,3_resnet50-8
mps-uncap,1.0,70.79652786254883,22.83346176147461,48.52750778198243,26.384687423706062
