mode,load,0_alexnet-4,1_alexnet-8,2_mobilenet_v3_small-2
mps-uncap,1.0,2.529144287109375,2.6819705963134766,3.842592239379883
