mode,load,0_efficientnet_b6-8,1_vgg11-4,2_vgg19-8
mps-uncap,1.0,34.728288650512695,3.6079883575439453,8.942365646362305
