mode,load,0_resnet50-16,1_squeezenet1_1-32
mps-uncap,1.0,11.456739902496338,6.743988990783691
