mode,load,0_resnet50-16,1_squeezenet1_1-32
mps-uncap,1.0,12.238264083862305,7.331609725952148
