mode,load,0_efficientnet_b7-4,1_mobilenet_v3_large-32,2_vgg16-16
mps-uncap,1.0,84.32483673095703,21.205902099609375,12.433290481567383
