mode,load,0_efficientnet_b6-16,1_efficientnet_b7-4,2_mobilenet_v2-32,3_resnet50-32
mps-uncap,1.0,70.4646110534668,74.24449920654297,13.307571411132812,22.29928970336914
