mode,load,0_densenet201-32,1_resnet101-32,2_resnet50-32
mps-uncap,1.0,100.73065757751465,49.05414581298828,30.87782859802246
