mode,load,0_densenet201-32,1_resnet101-32,2_resnet50-32
mps-uncap,1.0,59.49139595031738,29.936552047729492,20.090818405151367
