mode,load,0_densenet201-32,1_resnet101-32,2_resnet50-32
mps-uncap,1.0,98.17442893981934,48.03264141082764,28.409957885742188
