mode,load,0_densenet201-32,1_resnet101-32,2_resnet50-32
mps-uncap,1.0,96.61412239074707,45.74894905090332,25.165319442749023
