mode,load,0_densenet161-32,1_resnet50-2,2_vgg19-16
mps-uncap,1.0,50.029754638671875,15.08641242980957,13.381481170654297
