mode,load,0_efficientnet_b5-2,1_inception_v3-16,2_mobilenet_v3_large-2
mps-uncap,1.0,11.077451705932617,8.632659912109375,3.422975540161133
