mode,load,0_densenet169-4,1_vgg19-8
mps-uncap,1.0,22.608518600463867,6.220102310180664
