mode,load,0_densenet169-2,1_densenet169-4
mps-uncap,1.0,201.04010158278103,406.0214362496023
