mode,load,0_squeezenet1_0-8,1_vgg11-4,2_vgg19-32
mps-uncap,1.0,23.879380226135254,19.268655776977536,27.180016040802002
