mode,load,0_alexnet-2,1_resnet18-4
mps-uncap,1.0,2.0203590393066406,2.941131591796875
