mode,load,0_mobilenet_v3_small-8,1_squeezenet1_0-4,2_squeezenet1_1-2
mps-uncap,1.0,0.0059604644775390625,0.0050067901611328125,0.023126602172851562
