mode,load,0_efficientnet_b5-16,1_mobilenet_v3_large-16
mps-uncap,1.0,19.425392150878906,4.41431999206543
