mode,load,0_efficientnet_b5-16,1_mobilenet_v3_large-16
mps-uncap,1.0,22.68815040588379,10.578393936157227
