mode,load,0_densenet169-8,1_vgg13-4
mps-uncap,1.0,20.029425621032715,3.0508041381835938
