mode,load,0_densenet201-16,1_mobilenet_v3_small-32
mps-uncap,1.0,0.0040531158447265625,0.000476837158203125
