mode,load,0_densenet201-16,1_mobilenet_v3_small-32
mps-uncap,1.0,19.80304718017578,3.3316612243652344
