mode,load,0_mobilenet_v2-32,1_mobilenet_v3_large-2,2_resnet34-32,3_vgg11-8
mps-uncap,1.0,17.97058582305908,18.197898864746094,23.574669361114502,9.617786407470703
