mode,load,0_densenet161-16,1_efficientnet_b5-2,2_mobilenet_v2-32,3_vgg11-32
mps-uncap,1.0,137.16745376586914,106.3385009765625,35.87222099304199,23.44226837158203
