mode,load,0_densenet201-4,1_efficientnet_b5-4,2_efficientnet_b5-4
mps-uncap,1.0,16.074657440185547,10.864734649658203,11.772990226745605
