mode,load,0_mobilenet_v2-32,1_mobilenet_v3_large-16,2_resnet152-32,3_resnet18-32
mps-uncap,1.0,23.19622039794922,23.252344131469737,73.26579093933105,19.118452072143555
