mode,load,0_alexnet-16,1_inception_v3-16,2_mobilenet_v2-32,3_resnet152-32
mps-uncap,1.0,1.8908977508544922,27.787208557128906,11.157035827636719,41.115522384643555
