mode,load,0_vgg11-32,1_vgg11-32
mig,1.0,19.312314987182617,23.594563007354736
