mode,load,0_vgg11-32,1_vgg11-32
mig,1.0,31.134366989135742,28.24234962463379
