mode,load,0_densenet121-4,1_resnet18-4,2_squeezenet1_1-2
mps-uncap,1.0,8.171796798706055,1.8139600753784186,1.4204978942871094
