mode,load,0_densenet121-4,1_resnet18-4,2_squeezenet1_1-2
mps-uncap,1.0,8.309721946716309,1.928567886352539,1.5684509277343746
