mode,load,0_mobilenet_v2-32,1_resnet34-2,2_resnet34-32,3_vgg11-32
mps-uncap,1.0,33.30254554748535,31.90302848815918,41.545915603637695,19.89269256591797
