mode,load,0_densenet121-4,1_efficientnet_b6-4,2_mobilenet_v3_large-32
mps-uncap,1.0,15.113353729248047,22.94635772705078,7.868528366088867
