mode,load,0_densenet121-4,1_efficientnet_b6-4,2_mobilenet_v3_large-32
mps-uncap,1.0,0.0007152557373046875,0.000476837158203125,0.000476837158203125
