mode,load,0_resnet101-16,1_squeezenet1_1-4,2_vgg11-32
mps-uncap,1.0,55.350303649902344,12.714099884033203,13.300180435180664
