mode,load,0_resnet18-4,1_resnet34-8,2_vgg19-32
mps-uncap,1.0,3.0155181884765625,15.701770782470703,21.93164825439453
