mode,load,0_resnet18-4,1_resnet34-8,2_vgg19-32
mps-uncap,1.0,20.99419355392456,29.319088459014896,24.404263496398926
