mode,load,0_resnet18-4,1_resnet34-8,2_vgg19-32
mps-uncap,1.0,21.60167694091797,30.457496643066406,25.113344192504883
