mode,load,0_densenet201-2,1_densenet201-4,2_vgg19-4
mps-uncap,1.0,21.148204803466797,24.56974983215332,5.944967269897461
