mode,load,0_densenet201-2,1_densenet201-4,2_vgg19-4
mps-uncap,1.0,20.539138317108154,23.700151443481445,5.132865905761719
