mode,load,0_alexnet-32,1_alexnet-32,2_inception_v3-32
mps-uncap,1.0,6.007909774780273,6.5250396728515625,31.05640411376953
