mode,load,0_efficientnet_b6-4,1_efficientnet_b7-32
mps-uncap,1.0,42.105913162231445,54.56690788269043
