mode,load,0_inception_v3-16,1_efficientnet_b7-8,2_resnet101-8
mps-uncap,1.0,0.0002384185791015625,0.0002384185791015625,0.0002384185791015625
mig,1.0,0.0002384185791015625,0.0002384185791015625,0.0002384185791015625
