mode,load,0_alexnet-16,1_densenet161-32,2_mobilenet_v2-32,3_resnet101-4
mps-uncap,1.0,1.758575439453125,52.259206771850586,10.939598083496094,26.14283561706543
