mode,load,0_alexnet-16,1_densenet161-32,2_mobilenet_v2-32,3_resnet101-4
mps-uncap,1.0,5.9177160263061515,71.29204273223877,18.83857250213623,36.55400276184082
