mode,load,0_alexnet-16,1_densenet161-32,2_mobilenet_v2-32,3_resnet101-4
mps-uncap,1.0,3832.449425634852,457.12768980112327,2184.1197696077056,123.71346869641224
