mode,load,0_densenet201-16,1_mobilenet_v2-32,2_mobilenet_v2-32,3_squeezenet1_1-2
mps-uncap,1.0,39.15810585021973,11.760950088500977,11.871337890625,1.7750263214111328
