mode,load,0_densenet161-32,1_mobilenet_v3_large-4,2_vgg11-8
mps-uncap,1.0,68.79091262817383,11.639118194580078,5.09798526763916
