mode,load,0_densenet161-32,1_mobilenet_v3_large-4,2_vgg11-8
mps-uncap,1.0,465.75800204922484,321.4926604730252,1498.0081598875386
