mode,load,0_efficientnet_b6-4,1_resnet34-32
mps-uncap,1.0,20.351171493530273,8.110523223876953
