mode,load,0_densenet201-32,1_densenet201-8,2_mobilenet_v2-32,3_squeezenet1_0-32
mps-uncap,1.0,352.0529391515428,98.62804189774339,1944.850131210177,2596.5829324598944
