mode,load,0_densenet169-32,1_efficientnet_b5-16
mps-uncap,1.0,38.1382942199707,28.369855880737305
