mode,load,0_densenet169-32,1_efficientnet_b5-16
mps-uncap,1.0,882.3323198755438,620.8561663078791
