mode,load,0_alexnet-16,1_mobilenet_v3_large-8
mps-uncap,1.0,1.6269683837890625,3.3485889434814453
