mode,load,0_efficientnet_b7-4,1_inception_v3-32,2_mobilenet_v2-32,3_mobilenet_v3_small-4
mps-uncap,1.0,44.118499755859375,25.325822830200195,11.057496070861816,8.557796478271484
