mode,load,0_densenet201-8,1_densenet201-8,2_mobilenet_v3_large-32
mps-uncap,1.0,30.45177459716797,29.516935348510742,8.977651596069336
