mode,load,0_densenet201-8,1_densenet201-8,2_mobilenet_v3_large-32
mps-uncap,1.0,27.97865867614746,27.95398235321045,6.854772567749023
