mode,load,0_densenet201-8,1_vgg19-4
mps-uncap,1.0,23.134231567382812,4.414558410644531
