mode,load,0_efficientnet_b5-2,1_mobilenet_v2-32,2_resnet101-32,3_squeezenet1_0-16
mps-uncap,1.0,52.204132080078125,16.283154487609863,44.852495193481445,10.730385780334473
