mode,load,0_alexnet-4,1_mobilenet_v2-16,2_resnet34-4
mps-uncap,1.0,2.4971961975097656,4.876728057861327,6.383318901062011
