mode,load,0_alexnet-4,1_mobilenet_v2-16,2_resnet34-4
mps-uncap,1.0,3.619670867919922,5.899190902709961,6.822347640991211
