mode,load,0_alexnet-4,1_densenet201-16,2_vgg19-32
mps-uncap,1.0,0.8425712585449219,80.97267150878906,22.464513778686523
