mode,load,0_alexnet-4,1_densenet201-16,2_vgg19-32
mps-uncap,1.0,0.0002384185791015625,0.0002384185791015625,0.0002384185791015625
