mode,load,0_mobilenet_v3_small-16,1_resnet152-16
mps-uncap,1.0,4.325675964355469,17.178773880004883
