mode,load,0_densenet161-2,1_efficientnet_b6-16,2_mobilenet_v2-32,3_resnet18-32
mps-uncap,1.0,53.9339542388916,57.93294906616211,16.32089614868164,12.218785285949707
