mode,load,0_inception_v3-2,1_inception_v3-8,2_mobilenet_v2-32,3_resnet101-32
mps-uncap,1.0,28.166770935058594,30.776524543762207,16.831660270690918,38.19427490234375
