mode,load,0_mobilenet_v3_large-8,1_vgg11-32,2_vgg19-16
mps-uncap,1.0,49.318366050720215,19.478976726531982,30.912280082702637
