mode,load,0_densenet169-4,1_efficientnet_b6-16,2_mobilenet_v3_small-8
mps-uncap,1.0,26.11851692199707,25.460004806518555,8.268117904663086
