mode,load,0_mobilenet_v3_large-2,1_vgg11-32,2_vgg16-2
mps-uncap,1.0,14.703369140625005,12.03608512878418,12.097883224487305
