mode,load,0_mobilenet_v3_small-32,1_resnet152-2
mps-uncap,1.0,4.348278045654297,9.743213653564453
