mode,load,0_efficientnet_b7-8,1_mobilenet_v2-32,2_resnet50-2
mps-uncap,1.0,35.58039665222168,8.30221176147461,8.150100708007812
