mode,load,0_densenet169-4,1_efficientnet_b7-4
mps-uncap,1.0,382.3946206945028,289.40999750223847
