mode,load,0_resnet18-4,1_squeezenet1_0-16
mps-uncap,1.0,4.403591156005859,4.734992980957031
