mode,load,0_resnet18-4,1_squeezenet1_0-16
mps-uncap,1.0,2.516031265258789,3.4761428833007812
