mode,load,0_resnet18-4,1_squeezenet1_0-16
mps-uncap,1.0,3.294229507446289,3.5765552520751953
