mode,load,0_resnet18-4,1_vgg19-4
mps-uncap,1.0,4.78053092956543,5.578517913818359
