mode,load,0_mobilenet_v2-32,1_mobilenet_v3_large-2,2_resnet152-16,3_vgg11-32
mps-uncap,1.0,27.249574661254883,23.936033248901367,94.2220687866211,15.729904174804688
