mode,load,0_alexnet-16,1_vgg11-4
mps-uncap,1.0,3.4682750701904297,4.586935043334961
