mode,load,0_alexnet-16,1_vgg11-4
mps-uncap,1.0,2.3539066314697266,3.181076049804688
