mode,load,0_resnet101-8,1_resnet152-8
mps-uncap,1.0,10.012149810791016,14.234781265258789
