mode,load,0_efficientnet_b5-16,1_resnet152-16,2_vgg11-32
mps-uncap,1.0,81.54082298278809,21.997451782226562,11.729955673217773
