mode,load,0_efficientnet_b5-16,1_resnet152-16,2_vgg11-32
mps-uncap,1.0,92.66400337219238,100.93691349029541,14.30215835571289
