mode,load,0_resnet18-4,1_resnet34-8
mps-uncap,1.0,2.852916717529297,4.530191421508789
