mode,load,0_mobilenet_v3_large-2,1_vgg11-4
mps-uncap,1.0,643.4512161307715,1909.9119210930357
