mode,load,0_resnet101-4,1_vgg19-8
mps-uncap,1.0,21.525859832763672,8.402347564697266
