mode,load,0_alexnet-8,1_densenet161-4,2_vgg11-4
mps-uncap,1.0,1.486063003540039,11.435270309448242,2.578258514404297
