mode,load,0_inception_v3-16,1_mobilenet_v2-32,2_resnet152-8,3_vgg16-32
mps-uncap,1.0,35.778045654296875,17.035961151123047,69.99635696411133,23.241043090820312
