mode,load,0_densenet121-32,1_mobilenet_v2-32,2_mobilenet_v2-4,3_resnet152-8
mps-uncap,1.0,35.561561584472656,10.612130165100098,8.112311363220215,38.808345794677734
