mode,load,0_densenet121-32,1_mobilenet_v2-32,2_mobilenet_v2-4,3_resnet152-8
mps-uncap,1.0,901.0751288016331,2763.3244988854017,475.08963401768864,204.57907158894244
