mode,load,0_efficientnet_b5-4,1_resnet18-16
mps-uncap,1.0,13.084888458251953,4.525899887084961
