mode,load,0_densenet121-2,1_densenet201-2,2_squeezenet1_0-2
mps-uncap,1.0,6.97636604309082,12.229204177856445,0.9965896606445312
