mode,load,0_densenet121-2,1_densenet201-2,2_squeezenet1_0-2
mps-uncap,1.0,0.000476837158203125,0.000476837158203125,0.0054836273193359375
