mode,load,0_densenet121-2,1_densenet201-2,2_squeezenet1_0-2
mps-uncap,1.0,9.647846221923828,16.432762145996094,2.5413036346435547
