mode,load,0_densenet169-32,1_inception_v3-2,2_mobilenet_v2-32,3_resnet101-2
mps-uncap,1.0,47.89738655090332,23.499107360839847,16.492271423339844,24.48091506958008
