mode,load,0_densenet161-4,1_mobilenet_v2-16,2_vgg11-2
mps-uncap,1.0,23.33378791809082,5.617856979370117,2.6264190673828125
