mode,load,0_alexnet-16,1_mobilenet_v2-32,2_resnet101-2,3_resnet101-32
mps-uncap,1.0,1.8851757049560547,11.174201965332031,19.208192825317383,27.74667739868164
