mode,load,0_alexnet-16,1_mobilenet_v2-32,2_resnet101-2,3_resnet101-32
mps-uncap,1.0,8.594639301300049,21.744687557220463,36.41235828399658,46.06544494628906
