mode,load,1_mobilenet_v2-2,2_resnet101-32
mps-uncap,1.0,237.34933915236564,623.2566486871106
