mode,load,0_alexnet-2,1_inception_v3-32,2_mobilenet_v2-32,3_mobilenet_v3_large-2
mps-uncap,1.0,0.6694793701171875,21.878719329833984,7.88426399230957,3.8678646087646484
