mode,load,0_efficientnet_b5-4,1_resnet50-16,2_vgg19-4
mps-uncap,1.0,33.530235290527344,16.300201416015625,8.893489837646484
