mode,load,0_efficientnet_b5-8,1_inception_v3-32,2_mobilenet_v2-32,3_resnet50-32
mps-uncap,1.0,57.47568607330322,43.11490058898926,16.258716583251953,24.036884307861328
