mode,load,0_densenet161-2,1_densenet169-4,2_densenet201-2
mps-uncap,1.0,13.10276985168457,13.215303421020508,16.271591186523438
