mode,load,0_efficientnet_b5-16,1_mobilenet_v2-4
mps-uncap,1.0,17.424583435058594,5.847024917602539
