mode,load,0_densenet161-8,1_mobilenet_v2-32,2_resnet152-32,3_vgg13-2
mps-uncap,1.0,68.29514503479004,20.821094512939453,68.61238479614258,9.138107299804688
