mode,load,0_densenet161-8,1_mobilenet_v2-32,2_resnet152-32,3_vgg13-2
mps-uncap,1.0,66.73741340637207,16.5712833404541,67.56746768951416,6.598711013793945
