mode,load,0_resnet101-32,1_resnet34-2,2_vgg11-8
mps-uncap,1.0,39.64710235595703,11.75999641418457,5.243062973022461
