mode,load,0_resnet101-32,1_resnet34-2,2_vgg11-8
mps-uncap,1.0,807.0441924626338,161.48267417921835,1428.8538698682355
