mode,load,0_densenet161-16,1_vgg19-32
mps-uncap,1.0,84.16962623596191,21.74520492553711
