mode,load,0_mobilenet_v2-4,1_vgg13-8
mps-uncap,1.0,7.946491241455078,6.083965301513672
