mode,load,0_mobilenet_v2-4,1_vgg13-8
mps-uncap,1.0,6.2361478805542,5.082607269287109
