mode,load,0_efficientnet_b7-4,1_mobilenet_v2-32,2_mobilenet_v3_large-16,3_resnet101-32
mps-uncap,1.0,67.80505180358887,13.255476951599121,13.797760009765625,37.13655471801758
