mode,load,0_alexnet-8,1_vgg16-16
mps-uncap,1.0,5.9108734130859375,11.444330215454102
