mode,load,0_alexnet-32,1_squeezenet1_1-4
mps-uncap,1.0,2.4303579330444336,2.491154670715332
