mode,load,0_alexnet-32,1_squeezenet1_1-4
mps-uncap,1.0,2.394437789916992,2.447366714477539
