mode,load,0_mobilenet_v2-32,1_resnet101-8,2_resnet18-32,3_vgg13-4
mps-uncap,1.0,1850.9100219382362,207.83314464429986,2413.5027248802953,501.04966939744236
