mode,load,0_densenet161-32,1_mobilenet_v3_large-32,2_resnet101-16
mps-uncap,1.0,530.3509474563074,2353.6223204666994,511.9699039437963
