mode,load,0_inception_v3-32,1_vgg11-32
mps-uncap,1.0,51.17034912109375,13.95559310913086
