mode,load,0_mobilenet_v2-32,1_mobilenet_v2-4,2_mobilenet_v3_small-4,3_resnet101-32
mps-uncap,1.0,9.407520294189453,4.212379455566406,4.130363464355469,33.06412696838379
