mode,load,0_mobilenet_v3_large-16,1_resnet152-2,2_vgg16-4
mps-uncap,1.0,7.697083950042724,19.825992584228512,5.308389663696289
