mode,load,0_densenet121-16,1_resnet101-4
mps-uncap,1.0,13.195991516113281,10.141611099243164
