mode,load,0_densenet161-8,1_mobilenet_v2-32,2_resnet50-32,3_vgg11-2
mps-uncap,1.0,65.28210639953613,18.244266510009766,27.196884155273438,6.051421165466309
