mode,load,0_densenet161-8,1_mobilenet_v2-32,2_resnet50-32,3_vgg11-2
mps-uncap,1.0,81.88462257385254,31.01658821105957,36.108970642089844,14.266729354858398
