mode,load,0_densenet161-8,1_mobilenet_v2-32,2_resnet50-32,3_vgg11-2
mps-uncap,1.0,121.80034362874471,1743.8838991561179,1169.026545454028,316.66744001727284
