mode,load,0_densenet161-32,1_densenet201-4,2_mobilenet_v2-32,3_resnet152-32
mps-uncap,1.0,79.5130729675293,83.3808183670044,15.63405990600586,67.0861005783081
