mode,load,0_densenet161-32,1_densenet201-4,2_mobilenet_v2-32,3_resnet152-32
mps-uncap,1.0,79.51343059539795,83.38093757629395,15.634298324584961,67.0863389968872
