mode,load,0_resnet18-2,1_resnet50-32
mps-uncap,1.0,3.222227096557617,12.512683868408203
