mode,load,0_resnet50-16,1_resnet50-16,2_resnet50-16,3_resnet50-16
mig,0.1,23.432493209838867,23.487329483032227,23.496389389038086,46.250343322753906
mig,0.2,23.357868194580078,23.514270782470703,23.545026779174805,46.231746673583984
mig,0.3,23.351669311523438,23.366689682006836,23.44346046447754,46.26631736755371
mig,0.4,23.35500717163086,23.402690887451172,23.41747283935547,46.08726501464844
mig,0.5,23.349761962890625,23.402690887451172,23.422956466674805,46.13804817199707
mig,0.6,23.357391357421875,23.433685302734375,23.41008186340332,46.109676361083984
mig,0.8,23.41628074645996,23.5292911529541,23.435354232788086,46.221256256103516
mig,0.9,23.374080657958984,23.876667022705078,23.658275604248047,46.55909538269043
mig,1.0,23.951053619384766,23.61607551574707,23.578882217407227,46.69833183288574
