mode,load,0_resnet50-2,1_squeezenet1_1-4
mps-uncap,1.0,2.6781558990478516,1.0223388671875
