mode,load,0_efficientnet_b6-4,1_resnet18-16
mps-uncap,1.0,271.7204244644946,5288.177036076872
