mode,load,0_densenet121-8,1_resnet50-2,2_squeezenet1_1-4
mps-uncap,1.0,9.911718368530273,4.560875892639159,2.558469772338867
