mode,load,0_mobilenet_v2-4,1_resnet18-8,2_vgg19-8
mps-uncap,1.0,8.632993698120119,7.199459075927734,8.251752853393555
