mode,load,0_mobilenet_v2-4,1_resnet18-8,2_vgg19-8
mps-uncap,1.0,8.097457885742188,6.839346885681153,8.019208908081055
