mode,load,0_alexnet-32,1_resnet101-16,2_vgg13-16
mps-uncap,1.0,9.14144515991211,67.54149675369263,13.461637496948246
