mode,load,0_resnet152-8,1_squeezenet1_0-16
mps-uncap,1.0,19.760608673095703,4.420280456542969
