mode,load,0_mobilenet_v2-32,1_mobilenet_v3_large-8,2_resnet101-8,3_vgg11-32
mps-uncap,1.0,25.384902954101562,26.75008773803711,61.806678771972656,13.644814491271973
