mode,load,0_resnet50-16,1_resnet50-8,2_squeezenet1_1-32
mps-uncap,1.0,0.000476837158203125,0.000476837158203125,0.00286102294921875
