mode,load,0_densenet121-32,1_mobilenet_v2-32,2_resnet152-2,3_squeezenet1_1-16
mps-uncap,1.0,37.824416160583496,15.614616870880127,36.9389533996582,12.51275300979614
