mode,load,0_densenet121-32,1_mobilenet_v2-32,2_resnet152-2,3_squeezenet1_1-16
mps-uncap,1.0,38.89727592468262,16.587495803833008,38.21921348571777,13.427495956420898
