mode,load,0_mobilenet_v3_small-16,1_vgg13-4,2_vgg19-32
mps-uncap,1.0,619.2887503578877,305.7955957389831,1227.71375260129
