mode,load,0_densenet121-32,1_densenet169-8,2_mobilenet_v2-2,3_mobilenet_v2-32
mps-uncap,1.0,32.453298568725586,39.31748867034912,7.12740421295166,9.529352188110352
