mode,load,0_densenet121-32,1_efficientnet_b6-2,2_inception_v3-16,3_mobilenet_v2-32
mps-uncap,1.0,45.68648338317871,54.91828918457031,34.63149070739746,20.294666290283203
