mode,load,0_densenet121-32,1_efficientnet_b6-2,2_inception_v3-16,3_mobilenet_v2-32
mps-uncap,1.0,807.5505557792076,48.90804498644801,585.3033536170809,2420.0149836128667
