mode,load,0_densenet169-32,1_efficientnet_b6-8,2_mobilenet_v2-32,3_squeezenet1_1-32
mps-uncap,1.0,69.15080547332764,59.85713005065918,15.229582786560059,11.762380599975586
