mode,load,0_densenet161-4,1_mobilenet_v2-32,2_mobilenet_v3_large-16,3_resnet152-32
mps-uncap,1.0,59.2268705368042,19.15626525878907,18.90268325805664,58.96139144897461
