mode,load,0_inception_v3-16,1_mobilenet_v2-32,2_resnet101-32,3_resnet50-4
mps-uncap,1.0,36.65977716445923,17.22126007080078,38.13964128494263,20.95294713973999
