mode,load,0_inception_v3-16,1_mobilenet_v2-32,2_resnet101-32,3_resnet50-4
mps-uncap,1.0,0.000476837158203125,0.0007152557373046875,0.000476837158203125,0.0030994415283203125
