mode,load,0_efficientnet_b5-32,1_mobilenet_v3_large-4,2_resnet50-2
mps-uncap,1.0,29.38055992126465,3.6575794219970703,5.563974380493164
