mode,load,0_resnet34-32,1_squeezenet1_0-2
mps-uncap,1.0,8.254289627075195,5.0983428955078125
