mode,load,0_resnet34-32,1_squeezenet1_0-2
mps-uncap,1.0,4533.38346008423,850.0110718153387
