mode,load,0_densenet161-32,1_efficientnet_b5-32,2_mobilenet_v3_large-8
mps-uncap,1.0,72.49698638916016,51.87451362609863,24.85882520675659
