mode,load,0_alexnet-4,1_vgg13-2,2_vgg16-4
mps-uncap,1.0,2.693653106689453,4.4002532958984375,5.904436111450195
