mode,load,0_mobilenet_v2-4,1_resnet34-32
mps-uncap,1.0,4.92548942565918,7.263422012329102
