mode,load,0_densenet121-2,1_densenet169-32,2_inception_v3-2
mps-uncap,1.0,0.000476837158203125,0.000476837158203125,0.0007152557373046875
