mode,load,0_inception_v3-2,1_resnet152-2,2_vgg13-8
mps-uncap,1.0,19.39563751220703,27.663993835449226,5.446672439575195
