mode,load,0_inception_v3-2,1_resnet152-2,2_vgg13-8
mps-uncap,1.0,8.277177810668945,17.431974411010742,4.766941070556641
