mode,load,0_densenet161-16,1_mobilenet_v2-32,2_resnet101-32,3_resnet34-8
mps-uncap,1.0,46.13637924194336,11.428356170654297,36.838531494140625,13.035774230957031
