mode,load,0_densenet161-16,1_mobilenet_v2-32,2_resnet101-32,3_resnet34-8
mps-uncap,1.0,72.2396183013916,20.840568542480472,43.956685066223145,23.499059677124023
