mode,load,0_densenet161-16,1_mobilenet_v2-32,2_resnet101-32,3_resnet34-8
mps-uncap,1.0,233.3404752588773,2103.390571056276,778.2230859144897,458.3725790008386
