mode,load,0_inception_v3-32,1_mobilenet_v2-16,2_mobilenet_v2-32,3_resnet34-2
mps-uncap,1.0,0.0007152557373046875,0.0007152557373046875,0.0007152557373046875,0.000476837158203125
