mode,load,0_bert-16,1_densenet201-2
mps-uncap,1.0,10.795116424560547,18.16558837890625
