mode,load,0_densenet201-2,1_efficientnet_b6-2,2_resnet101-2
mps-uncap,1.0,13.094696998596191,11.74340009689331,5.998077392578126
