mode,load,0_mobilenet_v2-2,1_mobilenet_v2-32,2_resnet34-32,3_vgg13-2
mps-uncap,1.0,4.122495651245117,11.067628860473633,14.111518859863281,2.0568370819091797
