mode,load,0_mobilenet_v2-2,1_mobilenet_v2-32,2_resnet34-32,3_vgg13-2
mps-uncap,1.0,13.16632032394409,16.78989171981811,19.562158584594727,9.502437114715576
