mode,load,0_mobilenet_v2-32,1_resnet101-8,2_resnet18-4,3_vgg13-32
mps-uncap,1.0,41.57900810241699,91.1402702331543,31.348466873168945,30.384063720703125
