mode,load,0_efficientnet_b7-8,1_mobilenet_v2-32,2_resnet152-32,3_resnet34-32
mps-uncap,1.0,77.50988006591797,12.140512466430664,66.2851333618164,16.98446273803711
