mode,load,0_densenet169-2,1_inception_v3-32,2_mobilenet_v2-32,3_resnet152-32
mps-uncap,1.0,36.72500003019284,801.6279141441443,2064.612004899844,535.0429434975913
