mode,load,0_efficientnet_b7-16,1_mobilenet_v2-2,2_vgg11-8
mps-uncap,1.0,61.64963245391846,13.046097755432127,7.053236961364746
