mode,load,0_resnet101-2,1_resnet101-4
mps-uncap,1.0,5.961556434631346,6.041765213012695
