mode,load,0_efficientnet_b7-2,1_inception_v3-32,2_mobilenet_v2-32,3_vgg16-8
mps-uncap,1.0,90.43502807617188,57.3728084564209,28.600692749023438,20.42531967163086
