mode,load,0_densenet169-16,1_densenet169-4,2_mobilenet_v2-32,3_resnet34-32
mps-uncap,1.0,52.23798751831055,48.12788963317871,15.26188850402832,19.099712371826172
