mode,load,0_resnet50-4,1_vgg13-4
mps-uncap,1.0,8.315801620483398,4.655361175537109
