mode,load,0_densenet169-16,1_squeezenet1_1-2
mps-uncap,1.0,14.112472534179688,3.2923221588134766
