mode,load,0_mobilenet_v3_large-8,1_resnet18-32
mps-uncap,1.0,4.835605621337891,4.836797714233398
