mode,load,0_mobilenet_v3_large-8,1_resnet18-32
mps-uncap,1.0,1652.1426403135845,6608.616765703225
