mode,load,0_densenet121-16,1_mobilenet_v2-32,2_resnet34-32,3_vgg13-16
mps-uncap,1.0,193.3503300876969,1222.2629696649076,939.2696330933871,1228.4826228170502
