mode,load,0_densenet169-32,1_efficientnet_b5-2,2_efficientnet_b7-8,3_mobilenet_v2-32
mps-uncap,1.0,56.479454040527344,41.55173301696777,60.28892993927002,17.479419708251953
