mode,load,0_densenet201-32,1_efficientnet_b5-4,2_inception_v3-2,3_mobilenet_v2-32
mps-uncap,1.0,573.4922730164237,121.62169301607686,102.18168189474301,3057.8649619929793
