mode,load,0_vgg19-8,1_vgg19-8,2_vgg19-8,3_vgg19-8
mig,1.0,30.788421630859375,26.212215423583984,20.4770565032959,20.59650421142578
