mode,load,0_densenet161-32,1_efficientnet_b7-8,2_mobilenet_v2-32,3_vgg13-16
mps-uncap,1.0,150.76535940170288,164.55848693847656,41.9609546661377,22.26213932037354
