mode,load,0_alexnet-32,1_mobilenet_v2-32,2_resnet152-32,3_resnet34-2
mps-uncap,1.0,4.488229751586914,14.042377471923828,61.278462409973145,14.13583755493164
