mode,load,0_alexnet-16,1_alexnet-16,2_resnet34-16
mps-uncap,1.0,2.5293827056884766,2.5234222412109375,9.1935396194458
