mode,load,0_alexnet-16,1_alexnet-16,2_resnet34-16
mps-uncap,1.0,2.5293827056884766,2.523660659790039,9.193658828735352
