mode,load,0_densenet121-32,1_mobilenet_v2-32,2_resnet101-2,3_squeezenet1_1-32
mps-uncap,1.0,44.15249824523926,18.285751342773438,33.385515213012695,14.572858810424805
