mode,load,0_densenet121-32,1_mobilenet_v2-32,2_resnet101-2,3_squeezenet1_1-32
mps-uncap,1.0,42.27714538574219,16.3804292678833,29.89044189453125,13.262748718261719
