mode,load,0_densenet121-32,1_mobilenet_v2-32,2_resnet101-2,3_squeezenet1_1-32
mps-uncap,1.0,41.130661964416504,12.1690034866333,27.66871452331543,9.445905685424805
