mode,load,0_alexnet-4,1_alexnet-4,2_alexnet-4,3_alexnet-4
mig,1.0,4.987478256225586,4.513025283813477,3.8826465606689453,3.8683414459228516
