mode,load,0_alexnet-4,1_alexnet-4,2_alexnet-4,3_alexnet-4
mig,1.0,1.0902881622314453,0.89263916015625,1.4774799346923828,1.4810562133789062
