mode,load,0_alexnet-4,1_alexnet-4,2_alexnet-4,3_alexnet-4
mig,1.0,3.1664371490478516,4.483938217163086,3.6461353302001953,3.6468505859375
