mode,load,0_alexnet-4,1_alexnet-4,2_alexnet-4,3_alexnet-4
mig,1.0,2630.6883359567505,2616.380902526366,2623.5518628200557,1215.4683344112934
