mode,load,0_resnet18-2,1_resnet18-2
mig,0.1,7.080221176147461,7.097434997558595
mig,0.2,10.239133834838857,10.2406644821167
mig,0.3,10.364954471588133,10.448215007781979
mig,0.4,8.50427627563477,7.742826938629158
mig,0.5,7.879862785339354,7.187247276306152
mig,0.6,7.159924507141112,9.147663116455067
mig,0.7,9.296040534973109,14.401426315307617
mig,0.8,9.493310451507567,37.78359413146974
mig,0.9,19.65668201446531,2545.6051349639893
mig,1.0,345.68896293640137,8304.314861297607
