mode,load,0_mobilenet_v3_large-32,1_vgg13-2,2_vgg19-16
mps-uncap,1.0,10.441303253173828,3.5505294799804688,13.733386993408203
