mode,load,0_mobilenet_v3_large-32,1_vgg13-2,2_vgg19-16
mps-uncap,1.0,24.994421005249027,11.003613471984863,16.332292556762695
