mode,load,0_mobilenet_v3_large-4,1_resnet152-16
mps-uncap,1.0,2.697467803955078,15.196084976196289
