mode,load,0_inception_v3-2,1_mobilenet_v2-32,2_resnet101-32,3_squeezenet1_1-16
mps-uncap,1.0,28.130102157592773,15.624618530273438,36.37382984161377,11.747121810913086
