mode,load,0_alexnet-16,1_densenet161-4,2_mobilenet_v2-32,3_resnet50-32
mps-uncap,1.0,3.9544105529785156,63.39263916015625,16.121864318847656,23.726224899291992
