mode,load,0_densenet169-16,1_efficientnet_b7-8
mps-uncap,1.0,21.706128120422363,24.38044548034668
