mode,load,0_mobilenet_v2-4,1_resnet152-32,2_squeezenet1_0-32
mps-uncap,1.0,395.7758554880803,598.2343855445529,3166.2524399116596
