mode,load,0_densenet121-8,1_inception_v3-32,2_mobilenet_v2-32,3_resnet50-4
mps-uncap,1.0,31.14461898803711,28.99456024169922,13.736486434936523,16.981124877929688
