mode,load,0_densenet201-16,1_mobilenet_v2-32,2_resnet18-32,3_vgg13-4
mps-uncap,1.0,90.81625938415527,19.75727081298828,15.242815017700195,12.231111526489258
