mode,load,0_densenet201-16,1_mobilenet_v2-32,2_resnet18-32,3_vgg13-4
mps-uncap,1.0,82.64350891113281,15.47384262084961,11.794805526733398,7.39288330078125
