mode,load,0_squeezenet1_1-8,1_squeezenet1_1-8
mig,1.0,1.8308162689208984,2.1648406982421875
