mode,load,0_squeezenet1_1-8,1_squeezenet1_1-8
mig,1.0,2.4340152740478516,2.745389938354492
mps-uncap,1.0,3.092050552368164,3.012418746948242
