mode,load,0_squeezenet1_1-8,1_squeezenet1_1-8
mig,1.0,1.739501953125,2.060413360595703
