mode,load,0_squeezenet1_1-8,1_squeezenet1_1-8
mig,1.0,14.527320861816406,9.823799133300781
