mode,load,0_squeezenet1_1-8,1_squeezenet1_1-8
mig,1.0,0.0035762786865234375,0.000476837158203125
