mode,load,0_squeezenet1_1-8,1_squeezenet1_1-8
mig,1.0,1.8310546875,2.1648406982421875
mps-uncap,1.0,1.895904541015625,1.9078254699707031
