mode,load,0_densenet169-8,1_efficientnet_b7-4,2_mobilenet_v3_large-4
mps-uncap,1.0,14.25790786743164,17.932891845703125,2.8972625732421875
