mode,load,0_inception_v3-8,1_mobilenet_v2-16,2_vgg19-16
mps-uncap,1.0,38.66474628448486,15.463161468505861,14.546465873718262
