mode,load,0_efficientnet_b6-16,1_efficientnet_b6-2,2_mobilenet_v2-32,3_resnet34-32
mps-uncap,1.0,0.0002384185791015625,0.0002384185791015625,0.0002384185791015625,0.0002384185791015625
