mode,load,0_efficientnet_b7-16,1_resnet152-2
mps-uncap,1.0,31.99148178100586,21.801233291625977
