mode,load,0_mobilenet_v2-32,1_mobilenet_v2-32,2_mobilenet_v3_small-16,3_vgg11-16
mps-uncap,1.0,22.67627716064453,22.67894744873047,21.3392972946167,11.826610565185547
