mode,load,0_densenet121-2,1_densenet169-32,2_mobilenet_v2-32,3_resnet50-32
mps-uncap,1.0,45.61491012573242,72.2499132156372,20.57805061340332,27.91011333465576
