mode,load,0_densenet201-16,1_resnet34-2
mps-uncap,1.0,861.936616278303,663.4720809489828
