mode,load,0_mobilenet_v2-32,1_mobilenet_v3_large-8,2_resnet18-32,3_resnet18-4
mps-uncap,1.0,12.122054100036621,14.409544467926027,9.444575309753418,8.992843627929688
