mode,load,0_alexnet-4,1_inception_v3-4,2_vgg16-32
mps-uncap,1.0,0.0007152557373046875,0.000476837158203125,0.000476837158203125
