mode,load,0_resnet101-4,1_resnet101-4
mig,1.0,6.228923797607422,7.476806640625
mps-uncap,1.0,7.828950881958008,7.626771926879883
