mode,load,0_resnet101-4,1_resnet101-4
mig,1.0,7.201671600341797,6.16002082824707
