mode,load,0_resnet101-4,1_resnet101-4
mig,1.0,25.994486808776855,20.335912704467773
