mode,load,0_resnet101-4,1_resnet101-4
mig,1.0,6.108999252319336,7.359981536865234
mps-uncap,1.0,6.367683410644531,6.373882293701172
