mode,load,0_resnet101-4,1_resnet101-4
mig,1.0,654.031913968827,542.9059963571026
mps-uncap,1.0,626.4976401849166,626.5588554369493
