mode,load,0_densenet121-8,1_inception_v3-32,2_inception_v3-8,3_mobilenet_v2-32
mps-uncap,1.0,28.196268081665043,27.156515121459964,23.825066089630127,13.124363422393799
