mode,load,0_efficientnet_b7-4,1_mobilenet_v2-32,2_resnet101-16,3_resnet50-32
mps-uncap,1.0,86.11469268798828,19.642539024353027,44.32401895523071,26.765480041503906
