mode,load,0_efficientnet_b7-4,1_mobilenet_v2-32,2_resnet101-16,3_resnet50-32
mps-uncap,1.0,65.9949779510498,12.235641479492188,33.475399017333984,17.731666564941406
