mode,load,0_resnet34-16,1_resnet34-16,2_resnet34-16,3_resnet34-16
mig,0.1,11.222004890441895,11.16800308227539,11.23356819152832,21.577930450439453
mig,0.2,15.52128791809082,17.37380027770996,15.563726425170906,31.3300609588623
mig,0.3,19.190549850463867,19.727945327758793,19.118309020996094,37.81599998474123
mig,0.4,21.417903900146488,21.9038724899292,21.27528190612793,42.1217679977417
mig,0.5,24.610328674316403,26.897549629211426,24.410963058471683,51.76444053649903
mig,0.6,31.48484230041504,31.30321502685548,31.519603729248058,62.795162200927734
mig,0.7,41.12241268157959,39.80426788330078,40.526437759399414,84.31878089904787
mig,0.9,106.732177734375,147.27408885955813,101.92060470581052,291.4737701416018
mig,1.0,302.9092311859133,439.8026466369629,541.5838956832887,582.9004764556886
