mode,load,0_mobilenet_v3_large-8,1_resnet18-4,2_vgg11-2
mps-uncap,1.0,2.919435501098633,2.038717269897461,1.6558170318603516
