mode,load,0_mobilenet_v3_large-8,1_resnet18-4,2_vgg11-2
mps-uncap,1.0,4.870176315307617,3.105640411376953,2.281284332275391
