mode,load,0_densenet161-2,1_densenet169-32,2_efficientnet_b7-4,3_mobilenet_v2-32
mps-uncap,1.0,39.917945861816406,50.481557846069336,52.33180522918701,11.523962020874023
