mode,load,0_inception_v3-4,1_vgg16-8,2_vgg19-16
mps-uncap,1.0,54.15952205657959,14.12343978881836,17.30179786682129
