mode,load,0_inception_v3-4,1_vgg16-8,2_vgg19-16
mps-uncap,1.0,59.66097116470337,15.902214050292969,18.368330001831055
