mode,load,0_squeezenet1_1-2,1_squeezenet1_1-8
mps-uncap,1.0,1.4622449874877943,1.5840530395507812
