mode,load,0_densenet121-32,1_squeezenet1_1-32
mps-uncap,1.0,22.37558364868164,4.142284393310547
