mode,load,0_mobilenet_v2-4,1_squeezenet1_0-32,2_vgg19-32
mps-uncap,1.0,27.399492263793945,25.94742774963379,28.4517765045166
