mode,load,0_densenet161-32,1_vgg13-4,2_vgg16-32
mps-uncap,1.0,192.4307346343994,28.001070022583008,31.456947326660156
