mode,load,0_densenet201-16,1_mobilenet_v2-32,2_resnet18-32,3_resnet34-8
mps-uncap,1.0,46.347856521606445,10.684967041015625,6.824970245361328,9.751558303833008
