mode,load,0_densenet201-16,1_mobilenet_v2-32,2_resnet18-32,3_resnet34-8
mps-uncap,1.0,64.76283073425293,12.419700622558594,9.560346603393555,13.931751251220703
