mode,load,0_densenet201-16,1_mobilenet_v2-32,2_resnet18-32,3_resnet34-8
mps-uncap,1.0,66.17379188537598,14.470028877258303,10.808229446411133,16.224026679992676
