mode,load,0_densenet161-4,1_densenet201-32,2_resnet18-2
mps-uncap,1.0,24.56951141357422,36.284685134887695,2.4662017822265625
