mode,load,0_densenet169-32,1_efficientnet_b6-4,2_mobilenet_v3_large-2
mps-uncap,1.0,27.312517166137695,21.17919921875,3.566861152648926
