mode,load,0_densenet169-32,1_efficientnet_b6-4,2_mobilenet_v3_large-2
mps-uncap,1.0,27.785682678222656,22.724437713623047,6.702375411987309
