mode,load,0_efficientnet_b5-4,1_efficientnet_b6-2,2_resnet34-4
mps-uncap,1.0,13.812541961669922,14.669418334960938,4.524946212768555
