mode,load,0_resnet18-2,1_vgg16-4
mps-uncap,1.0,2.75421142578125,3.717184066772461
