mode,load,0_alexnet-2,1_efficientnet_b7-32,2_mobilenet_v2-32,3_resnet50-32
mps-uncap,1.0,7.576065063476561,119.6753978729248,29.44249153137207,40.065884590148926
