mode,load,0_alexnet-2,1_efficientnet_b7-32,2_mobilenet_v2-32,3_resnet50-32
mps-uncap,1.0,7.576260566711424,119.67587471008301,29.442729949951172,40.065884590148926
