mode,load,0_densenet169-4,1_inception_v3-16,2_resnet152-32
mps-uncap,1.0,129.3231867329523,790.3154431059794,971.1274218266437
