mode,load,0_resnet50-2,1_vgg19-4
mps-uncap,1.0,5.675530433654785,4.5013427734375
