mode,load,0_alexnet-16,1_squeezenet1_0-2
mps-uncap,1.0,1.6293525695800781,1.6376972198486328
