mode,load,0_efficientnet_b6-4,1_mobilenet_v2-32,2_resnet34-32,3_squeezenet1_0-16
mps-uncap,1.0,74.00266223496338,2065.523924588412,1679.0733956075903,1641.2440867020673
