mode,load,0_densenet169-32,1_efficientnet_b6-16,2_inception_v3-2,3_mobilenet_v2-32
mps-uncap,1.0,58.57682228088379,52.20627784729004,25.769829750061035,12.12620735168457
