mode,load,0_squeezenet1_1-8,1_squeezenet1_1-8,2_squeezenet1_1-8,3_squeezenet1_1-8
mig,1.0,3.4329891204833984,3.4208297729492188,3.4637451171875,5.613803863525391
