mode,load,0_squeezenet1_1-8,1_squeezenet1_1-8,2_squeezenet1_1-8,3_squeezenet1_1-8
mig,1.0,2533.926362531984,2670.950480142587,2704.905665082778,2502.221755462031
