mode,load,0_densenet121-32,1_efficientnet_b7-16,2_resnet18-2
mps-uncap,1.0,34.1644287109375,45.435190200805664,4.590272903442383
