mode,load,0_densenet121-32,1_efficientnet_b7-16,2_resnet18-2
mps-uncap,1.0,35.698652267456055,50.26749134063721,10.44330596923828
