mode,load,0_densenet161-2,1_inception_v3-32,2_mobilenet_v2-32,3_mobilenet_v2-4
mps-uncap,1.0,35.865068435668945,25.777339935302734,12.125015258789062,11.010408401489258
