mode,load,0_densenet161-2,1_inception_v3-32,2_mobilenet_v2-32,3_mobilenet_v2-4
mps-uncap,1.0,27.97698974609375,21.49033546447754,7.6656341552734375,3.0171871185302734
