mode,load,0_mobilenet_v2-32,1_resnet18-8,2_resnet50-16,3_vgg11-32
mps-uncap,1.0,29.721617698669434,18.148422241210938,38.9554500579834,14.774203300476074
