mode,load,0_densenet169-4,1_inception_v3-32,2_mobilenet_v2-32,3_vgg16-16
mps-uncap,1.0,100.64411163330078,67.23880767822266,28.042316436767578,18.589496612548828
