mode,load,0_densenet169-4,1_inception_v3-32,2_mobilenet_v2-32,3_vgg16-16
mps-uncap,1.0,100.64435005187988,67.23904609680176,28.04255485534668,18.58973503112793
