mode,load,0_efficientnet_b5-8,1_mobilenet_v2-32,2_squeezenet1_1-4,3_vgg16-32
mps-uncap,1.0,106.51159286499023,29.149532318115234,17.476797103881836,23.24366569519043
