mode,load,0_efficientnet_b5-8,1_mobilenet_v2-32,2_squeezenet1_1-4,3_vgg16-32
mps-uncap,1.0,112.77379989624025,33.90483856201172,21.84123992919922,24.021339416503906
