mode,load,0_mobilenet_v2-32,1_mobilenet_v2-32,2_mobilenet_v2-32
mps-uncap,1.0,16.252994537353516,16.253948211669922,16.293764114379883
