mode,load,0_resnet18-32,1_vgg11-16,2_vgg16-8
mps-uncap,1.0,1717.4286257231872,1477.0844054983302,552.9756624289153
