mode,load,0_efficientnet_b7-32,1_resnet50-8
mps-uncap,1.0,60.832977294921875,24.69611167907715
