mode,load,0_vgg16-16,1_vgg16-16
mig,1.0,67.40689277648926,56.849002838134766
