mode,load,0_mobilenet_v3_small-8,1_mobilenet_v3_small-8,2_resnet34-4
mps-uncap,1.0,2.377748489379883,2.343893051147461,2.415180206298828
