mode,load,0_mobilenet_v3_small-8,1_mobilenet_v3_small-8,2_resnet34-4
mps-uncap,1.0,4.139900207519531,3.590106964111328,4.282712936401367
