mode,load,0_densenet201-2,1_mobilenet_v2-32,2_mobilenet_v3_small-2,3_resnet50-32
mps-uncap,1.0,58.99072885513306,17.54014015197754,14.944748878479006,23.526582717895508
