mode,load,0_inception_v3-4,1_inception_v3-8,2_resnet18-8
mps-uncap,1.0,7.5778961181640625,7.782697677612305,2.412080764770508
