mode,load,0_alexnet-2,1_resnet152-16,2_resnet152-8
mps-uncap,1.0,1.3689994812011719,24.987220764160156,22.400379180908203
