mode,load,0_alexnet-2,1_resnet152-16,2_resnet152-8
mps-uncap,1.0,1.8085002899169926,25.443553924560547,22.95360565185547
