mode,load,0_densenet121-2,1_densenet121-2,2_densenet121-2,3_densenet121-2
mig,1.0,8.003950119018555,8.13913345336914,8.169889450073242,8.01539421081543
