mode,load,0_densenet121-2,1_densenet121-2,2_densenet121-2,3_densenet121-2
mig,1.0,7.018089294433594,6.98399543762207,7.095575332641602,7.868289947509766
