mode,load,0_densenet121-2,1_densenet121-2,2_densenet121-2,3_densenet121-2
mig,1.0,7.512459754943848,7.1524786949157715,7.3532676696777335,7.906198501586914
