mode,load,0_densenet161-4,1_resnet152-4,2_resnet152-4
mps-uncap,1.0,14.838933944702148,10.319709777832031,10.532855987548828
