mode,load,0_densenet161-4,1_resnet152-4,2_resnet152-4
mps-uncap,1.0,14.83917236328125,10.319709777832031,10.53309440612793
