mode,load,0_densenet161-4,1_squeezenet1_0-2,2_vgg19-32
mps-uncap,1.0,83.90345573425293,18.457508087158203,23.874521255493164
