mode,load,0_resnet101-8,1_resnet34-2
mps-uncap,1.0,8.119878768920898,3.2043266296386714
