mode,load,0_resnet101-8,1_resnet34-2
mps-uncap,1.0,6.847858428955078,2.1598339080810547
