mode,load,0_alexnet-2,1_efficientnet_b5-2
mps-uncap,1.0,0.7078647613525391,9.96088981628418
