mode,load,0_efficientnet_b7-2,1_mobilenet_v2-32,2_resnet18-32,3_resnet34-2
mps-uncap,1.0,58.23349952697754,19.341230392456055,18.87226104736328,17.487287521362305
