mode,load,0_efficientnet_b7-2,1_mobilenet_v2-32,2_resnet18-32,3_resnet34-2
mps-uncap,1.0,0.00476837158203125,0.000476837158203125,0.000476837158203125,0.0007152557373046875
