mode,load,0_efficientnet_b7-2,1_mobilenet_v2-32,2_resnet18-32,3_resnet34-2
mps-uncap,1.0,46.53811454772949,11.770009994506836,9.593367576599121,9.879231452941895
