mode,load,0_efficientnet_b7-2,1_mobilenet_v2-32,2_resnet18-32,3_resnet34-2
mps-uncap,1.0,53.0308723449707,13.420486450195312,11.766076087951664,12.207257747650148
