mode,load,0_densenet169-4,1_resnet152-4,2_squeezenet1_0-4
mps-uncap,1.0,16.118526458740234,13.302326202392578,3.077983856201172
