mode,load,0_densenet169-4,1_resnet152-4,2_squeezenet1_0-4
mps-uncap,1.0,11.337995529174805,7.893800735473633,1.5263557434082031
