mode,load,0_densenet169-4,1_resnet152-4,2_squeezenet1_0-4
mps-uncap,1.0,13.992021083831787,12.087297439575195,2.184562683105469
