mode,load,0_mobilenet_v2-32,1_mobilenet_v3_large-32,2_resnet34-8,3_vgg11-32
mps-uncap,1.0,32.20267295837402,36.30690574645996,34.73210334777832,19.789385795593265
