mode,load,0_mobilenet_v2-32,1_mobilenet_v3_large-32,2_resnet34-8,3_vgg11-32
mps-uncap,1.0,28.812527656555176,34.06214714050293,31.451702117919922,16.71624183654785
