mode,load,0_inception_v3-32,1_mobilenet_v2-32,2_resnet101-8,3_vgg19-16
mps-uncap,1.0,69.6878433227539,29.88409996032715,65.9797191619873,22.37081527709961
