mode,load,0_mobilenet_v2-32,1_resnet34-4,2_squeezenet1_1-8,3_vgg19-32
mps-uncap,1.0,27.988910675048828,30.258655548095703,15.788435935974121,27.23538875579834
