mode,load,0_resnet152-32,1_vgg19-4
mps-uncap,1.0,42.79114246368408,10.334014892578118
