mode,load,0_densenet121-32,1_densenet169-16,2_mobilenet_v2-32,3_vgg11-8
mps-uncap,1.0,33.62298011779785,73.56047630310059,15.179157257080078,4.352807998657227
