mode,load,0_vgg13-2,1_vgg13-2
mig,1.0,2.6106834411621094,3.1502246856689453
mps-uncap,1.0,2.5005340576171875,2.500772476196289
