mode,load,0_mobilenet_v2-32,1_resnet152-2,2_vgg11-32,3_vgg19-2
mps-uncap,1.0,26.82936191558838,84.0986967086792,13.802766799926758,16.358494758605957
