mode,load,0_mobilenet_v2-32,1_resnet152-2,2_vgg11-32,3_vgg19-2
mps-uncap,1.0,28.467233180999763,91.92401647567749,15.672259330749512,22.602770328521725
