mode,load,0_inception_v3-4,1_resnet152-2
mps-uncap,1.0,5.321264266967773,8.273124694824219
