mode,load,0_inception_v3-4,1_resnet152-2
mps-uncap,1.0,6.005525588989258,9.527444839477539
