mode,load,0_alexnet-16,1_densenet121-8,2_vgg11-16
mps-uncap,1.0,4.090309143066406,42.93560981750488,7.505655288696289
