mode,load,0_alexnet-16,1_densenet121-8,2_vgg11-16
mps-uncap,1.0,3867.866847900618,187.25218897752728,2108.7279705165583
