mode,load,0_densenet169-32,1_efficientnet_b5-2
mps-uncap,1.0,21.163225173950195,9.782791137695312
