mode,load,0_densenet169-32,1_efficientnet_b5-2
mps-uncap,1.0,1389.551840522482,144.3613003996067
