mode,load,0_densenet201-4,1_vgg19-2
mps-uncap,1.0,0.000476837158203125,0.000476837158203125
