mode,load,0_densenet201-4,1_mobilenet_v2-32,2_mobilenet_v2-8,3_vgg11-32
mps-uncap,1.0,34.62678118553406,1366.0427220991896,421.15830884345854,2368.670523557005
