mode,load,0_alexnet-4,1_inception_v3-16,2_resnet34-2
mps-uncap,1.0,0.8399486541748047,6.840944290161133,2.880096435546875
