mode,load,0_resnet101-4,1_resnet50-4,2_squeezenet1_0-16
mps-uncap,1.0,0.0002384185791015625,0.0002384185791015625,0.0002384185791015625
