mode,load,0_densenet121-32,1_inception_v3-8
mps-uncap,1.0,18.98648738861084,13.917207717895508
