mode,load,0_densenet201-32,1_inception_v3-16,2_mobilenet_v2-32,3_resnet101-8
mps-uncap,1.0,77.20279693603516,38.90085220336914,23.952007293701172,37.39118576049805
