mode,load,0_efficientnet_b7-4,1_vgg16-2,2_vgg16-32
mps-uncap,1.0,142.49825477600098,21.68440818786621,22.62425422668457
