mode,load,0_resnet101-8,1_resnet50-32
mps-uncap,1.0,24.300575256347656,15.063047409057617
