mode,load,0_alexnet-2,1_alexnet-2,2_alexnet-2,3_alexnet-2
mig,1.0,0.0002384185791015625,0.0002384185791015625,0.0002384185791015625,0.0002384185791015625
