mode,load,0_densenet169-16,1_densenet169-16,2_densenet169-16,3_densenet169-16
mig,1.0,32.05265998840332,32.351627349853516,32.391934394836426,60.75462579727173
