mode,load,0_inception_v3-2,1_mobilenet_v3_small-8,2_resnet18-4
mps-uncap,1.0,6.659984588623047,3.3593177795410156,2.8426647186279297
