mode,load,0_inception_v3-2,1_mobilenet_v3_small-8,2_resnet18-4
mps-uncap,1.0,342.2869221382358,3348.018819078342,2496.753889096815
