mode,load,0_efficientnet_b5-2,1_efficientnet_b5-8,2_mobilenet_v2-32,3_vgg13-32
mps-uncap,1.0,97.61261940002441,106.57370090484619,31.543970108032227,19.069910049438477
