mode,load,0_densenet121-32,1_mobilenet_v2-32,2_mobilenet_v2-32,3_resnet18-4
mps-uncap,1.0,48.8553524017334,22.543644905090332,22.59953022003174,13.114595413208008
