mode,load,0_densenet121-32,1_mobilenet_v2-32,2_mobilenet_v2-32,3_resnet18-4
mps-uncap,1.0,51.10287666320801,26.72553062438965,26.79157257080078,18.1124210357666
