mode,load,0_inception_v3-2,1_mobilenet_v2-32,2_mobilenet_v2-32,3_resnet101-8
mps-uncap,1.0,23.96395206451416,12.590885162353516,12.611150741577148,26.468276977539066
