mode,load,0_efficientnet_b5-4,1_mobilenet_v2-32,2_resnet152-16,3_resnet50-32
mps-uncap,1.0,59.91206169128418,19.083797931671143,61.96454048156738,26.218371391296387
