mode,load,0_efficientnet_b6-8,1_efficientnet_b6-8
mig,1.0,72.62945175170898,60.22238731384277
