mode,load,0_efficientnet_b6-8,1_efficientnet_b6-8
mig,1.0,17.481088638305664,21.43263816833496
