mode,load,0_efficientnet_b6-8,1_efficientnet_b6-8
mig,1.0,72.46870756149292,59.224514961242676
