mode,load,0_efficientnet_b6-8,1_efficientnet_b6-8
mig,1.0,72.07682132720947,58.33864212036133
