mode,load,0_efficientnet_b6-8,1_efficientnet_b6-8
mig,1.0,44.83342170715332,36.80562973022461
