mode,load,0_efficientnet_b6-8,1_efficientnet_b6-8
mig,1.0,463.3240976496178,376.76885852856475
mps-uncap,1.0,430.61076786839885,430.6448774711808
