mode,load,0_densenet201-32,1_inception_v3-4,2_vgg16-2
mps-uncap,1.0,42.804718017578125,15.58065414428711,4.138350486755371
