mode,load,0_mobilenet_v3_small-32,1_resnet152-32,2_vgg11-16
mps-uncap,1.0,24.018144607543945,83.05171966552736,10.832252502441406
