mode,load,0_mobilenet_v3_small-32,1_resnet152-32,2_vgg11-16
mps-uncap,1.0,21.758317947387695,81.78744316101074,9.290742874145508
