mode,load,0_efficientnet_b5-16,1_resnet101-16,2_squeezenet1_0-16
mps-uncap,1.0,23.540973663330078,23.523569107055664,5.430459976196289
