mode,load,0_densenet169-8,1_mobilenet_v3_large-4,2_squeezenet1_1-32
mps-uncap,1.0,11.549234390258789,3.618955612182617,4.186153411865234
