mode,load,0_densenet169-8,1_mobilenet_v3_large-4,2_squeezenet1_1-32
mps-uncap,1.0,397.7387472384012,861.5386921826367,6892.358227264911
