mode,load,0_resnet152-2,1_vgg19-2,2_vgg19-2
mps-uncap,1.0,20.46655178070068,4.761691093444824,4.94359016418457
