mode,load,0_resnet152-2,1_vgg19-2,2_vgg19-2
mps-uncap,1.0,15.889883041381836,3.570079803466797,3.687143325805664
