mode,load,0_densenet201-32,1_mobilenet_v3_large-8
mps-uncap,1.0,31.883955001831055,4.3888092041015625
