mode,load,0_densenet201-32,1_mobilenet_v3_large-8
mps-uncap,1.0,1003.5771846768732,1694.0704360056504
