mode,load,0_efficientnet_b5-16,1_efficientnet_b5-4,2_resnet50-2
mps-uncap,1.0,21.40986919403076,19.124603271484375,8.706855773925783
