mode,load,0_densenet169-16,1_densenet169-4,2_efficientnet_b5-32
mps-uncap,1.0,41.24808311462402,41.09525680541992,39.3671989440918
