mode,load,0_densenet169-16,1_densenet169-4,2_efficientnet_b5-32
mps-uncap,1.0,35.78042984008789,35.027265548706055,31.511783599853516
