mode,load,0_densenet161-16,1_resnet152-8,2_squeezenet1_0-8
mps-uncap,1.0,32.077908515930176,27.928495407104492,6.370782852172852
