mode,load,0_efficientnet_b6-16,1_efficientnet_b7-8
mps-uncap,1.0,28.947067260742188,35.37094593048096
