mode,load,0_mobilenet_v2-32,1_resnet101-4,2_resnet152-32,3_squeezenet1_0-2
mps-uncap,1.0,0.000476837158203125,0.0007152557373046875,0.000476837158203125,0.0007152557373046875
