mode,load,0_vgg11-32,1_vgg11-4,2_vgg16-8
mps-uncap,1.0,13.804435729980469,6.938695907592773,12.739896774291992
