mode,load,0_vgg11-32,1_vgg11-4,2_vgg16-8
mps-uncap,1.0,0.000476837158203125,0.0040531158447265625,0.000476837158203125
