mode,load,0_densenet121-2,1_densenet169-32,2_mobilenet_v2-32,3_resnet50-4
mps-uncap,1.0,24.821043014526367,45.49360275268555,9.958744049072266,10.829925537109375
