mode,load,0_densenet121-2,1_densenet201-2
mps-uncap,1.0,7.376909255981445,12.63381242752075
