mode,load,0_efficientnet_b6-4,1_mobilenet_v2-32,2_mobilenet_v3_small-32,3_resnet34-32
mps-uncap,1.0,47.646522521972656,14.04571533203125,13.99374008178711,17.27128028869629
