mode,load,0_inception_v3-4,1_resnet101-32
mps-uncap,1.0,10.160207748413086,19.278287887573242
