mode,load,0_alexnet-2,1_alexnet-2
mig,1.0,5.5599212646484375,5.42759895324707
