mode,load,0_alexnet-2,1_alexnet-2
mig,1.0,5.560159683227539,5.42759895324707
