mode,load,0_alexnet-2,1_alexnet-2
mig,1.0,709.6991628945601,771.6776177814068
