mode,load,0_efficientnet_b7-8,1_squeezenet1_0-4,2_vgg19-16
mps-uncap,1.0,98.33666456449889,478.3649338283467,1130.5016600292583
