mode,load,0_mobilenet_v2-32,1_mobilenet_v2-32,2_mobilenet_v2-8,3_resnet50-8
mps-uncap,1.0,15.687942504882812,15.477418899536133,13.773679733276367,20.516395568847656
