mode,load,0_efficientnet_b5-32,1_efficientnet_b5-32,2_efficientnet_b5-32,3_efficientnet_b5-32
mig,1.0,125.59199333190918,106.4915657043457,106.0464859008789,124.38161373138429
