mode,load,0_vgg13-4,1_vgg16-8
mps-uncap,1.0,7.330620288848878,8.52823257446289
