mode,load,0_densenet169-32,1_efficientnet_b6-2,2_mobilenet_v2-32,3_resnet101-8
mps-uncap,1.0,51.21343374252319,43.662662506103516,15.60070276260376,30.078012943267822
