mode,load,0_densenet169-32,1_efficientnet_b6-2,2_mobilenet_v2-32,3_resnet101-8
mps-uncap,1.0,44.50225830078125,24.454116821289062,8.467912673950195,15.138864517211914
