mode,load,0_densenet201-16,1_efficientnet_b5-32,2_mobilenet_v2-32
mps-uncap,1.0,32.17053413391113,46.00238800048828,9.709596633911133
