mode,load,0_inception_v3-8,1_vgg19-2
mps-uncap,1.0,10.137295722961426,3.137350082397461
