mode,load,0_densenet201-4,1_mobilenet_v2-32,2_resnet152-32,3_vgg19-16
mps-uncap,1.0,142.62732982635498,32.02397346496581,109.0302300453186,22.104904651641846
