mode,load,0_densenet161-16,1_densenet161-2,2_densenet161-32,3_mobilenet_v2-32
mps-uncap,1.0,65.21564483642578,57.971744537353516,69.98097896575928,21.83983564376831
