mode,load,0_densenet161-2,1_mobilenet_v2-32,2_resnet152-8,3_vgg13-32
mps-uncap,1.0,68.73202323913574,22.003173828125,92.71073341369629,17.01831817626953
