mode,load,0_efficientnet_b6-16,1_mobilenet_v2-16,2_vgg19-4
mps-uncap,1.0,47.52991199493408,11.885786056518556,9.671878814697266
