mode,load,0_densenet161-4,1_resnet34-16
mps-uncap,1.0,14.678788185119629,5.1323890686035165
