mode,load,0_squeezenet1_0-8,1_vgg11-4
mps-uncap,1.0,3.5535097122192383,2.9926300048828125
