mode,load,0_efficientnet_b5-8,1_efficientnet_b6-4,2_mobilenet_v2-32,3_resnet50-32
mps-uncap,1.0,50.77409744262695,58.05158615112305,16.56818389892578,25.269150733947754
