mode,load,0_densenet201-8,1_mobilenet_v2-8,2_squeezenet1_1-4
mps-uncap,1.0,462.76826929454086,2568.9974946555085,1996.016856345781
