mode,load,0_mobilenet_v3_large-16,1_mobilenet_v3_small-4,2_mobilenet_v3_small-8
mps-uncap,1.0,0.000476837158203125,0.0035762786865234375,0.00762939453125
