mode,load,0_mobilenet_v3_large-16,1_mobilenet_v3_small-4,2_mobilenet_v3_small-8
mps-uncap,1.0,3.3435821533203125,2.7205944061279297,2.7618408203125
