mode,load,0_densenet161-2,1_mobilenet_v2-32,2_resnet101-16,3_resnet34-32
mps-uncap,1.0,41.623701629142765,2461.4471330286815,502.63558658053,1979.2918391036962
