mode,load,0_densenet169-32,1_densenet169-32,2_vgg13-4
mps-uncap,1.0,55.52696466445923,58.60477924346924,11.59743309020996
