mode,load,0_alexnet-4,1_densenet161-32,2_resnet152-2
mps-uncap,1.0,0.7719993591308594,36.25893592834473,17.836809158325195
