mode,load,0_efficientnet_b5-2,1_resnet18-32,2_vgg16-4
mps-uncap,1.0,33.11657905578613,9.821176528930664,7.54857063293457
