mode,load,0_alexnet-32,1_mobilenet_v2-2
mps-uncap,1.0,13606.977999153987,839.4527325125273
