mode,load,0_mobilenet_v2-32,1_mobilenet_v3_large-2,2_resnet152-2,3_resnet34-32
mps-uncap,1.0,10.74209213256836,10.460615158081055,30.566048622131348,12.855100631713867
