mode,load,0_alexnet-2,1_alexnet-2,2_densenet169-4
mps-uncap,1.0,0.6630420684814453,0.69427490234375,10.074377059936523
