mode,load,0_alexnet-2,1_alexnet-2,2_densenet169-4
mps-uncap,1.0,2.1724700927734375,2.147674560546875,16.442537307739258
