mode,load,0_alexnet-2,1_alexnet-2,2_densenet169-4
mps-uncap,1.0,0.9634494781494141,0.9996891021728516,14.427804946899414
