mode,load,0_densenet169-32,1_vgg11-32,2_vgg19-4
mps-uncap,1.0,123.35586547851562,13.588666915893555,18.25869083404541
