mode,load,0_efficientnet_b5-16,1_resnet101-4,2_vgg11-4
mps-uncap,1.0,30.749027729034424,21.648168563842773,5.667014122009277
