mode,load,0_efficientnet_b5-16,1_resnet101-4,2_vgg11-4
mps-uncap,1.0,29.54244613647461,19.754886627197266,3.7020444869995117
