mode,load,0_densenet201-2,1_mobilenet_v2-16,2_mobilenet_v3_large-32
mps-uncap,1.0,12.926578521728516,4.402399063110352,6.629228591918945
