mode,load,0_densenet161-2,1_resnet34-8,2_vgg16-2
mps-uncap,1.0,21.045923233032227,8.614540100097656,4.456043243408203
