mode,load,0_densenet161-2,1_resnet34-8,2_vgg16-2
mps-uncap,1.0,19.624180793762203,6.722359657287598,3.380484580993651
