mode,load,0_resnet34-8,1_squeezenet1_1-2
mps-uncap,1.0,2635.6529587493546,1744.09674736293
