mode,load,0_densenet161-32,1_mobilenet_v2-32,2_resnet101-32,3_squeezenet1_0-2
mps-uncap,1.0,90.9236192703247,24.323225021362305,54.96082305908203,14.413952827453622
