mode,load,0_efficientnet_b5-8,1_mobilenet_v2-32,2_resnet34-32,3_vgg16-16
mps-uncap,1.0,98.97780418395996,28.403162956237793,35.51888465881348,16.86835289001465
