mode,load,0_efficientnet_b5-8,1_mobilenet_v2-32,2_resnet34-32,3_vgg16-16
mps-uncap,1.0,0.00762939453125,0.000476837158203125,0.000476837158203125,0.000476837158203125
