mode,load,0_efficientnet_b5-8,1_mobilenet_v2-32,2_resnet34-32,3_vgg16-16
mps-uncap,1.0,109.54833030700684,35.38322448730469,48.59733581542969,32.13238716125488
