mode,load,0_densenet201-4,1_efficientnet_b5-4,2_vgg19-8
mps-uncap,1.0,46.72741889953613,32.60946273803711,9.290695190429688
