mode,load,0_densenet201-4,1_efficientnet_b5-4,2_vgg19-8
mps-uncap,1.0,45.32412528991699,31.490936279296875,8.189144134521484
