mode,load,0_densenet169-32,1_mobilenet_v2-32,2_resnet101-16,3_resnet34-2
mps-uncap,1.0,58.77425193786621,17.603497505187992,35.01749038696289,17.91253089904785
