mode,load,0_densenet169-32,1_mobilenet_v2-32,2_resnet101-16,3_resnet34-2
mps-uncap,1.0,58.17399024963379,15.889453887939453,34.02214050292969,16.019821166992188
