mode,load,0_densenet121-4,1_mobilenet_v2-32,2_resnet101-8,3_resnet152-32
mps-uncap,1.0,43.27058792114258,24.237394332885742,40.31181335449219,59.57436561584473
