mode,load,0_densenet161-8,1_mobilenet_v2-32,2_mobilenet_v3_small-2,3_vgg13-32
mps-uncap,1.0,139.85276222229004,41.43500328063965,38.796186447143555,28.62548828125
