mode,load,0_densenet121-8,1_efficientnet_b6-2
mps-uncap,1.0,7.138252258300781,11.417388916015625
