mode,load,0_efficientnet_b7-8,1_efficientnet_b7-8
mig,1.0,92.99890995025635,78.17931175231934
