mode,load,0_efficientnet_b7-8,1_efficientnet_b7-8
mig,1.0,93.45585823059082,78.58115673065186
