mode,load,0_alexnet-16,1_vgg13-16,2_vgg19-8
mps-uncap,1.0,7.30443000793457,13.527631759643555,18.79429817199707
