mode,load,0_alexnet-16,1_vgg13-16,2_vgg19-8
mps-uncap,1.0,11.344671249389648,15.247821807861328,22.22299575805664
