mode,load,0_densenet201-2,1_densenet201-8,2_mobilenet_v2-32,3_resnet50-32
mps-uncap,1.0,60.640907287597656,62.363219261169434,15.215086936950684,21.591544151306152
