mode,load,0_densenet201-2,1_densenet201-8,2_mobilenet_v2-32,3_resnet50-32
mps-uncap,1.0,62.96825408935547,64.97693061828613,16.636371612548828,22.337913513183594
