mode,load,0_alexnet-2,1_densenet201-32,2_squeezenet1_0-4
mps-uncap,1.0,1.9019603729248051,40.67425727844238,4.069423675537109
