mode,load,0_densenet201-32,1_efficientnet_b5-8,2_mobilenet_v2-32,3_resnet101-4
mps-uncap,1.0,62.23464012145996,17.882347106933594,9.166479110717773,20.145177841186523
