mode,load,0_densenet161-8,1_densenet169-4,2_mobilenet_v3_small-16
mps-uncap,1.0,15.42654037475586,15.279841423034668,4.457569122314453
