mode,load,0_efficientnet_b6-16,1_mobilenet_v2-32,2_squeezenet1_1-2,3_vgg11-32
mps-uncap,1.0,139.96816116669152,1108.8904674733599,138.7129714044034,1989.5561896300817
