mode,load,0_alexnet-8,1_efficientnet_b5-8
mps-uncap,1.0,1.1272430419921875,14.221668243408203
