mode,load,0_alexnet-8,1_efficientnet_b5-8
mps-uncap,1.0,1.3861656188964844,15.241146087646484
