mode,load,0_alexnet-8,1_efficientnet_b5-8
mps-uncap,1.0,2.0639896392822266,15.966544151306154
