mode,load,0_inception_v3-16,1_mobilenet_v2-32,2_mobilenet_v2-4,3_resnet101-32
mps-uncap,1.0,36.31424903869629,16.9827938079834,17.679929733276367,39.080142974853516
