mode,load,0_densenet161-16,1_mobilenet_v3_small-16
mps-uncap,1.0,769.4253010038235,4509.33721517457
