mode,load,0_mobilenet_v2-4,1_vgg19-16
mps-uncap,1.0,12.815475463867188,15.037775039672852
