mode,load,0_efficientnet_b5-32,1_squeezenet1_1-16,2_vgg13-32
mps-uncap,1.0,145.70401906967163,35.73610305786133,22.668094635009766
