mode,load,0_squeezenet1_0-16,1_vgg19-16
mps-uncap,1.0,7.489442825317383,12.577295303344727
