mode,load,0_alexnet-8,1_resnet101-4,2_vgg19-8
mps-uncap,1.0,4.370594024658205,27.708554267883297,9.109938144683838
