mode,load,0_inception_v3-16,1_resnet34-2,2_vgg13-2
mps-uncap,1.0,15.31982421875,8.526086807250977,4.543304443359375
