mode,load,0_densenet121-32,1_mobilenet_v3_large-8,2_squeezenet1_0-16
mps-uncap,1.0,0.0002384185791015625,0.0002384185791015625,0.0002384185791015625
