mode,load,0_mobilenet_v2-32,1_resnet101-2,2_resnet18-2,3_vgg11-32
mps-uncap,1.0,23.128628730773926,48.283934593200684,13.707637786865234,13.21554183959961
