mode,load,0_mobilenet_v2-2,1_resnet152-32,2_resnet18-2
mps-uncap,1.0,8.896589279174805,30.61884641647339,6.882009506225584
