mode,load,0_densenet121-4,1_densenet201-16,2_mobilenet_v2-32,3_resnet101-32
mps-uncap,1.0,42.855262756347656,78.61170768737793,19.13309097290039,42.81258583068848
