mode,load,0_densenet121-4,1_densenet201-16,2_mobilenet_v2-32,3_resnet101-32
mps-uncap,1.0,99.5200933765994,209.92306015740309,2064.025008579449,784.2186253627224
