mode,load,0_densenet201-2,1_inception_v3-32,2_mobilenet_v2-32,3_mobilenet_v2-4
mps-uncap,1.0,53.66675353805849,1299.3988580704915,3001.736102693521,577.2323921899105
