mode,load,0_efficientnet_b6-8,1_resnet101-2
mps-uncap,1.0,14.34169769287109,8.495955467224121
