mode,load,0_vgg11-8,1_vgg11-8,2_vgg11-8,3_vgg11-8
mig,1.0,11.017131805419922,11.065635681152344,11.063539981842041,21.294105052947998
