mode,load,0_vgg11-8,1_vgg11-8,2_vgg11-8,3_vgg11-8
mig,1.0,10.836601257324219,10.873794555664062,10.865330696105957,21.089792251586914
