mode,load,0_densenet161-2,1_resnet152-4
mps-uncap,1.0,9.949684143066406,7.8498125076293945
