mode,load,0_densenet161-2,1_resnet152-4
mps-uncap,1.0,200.8220917568303,507.47948391039915
