mode,load,0_densenet201-32,1_mobilenet_v2-32,2_resnet101-4,3_vgg11-32
mps-uncap,1.0,170.77600955963135,33.73750686645508,72.421932220459,17.527003288269036
