mode,load,0_mobilenet_v3_large-8,1_mobilenet_v3_small-2,2_resnet34-2
mps-uncap,1.0,3.0175685882568373,2.6081490516662593,2.6338243484497075
