mode,load,0_vgg11-4,1_vgg13-2
mps-uncap,1.0,4.611968994140625,4.673004150390625
