mode,load,0_densenet161-4,1_densenet169-32,2_resnet101-8
mps-uncap,1.0,22.808313369750977,27.2824764251709,13.210773468017578
