mode,load,0_inception_v3-4,1_mobilenet_v2-8
mps-uncap,1.0,5.481958389282227,2.362966537475586
