mode,load,0_densenet121-16,1_mobilenet_v2-32,2_mobilenet_v3_large-16,3_vgg11-32
mps-uncap,1.0,92.76962280273438,39.65282440185547,40.668487548828125,22.98736572265625
