mode,load,0_resnet18-2,1_squeezenet1_1-32
mps-uncap,1.0,3.9954185485839844,5.184412002563477
