mode,load,0_resnet18-2,1_squeezenet1_1-32
mps-uncap,1.0,1023.5548303848886,8188.892014332948
