mode,load,0_mobilenet_v2-32,1_mobilenet_v2-8,2_resnet101-4,3_vgg13-32
mps-uncap,1.0,35.69974899291992,33.847928047180176,76.86601877212524,20.76528310775757
