mode,load,0_densenet121-32,1_inception_v3-16,2_mobilenet_v2-32,3_mobilenet_v3_large-16
mps-uncap,1.0,755.6155237984656,534.2414276620578,2171.288865020976,1147.7437955786202
