mode,load,0_efficientnet_b7-4,1_inception_v3-32,2_mobilenet_v2-32,3_resnet50-2
mps-uncap,1.0,45.15242576599121,25.10809898376465,9.724736213684082,9.920954704284668
