mode,load,0_resnet50-4,1_resnet50-4,2_resnet50-4,3_resnet50-4
mig,1.0,0.0007152557373046875,0.000476837158203125,0.000476837158203125,0.003337860107421875
