mode,load,0_resnet50-4,1_resnet50-4,2_resnet50-4,3_resnet50-4
mig,1.0,8.993148803710938,8.426666259765625,8.295774459838867,11.589288711547852
