mode,load,0_resnet50-4,1_resnet50-4,2_resnet50-4,3_resnet50-4
mig,1.0,6.40869140625,6.504535675048828,6.498813629150391,12.512683868408203
