mode,load,0_densenet169-8,1_densenet201-8,2_squeezenet1_1-8
mps-uncap,1.0,18.943071365356445,19.934654235839844,4.359722137451172
