mode,load,0_densenet201-16,1_densenet201-32
mps-uncap,1.0,27.97722816467285,36.07916831970215
