mode,load,0_alexnet-32,1_densenet169-32,2_efficientnet_b5-4,3_mobilenet_v2-32
mps-uncap,1.0,0.000476837158203125,0.000476837158203125,0.000476837158203125,0.000476837158203125
