mode,load,0_alexnet-32,1_densenet169-32,2_efficientnet_b5-4,3_mobilenet_v2-32
mps-uncap,1.0,7.896471023559569,61.46645545959473,48.03955554962158,20.03777027130127
