mode,load,0_alexnet-32,1_densenet169-32,2_efficientnet_b5-4,3_mobilenet_v2-32
mps-uncap,1.0,5.194187164306641,58.641910552978516,44.07787322998047,14.658093452453613
