mode,load,0_efficientnet_b7-2,1_resnet50-2,2_resnet50-8
mps-uncap,1.0,17.953157424926758,3.278970718383789,5.260705947875977
