mode,load,0_efficientnet_b7-2,1_resnet50-2,2_resnet50-8
mps-uncap,1.0,19.10245418548584,4.223823547363281,5.831003189086914
