mode,load,0_densenet161-8,1_densenet201-8,2_resnet152-16
mps-uncap,1.0,27.014446258544922,32.65235424041748,24.656391143798828
