mode,load,0_densenet169-2,1_mobilenet_v2-8,2_resnet34-4
mps-uncap,1.0,0.0002384185791015625,0.0002384185791015625,0.0002384185791015625
