mode,load,0_densenet169-2,1_mobilenet_v2-8,2_resnet34-4
mps-uncap,1.0,10.211944580078125,2.4957656860351562,2.391338348388672
