mode,load,0_vgg11-2,1_vgg11-4
mps-uncap,1.0,2.8346157073974614,3.301219940185545
