mode,load,0_densenet161-8,1_mobilenet_v3_small-8
mps-uncap,1.0,12.645463943481445,3.2994389533996578
