mode,load,0_densenet121-2,1_densenet169-32,2_densenet201-16,3_mobilenet_v2-32
mps-uncap,1.0,33.74626636505127,54.48806285858154,62.007904052734375,16.714334487915043
