mode,load,0_densenet121-2,1_densenet169-32,2_densenet201-16,3_mobilenet_v2-32
mps-uncap,1.0,29.119133949279785,53.12299728393555,59.151649475097656,11.95526123046875
