mode,load,0_densenet121-2,1_densenet169-32,2_densenet201-16,3_mobilenet_v2-32
mps-uncap,1.0,0.000476837158203125,0.000476837158203125,0.000476837158203125,0.000476837158203125
