mode,load,0_densenet121-2,1_densenet169-32,2_densenet201-16,3_mobilenet_v2-32
mps-uncap,1.0,36.492323875427246,55.73212146759034,65.91844081878662,19.223570823669434
