mode,load,0_densenet121-2,1_densenet169-32,2_densenet201-16,3_mobilenet_v2-32
mps-uncap,1.0,68.51341748066575,604.973681785751,269.88746726256625,2490.183988868632
