mode,load,0_efficientnet_b5-4,1_mobilenet_v2-32,2_resnet152-32,3_vgg19-8
mps-uncap,1.0,76.93362236022949,26.609420776367188,85.25872230529785,19.17552947998047
