mode,load,0_efficientnet_b5-8,1_mobilenet_v2-32,2_mobilenet_v3_small-2,3_vgg19-32
mps-uncap,1.0,106.89735412597656,31.5436840057373,26.945781707763672,27.826833724975586
