mode,load,0_mobilenet_v3_large-16,1_squeezenet1_0-16
mps-uncap,1.0,3.0863285064697266,3.3893585205078125
