mode,load,0_inception_v3-8,1_mobilenet_v2-32,2_mobilenet_v3_small-32,3_resnet152-32
mps-uncap,1.0,29.396533966064453,14.782905578613281,14.599919319152832,53.66921424865723
