mode,load,0_efficientnet_b6-8,1_efficientnet_b7-2,2_mobilenet_v2-16
mps-uncap,1.0,373.8731283041272,73.81306506217429,3057.033858496695
