mode,load,0_efficientnet_b5-2,1_squeezenet1_0-4,2_squeezenet1_0-8
mps-uncap,1.0,0.000476837158203125,0.000476837158203125,0.000476837158203125
