mode,load,0_densenet121-16,1_densenet161-2,2_vgg11-8
mps-uncap,1.0,30.038833618164062,39.60919380187988,6.434440612792969
