mode,load,0_densenet121-32,1_densenet121-4,2_mobilenet_v2-32,3_mobilenet_v3_large-16
mps-uncap,1.0,41.002869606018066,34.14802551269531,18.315720558166504,17.17815399169922
