mode,load,0_densenet121-32,1_densenet121-4,2_mobilenet_v2-32,3_mobilenet_v3_large-16
mps-uncap,1.0,39.26408290863037,29.210567474365234,11.934399604797363,11.90805435180664
