mode,load,0_densenet201-32,1_resnet152-16
mps-uncap,1.0,43.39815378189087,31.851100921630863
