mode,load,0_densenet201-32,1_resnet152-16
mps-uncap,1.0,44.153690338134766,32.46140480041504
