mode,load,0_alexnet-32,1_densenet169-32,2_densenet201-8,3_mobilenet_v2-32
mps-uncap,1.0,5.788111686706543,61.484575271606445,66.00546836853027,17.24796295166016
