mode,load,0_alexnet-32,1_densenet169-32,2_densenet201-8,3_mobilenet_v2-32
mps-uncap,1.0,3.0019283294677734,55.43160438537598,59.39745903015137,7.688283920288086
