mode,load,0_densenet169-2,1_resnet50-32
mps-uncap,1.0,24.05405044555664,13.451576232910156
