mode,load,0_bert-16,1_bert-2,2_squeezenet1_1-32,3_densenet121-32
mps-uncap,1.0,18.136978149414062,10.512351989746094,5.339622497558594,30.132770538330078
