mode,load,0_mobilenet_v2-32,1_squeezenet1_0-4,2_vgg19-8
mps-uncap,1.0,17.764568328857422,11.323928833007812,12.945175170898438
