mode,load,0_resnet152-4,1_resnet152-4,2_resnet152-4,3_resnet152-4
mig,1.0,14.57977294921875,14.838218688964844,14.820337295532227,27.79245376586914
