mode,load,0_resnet152-4,1_resnet152-4,2_resnet152-4,3_resnet152-4
mig,1.0,10.095357894897461,8.656978607177734,14.292001724243164,14.466047286987305
