mode,load,0_densenet201-8,1_mobilenet_v3_large-16,2_vgg13-16
mps-uncap,1.0,52.98471450805664,12.737512588500977,8.632183074951172
