mode,load,0_densenet201-8,1_mobilenet_v3_large-16,2_vgg13-16
mps-uncap,1.0,77.39138603210449,19.007468223571777,10.096192359924316
