mode,load,0_densenet201-8,1_mobilenet_v3_large-16,2_vgg13-16
mps-uncap,1.0,75.56819915771484,17.461776733398438,9.615540504455566
