mode,load,0_efficientnet_b7-2,1_inception_v3-32,2_mobilenet_v2-32,3_mobilenet_v2-32
mps-uncap,1.0,22.464275360107422,26.433467864990234,12.71510124206543,12.538671493530273
