mode,load,0_resnet101-16,1_vgg13-16
mps-uncap,1.0,45.546770095825195,9.500741958618164
