mode,load,0_mobilenet_v2-32,1_resnet101-16,2_resnet18-32,3_squeezenet1_0-4
mps-uncap,1.0,15.00856876373291,35.55178642272949,11.773347854614258,7.845878601074219
