mode,load,0_mobilenet_v2-32,1_resnet101-16,2_resnet18-32,3_squeezenet1_0-4
mps-uncap,1.0,11.750936508178711,31.08668327331543,8.033990859985352,1.8947124481201172
