mode,load,0_densenet201-2,1_efficientnet_b5-8,2_mobilenet_v3_small-8
mps-uncap,1.0,15.295743942260742,11.584997177124023,2.6369094848632812
