mode,load,0_densenet169-8,1_efficientnet_b5-4,2_resnet50-4
mps-uncap,1.0,14.542579650878906,9.442806243896484,3.9911270141601562
