mode,load,0_squeezenet1_1-4,1_vgg11-16
mps-uncap,1.0,933.2064653420709,2669.314839065643
