mode,load,0_squeezenet1_1-8,1_vgg11-8,2_vgg13-16
mps-uncap,1.0,654.3263247029159,840.0499146787915,1317.8350366957548
