mode,load,0_efficientnet_b7-2,1_inception_v3-4,2_mobilenet_v2-32,3_resnet101-32
mps-uncap,1.0,47.83987998962402,16.118764877319336,10.615348815917969,33.50353240966797
