mode,load,0_efficientnet_b7-2,1_inception_v3-4,2_mobilenet_v2-32,3_resnet101-32
mps-uncap,1.0,66.25485420227051,32.43231773376465,25.01964569091797,44.88825798034668
