mode,load,0_alexnet-16,1_efficientnet_b6-4,2_resnet50-4
mps-uncap,1.0,2.4607181549072266,21.129369735717773,7.795896530151367
