mode,load,0_resnet152-32,1_vgg16-32
mps-uncap,1.0,133.33559036254883,24.530887603759766
