mode,load,0_mobilenet_v3_large-16,1_vgg19-4
mps-uncap,1.0,6.502270698547363,5.0373077392578125
