mode,load,0_densenet121-8,1_densenet161-32,2_mobilenet_v2-32,3_vgg13-2
mps-uncap,1.0,46.03087902069092,71.49195671081543,20.82509756088257,12.359409332275384
