mode,load,0_densenet121-8,1_densenet161-32,2_mobilenet_v2-32,3_vgg13-2
mps-uncap,1.0,41.72825813293457,69.64707374572754,13.678193092346191,5.616307258605957
