mode,load,0_densenet201-16,1_mobilenet_v3_large-4
mps-uncap,1.0,895.5162531542514,1269.1473762399578
