mode,load,0_mobilenet_v2-32,1_mobilenet_v3_small-16,2_resnet18-32,3_vgg19-16
mps-uncap,1.0,23.488998413085938,21.38233184814453,18.400192260742188,18.3713436126709
