mode,load,0_densenet121-16,1_resnet152-2,2_squeezenet1_1-32
mps-uncap,1.0,20.303821563720703,19.201183319091797,6.985855102539063
