mode,load,0_densenet121-16,1_resnet152-2,2_squeezenet1_1-32
mps-uncap,1.0,19.521236419677734,17.7767276763916,5.110263824462891
