mode,load,0_densenet161-16,1_densenet169-32,2_resnet152-2
mps-uncap,1.0,35.01842021942139,38.76781463623047,26.590561866760257
