mode,load,0_densenet169-2,1_densenet201-32,2_mobilenet_v2-32,3_resnet34-8
mps-uncap,1.0,45.98367214202881,64.1939640045166,17.258906364440914,17.22965240478516
