mode,load,0_densenet169-2,1_densenet201-32,2_mobilenet_v2-32,3_resnet34-8
mps-uncap,1.0,23.04816246032715,51.2542724609375,9.413957595825195,6.2732696533203125
