mode,load,0_densenet121-4,1_resnet18-4
mps-uncap,1.0,579.0108446281008,2949.9548492769254
