mode,load,0_mobilenet_v3_small-16,1_vgg16-32,2_vgg19-16
mps-uncap,1.0,49.8201847076416,31.999588012695312,33.176422119140625
