mode,load,0_densenet201-2,1_mobilenet_v2-32,2_resnet34-32,3_vgg11-32
mps-uncap,1.0,135.12771129608154,29.39629554748535,40.18135070800782,15.530228614807129
