mode,load,0_mobilenet_v2-4,1_mobilenet_v3_small-4,2_squeezenet1_0-16
mps-uncap,1.0,0.000476837158203125,0.000476837158203125,0.000476837158203125
