mode,load,0_mobilenet_v2-4,1_mobilenet_v3_small-4,2_squeezenet1_0-16
mps-uncap,1.0,1096.0874884635075,1095.4434926692252,4381.787490756532
