mode,load,0_inception_v3-4,1_mobilenet_v3_small-32
mps-uncap,1.0,6.496596336364746,3.2509350776672363
