mode,load,0_mobilenet_v3_large-2,1_resnet50-32,2_squeezenet1_0-16
mps-uncap,1.0,3.328084945678711,14.401674270629883,4.7702789306640625
