mode,load,0_alexnet-4,1_densenet161-32,2_efficientnet_b6-4,3_mobilenet_v2-32
mps-uncap,1.0,0.011444091796875,0.0007152557373046875,0.008821487426757812,0.0035762786865234375
