mode,load,0_densenet121-4,1_mobilenet_v2-32,2_resnet152-8,3_resnet34-32
mps-uncap,1.0,19.755125045776367,9.989261627197266,32.3328971862793,12.686014175415039
