mode,load,0_densenet161-8,1_mobilenet_v2-32,2_squeezenet1_1-8,3_vgg16-32
mps-uncap,1.0,138.8719081878662,40.80843925476074,25.20895004272461,26.024818420410156
