mode,load,0_densenet161-8,1_mobilenet_v2-32,2_squeezenet1_1-8,3_vgg16-32
mps-uncap,1.0,137.08128929138184,39.3939733505249,24.049544334411618,25.380394458770752
