mode,load,0_densenet161-8,1_mobilenet_v2-32,2_squeezenet1_1-8,3_vgg16-32
mps-uncap,1.0,127.92587280273438,30.031681060791016,18.809080123901367,23.612141609191895
