mode,load,0_mobilenet_v3_small-4,1_resnet152-4,2_resnet50-16
mps-uncap,1.0,6.342172622680664,17.71092414855957,9.886741638183594
