mode,load,0_mobilenet_v3_small-4,1_resnet152-4,2_resnet50-16
mps-uncap,1.0,3.8384199142456055,16.198277473449707,8.481144905090332
