mode,load,0_efficientnet_b6-16,1_inception_v3-4,2_mobilenet_v2-32,3_resnet50-32
mps-uncap,1.0,77.84652709960938,47.28889465332031,27.074813842773438,35.35866737365723
