mode,load,0_densenet121-32,1_densenet169-2,2_efficientnet_b5-32,3_mobilenet_v2-32
mps-uncap,1.0,65.55628776550293,85.25347709655762,78.21226119995117,30.08270263671875
