mode,load,0_densenet121-32,1_densenet169-2,2_efficientnet_b5-32,3_mobilenet_v2-32
mps-uncap,1.0,65.55652618408203,85.25371551513672,78.21249961853027,30.08294105529785
