mode,load,0_efficientnet_b5-4,1_resnet50-4
mps-uncap,1.0,0.000476837158203125,0.000476837158203125
