mode,load,0_mobilenet_v3_large-8,1_vgg16-8
mps-uncap,1.0,1055.2353743096562,1344.1128231639173
