mode,load,0_resnet101-4,1_resnet34-8,2_vgg11-32
mps-uncap,1.0,39.27788734436036,21.88093662261963,12.3335599899292
