mode,load,0_densenet161-8,1_resnet101-16,2_resnet34-16
mps-uncap,1.0,28.957843780517578,20.076274871826172,9.438514709472656
