mode,load,0_densenet161-8,1_resnet101-16,2_resnet34-16
mps-uncap,1.0,31.560420989990234,23.02694320678711,12.251615524291992
