mode,load,0_alexnet-32,1_squeezenet1_1-16,2_vgg19-4
mps-uncap,1.0,4.82177734375,7.663908004760741,8.642902374267578
