mode,load,0_efficientnet_b6-2,1_resnet152-32,2_vgg16-8
mps-uncap,1.0,58.310747146606445,61.138272285461426,8.283615112304688
