mode,load,0_inception_v3-4,1_mobilenet_v2-32,2_resnet101-16,3_resnet18-32
mps-uncap,1.0,32.8197717666626,18.258519172668457,37.804484367370605,15.208492279052733
