mode,load,0_mobilenet_v2-32,1_mobilenet_v2-32,2_resnet101-8,3_resnet152-32
mps-uncap,1.0,19.754409790039062,19.75107192993164,40.3749942779541,66.40923023223877
