mode,load,0_densenet161-16,1_resnet152-16,2_vgg13-8
mps-uncap,1.0,72.7086067199707,62.90435791015625,11.34490966796875
