mode,load,0_mobilenet_v2-32,1_resnet50-32,2_squeezenet1_1-8,3_vgg13-2
mps-uncap,1.0,16.566157341003418,23.569583892822266,8.57841968536377,6.484508514404297
