mode,load,0_mobilenet_v2-32,1_resnet34-2,2_resnet50-32,3_squeezenet1_1-2
mps-uncap,1.0,15.058517456054688,15.259265899658203,20.766496658325195,11.211872100830078
