mode,load,0_densenet161-32,1_efficientnet_b7-4,2_vgg19-32
mps-uncap,1.0,156.92992210388184,154.35041427612302,32.429447174072266
