mode,load,0_densenet161-4,1_mobilenet_v3_small-2,2_resnet50-16
mps-uncap,1.0,19.683837890625,2.301454544067383,7.476568222045898
