mode,load,0_resnet34-16,1_squeezenet1_0-16,2_vgg16-16
mps-uncap,1.0,693.7449251850397,1193.0542348930326,1193.11001538288
