mode,load,0_densenet121-2,1_resnet18-16,2_resnet18-8
mps-uncap,1.0,10.129928588867188,3.6478042602539062,3.278017044067383
