mode,load,0_efficientnet_b5-8,1_efficientnet_b5-8,2_mobilenet_v2-32,3_resnet50-32
mps-uncap,1.0,53.58481407165527,53.61437797546387,16.77536964416504,26.641130447387695
