mode,load,0_densenet169-16,1_densenet201-2,2_vgg13-8
mps-uncap,1.0,46.657562255859375,47.59800434112549,5.470991134643555
