mode,load,0_efficientnet_b5-2,1_mobilenet_v2-32,2_mobilenet_v2-32,3_mobilenet_v2-4
mps-uncap,1.0,0.0002384185791015625,0.0002384185791015625,0.0002384185791015625,0.0002384185791015625
