mode,load,0_inception_v3-2,1_resnet50-32
mps-uncap,1.0,12.710380554199219,12.277841567993164
