mode,load,0_alexnet-2,1_densenet121-32,2_mobilenet_v2-32,3_vgg16-16
mps-uncap,1.0,4.786491394042969,82.27944374084473,24.545669555664062,14.87112045288086
