mode,load,0_alexnet-2,1_densenet121-32,2_mobilenet_v2-32,3_vgg16-16
mps-uncap,1.0,392.8323741271166,388.1452438397494,1295.418146153198,1059.7994793066391
