mode,load,0_densenet121-16,1_mobilenet_v2-32,2_squeezenet1_1-8,3_vgg11-32
mps-uncap,1.0,82.06219673156738,33.50340843200683,20.97897768020632,20.456902980804443
