mode,load,0_efficientnet_b6-8,1_mobilenet_v2-32,2_resnet34-32
mps-uncap,1.0,20.743846893310547,8.59832763671875,11.440277099609375
