mode,load,0_efficientnet_b6-8,1_mobilenet_v2-32,2_resnet34-32
mps-uncap,1.0,45.093655586242676,12.806487083435059,14.505577087402344
