mode,load,0_efficientnet_b6-8,1_mobilenet_v2-32,2_resnet34-32
mps-uncap,1.0,183.99701333098193,2860.7435326777204,2407.0994040028677
