mode,load,0_efficientnet_b6-8,1_inception_v3-2
mps-uncap,1.0,12.087106704711914,4.98652458190918
