mode,load,0_densenet169-16,1_mobilenet_v3_small-8
mps-uncap,1.0,14.230012893676758,4.642486572265625
