mode,load,0_densenet201-4,1_efficientnet_b7-32
mps-uncap,1.0,42.8776741027832,51.726579666137695
