mode,load,0_densenet201-4,1_efficientnet_b7-32
mps-uncap,1.0,46.39484405517578,52.260756492614746
