mode,load,0_efficientnet_b7-32,1_resnet50-2
mps-uncap,1.0,52.784013748168945,18.255233764648438
