mode,load,0_resnet152-4,1_resnet18-4
mps-uncap,1.0,11.731147766113281,2.856731414794922
