mode,load,0_densenet121-32,1_efficientnet_b7-8,2_mobilenet_v2-32,3_squeezenet1_1-32
mps-uncap,1.0,50.8347749710083,74.12314414978027,15.61582088470459,12.473225593566895
