mode,load,0_mobilenet_v2-16,1_resnet18-2,2_vgg13-8
mps-uncap,1.0,7.184267044067383,2.5277137756347656,5.260944366455078
