mode,load,0_mobilenet_v2-16,1_resnet18-2,2_vgg13-8
mps-uncap,1.0,1524.5614693362766,346.2239704793091,1334.7246939598522
