mode,load,0_densenet121-32,1_inception_v3-8,2_mobilenet_v2-32,3_vgg11-16
mps-uncap,1.0,0.0002384185791015625,0.0002384185791015625,0.0002384185791015625,0.0002384185791015625
