mode,load,0_densenet121-32,1_inception_v3-8,2_mobilenet_v2-32,3_vgg11-16
mps-uncap,1.0,72.9227066040039,53.89556884765625,25.316667556762695,11.071443557739258
