mode,load,0_vgg19-8,1_densenet201-8,2_resnet34-2
mps-uncap,1.0,20.122289657592773,49.834251403808594,20.5991268157959
mig,1.0,25.625944137573242,38.45572471618652,13.693571090698242
