mode,load,0_vgg19-8,1_densenet201-8,2_resnet34-2
mps-uncap,1.0,9.068965911865234,46.63863182067871,10.88681221008301
mig,1.0,14.429664611816406,25.36301612854004,3.732919692993164
