mode,load,0_mobilenet_v2-32,1_resnet18-8,2_resnet50-8,3_vgg11-32
mps-uncap,1.0,27.385234832763672,16.986370086669922,32.271623611450195,16.175508499145508
