mode,load,0_mobilenet_v2-4,1_mobilenet_v3_large-2,2_resnet18-32
mps-uncap,1.0,5.040884017944336,5.002260208129883,4.882659912109375
