mode,load,0_mobilenet_v2-32,1_resnet50-16,2_squeezenet1_1-2
mps-uncap,1.0,3336.0648222273394,1349.1099975192135,429.2333233731587
