mode,load,0_densenet169-32,1_densenet201-2,2_mobilenet_v2-2,3_mobilenet_v2-32
mps-uncap,1.0,41.6107177734375,39.026856422424316,6.142020225524902,9.18591022491455
