mode,load,0_densenet169-32,1_densenet201-2,2_mobilenet_v2-2,3_mobilenet_v2-32
mps-uncap,1.0,44.09933090209961,45.21369934082031,12.567758560180664,14.296770095825195
