mode,load,0_resnet18-8,1_resnet34-16,2_vgg16-8
mps-uncap,1.0,10.430335998535156,16.698837280273438,9.292125701904297
