mode,load,0_alexnet-32,1_inception_v3-32,2_mobilenet_v2-32,3_resnet18-8
mps-uncap,1.0,7.069807052612305,36.676998138427734,15.505228042602539,11.72964096069336
