mode,load,0_densenet121-8,1_efficientnet_b6-4,2_mobilenet_v2-4
mps-uncap,1.0,12.049674987792969,15.996694564819336,4.340171813964844
