mode,load,0_mobilenet_v2-32,1_mobilenet_v3_large-2,2_resnet101-4
mps-uncap,1.0,7.12132453918457,6.345891952514649,12.838935852050781
