mode,load,0_inception_v3-32,1_mobilenet_v2-32,2_resnet101-8,3_vgg11-8
mps-uncap,1.0,50.68504810333252,21.445631980895996,45.742225646972656,9.095430374145508
