mode,load,0_inception_v3-32,1_mobilenet_v2-32,2_resnet101-8,3_vgg11-8
mps-uncap,1.0,666.4941200195468,1687.5679278462533,185.7895104213959,1095.3257507838966
