mode,load,0_densenet169-16,1_efficientnet_b7-16
mps-uncap,1.0,32.575130462646484,37.385051250457764
