mode,load,0_vgg16-2,1_vgg19-32
mps-uncap,1.0,4.683017730712891,21.994352340698242
