mode,load,0_alexnet-2,1_mobilenet_v2-32,2_mobilenet_v2-4,3_vgg16-32
mps-uncap,1.0,0.9007453918457031,13.468265533447266,4.700183868408203,23.09870719909668
