mode,load,0_alexnet-2,1_mobilenet_v2-32,2_mobilenet_v2-4,3_vgg16-32
mps-uncap,1.0,301.28656560599217,1119.4768509717737,167.1180466688943,1227.4418553565074
