mode,load,0_resnet152-32,1_vgg16-16
mps-uncap,1.0,40.381669998168945,11.588335037231445
