mode,load,0_efficientnet_b5-2,1_mobilenet_v3_large-8
mps-uncap,1.0,0.000476837158203125,0.0050067901611328125
