mode,load,0_densenet161-4,1_densenet201-8,2_mobilenet_v2-32,3_vgg13-32
mps-uncap,1.0,91.2618637084961,87.35537528991699,22.099018096923828,18.662691116333008
