mode,load,0_resnet34-32,1_resnet34-32,2_resnet34-32,3_resnet34-32
mig,1.0,21.062421798706055,21.116304397583008,21.138429641723633,40.639519691467285
