mode,load,0_mobilenet_v3_large-4,1_mobilenet_v3_small-8,2_vgg11-16
mps-uncap,1.0,6.319761276245117,4.928827285766602,5.823612213134766
