mode,load,0_mobilenet_v3_large-4,1_mobilenet_v3_small-8,2_vgg11-16
mps-uncap,1.0,10.121049880981444,9.817481040954588,6.647825241088867
