mode,load,0_densenet121-32,1_mobilenet_v2-2,2_mobilenet_v2-32,3_vgg13-16
mps-uncap,1.0,91.65406227111816,29.961347579956055,35.37893295288086,20.226716995239258
