mode,load,0_resnet34-32,1_resnet34-32,2_squeezenet1_1-2
mps-uncap,1.0,10.85519790649414,10.944604873657227,1.651763916015625
