mode,load,0_efficientnet_b7-32,1_vgg19-4
mps-uncap,1.0,70.91891765594482,12.785911560058594
