mode,load,0_densenet161-4,1_mobilenet_v2-32,2_resnet18-32,3_squeezenet1_1-2
mps-uncap,1.0,38.75160217285156,11.813998222351074,9.833335876464844,4.882574081420898
