mode,load,0_densenet161-4,1_squeezenet1_1-16,2_vgg13-16
mps-uncap,1.0,58.78567695617676,7.028341293334961,9.23609733581543
