mode,load,0_efficientnet_b5-2,1_mobilenet_v2-32,2_resnet18-32,3_resnet18-8
mps-uncap,1.0,34.60538387298584,11.035680770874023,8.867025375366211,7.20977783203125
