mode,load,0_efficientnet_b7-16,1_efficientnet_b7-32,2_vgg13-2
mps-uncap,1.0,0.000476837158203125,0.000476837158203125,0.000476837158203125
