mode,load,0_inception_v3-32,1_resnet152-32,2_resnet152-32
mps-uncap,1.0,25.742053985595703,54.23903465270996,53.10320854187012
