mode,load,0_mobilenet_v3_large-8,1_squeezenet1_1-8
mps-uncap,1.0,2.688169479370117,1.4355182647705078
