mode,load,0_efficientnet_b5-16,1_resnet18-32,2_resnet18-8
mps-uncap,1.0,34.74407196044922,8.84544849395752,8.418798446655273
