mode,load,0_efficientnet_b5-16,1_resnet18-32,2_resnet18-8
mps-uncap,1.0,35.34247398376465,9.54613208770752,9.362387657165527
