mode,load,0_densenet121-4,1_mobilenet_v2-8
mps-uncap,1.0,7.6383137702941895,2.5461363792419434
