mode,load,0_densenet161-2,1_mobilenet_v2-32,2_mobilenet_v3_small-16,3_resnet18-32
mps-uncap,1.0,26.484251022338867,8.745670318603516,4.317045211791992,6.305694580078125
