mode,load,0_mobilenet_v2-2,1_resnet34-8,2_resnet50-8
mps-uncap,1.0,3.4079551696777344,5.408048629760742,5.999088287353516
