mode,load,0_densenet169-16,1_inception_v3-8,2_resnet50-4
mps-uncap,1.0,21.23641014099121,12.60655164718628,7.856466770172118
