mode,load,0_efficientnet_b6-32,1_mobilenet_v2-32,2_resnet101-32,3_resnet152-2
mps-uncap,1.0,87.23108768463135,26.38143539428711,55.881285667419434,66.81769371032715
