mode,load,0_mobilenet_v2-32,1_resnet152-8,2_resnet50-32,3_squeezenet1_1-2
mps-uncap,1.0,0.000476837158203125,0.000476837158203125,0.000476837158203125,0.0019073486328125
