mode,load,0_mobilenet_v2-32,1_resnet152-32,2_resnet34-4,3_resnet34-4
mps-uncap,1.0,11.412382125854492,36.40031814575195,5.285739898681641,4.937648773193359
