mode,load,0_alexnet-4,1_resnet152-2,2_vgg19-4
mps-uncap,1.0,2.3043465614318843,18.25279712677002,5.886316299438477
