mode,load,0_alexnet-4,1_resnet152-2,2_vgg19-4
mps-uncap,1.0,2.059459686279297,17.553424835205078,5.636453628540039
