mode,load,0_alexnet-4,1_resnet152-2,2_vgg19-4
mps-uncap,1.0,0.9789466857910156,14.80865478515625,4.622697830200195
