mode,load,0_vgg16-8,1_vgg19-32
mps-uncap,1.0,24.68191623687744,28.88965606689453
