mode,load,0_efficientnet_b5-2,1_efficientnet_b7-4,2_vgg19-32
mps-uncap,1.0,75.54173469543457,112.97178268432617,24.697065353393555
