mode,load,0_densenet201-16,1_efficientnet_b6-16,2_mobilenet_v2-32,3_vgg11-32
mps-uncap,1.0,184.5877170562744,144.45996284484863,40.602922439575195,24.856090545654297
