mode,load,0_densenet161-4,1_efficientnet_b7-16,2_mobilenet_v2-32,3_resnet34-32
mps-uncap,1.0,64.94140625,79.90121841430664,20.067453384399418,24.68576431274414
