mode,load,0_inception_v3-32,1_mobilenet_v3_small-4,2_squeezenet1_0-8
mps-uncap,1.0,16.078591346740723,3.2274723052978516,2.6906728744506836
