mode,load,0_inception_v3-32,1_mobilenet_v3_small-4,2_squeezenet1_0-8
mps-uncap,1.0,0.000476837158203125,0.0064373016357421875,0.0057220458984375
