mode,load,0_inception_v3-32,1_mobilenet_v3_small-4,2_squeezenet1_0-8
mps-uncap,1.0,18.528223037719727,7.221221923828125,5.913972854614258
