mode,load,0_efficientnet_b5-8,1_efficientnet_b5-8
mig,1.0,31.137466430664062,27.966976165771484
