mode,load,0_efficientnet_b5-8,1_efficientnet_b5-8
mig,1.0,13.393640518188477,15.892505645751953
mps-uncap,1.0,14.445638656616211,14.5111083984375
