mode,load,0_efficientnet_b5-8,1_efficientnet_b5-8
mig,1.0,31.137704849243164,27.967214584350586
