mode,load,0_resnet18-2,1_vgg13-16
mps-uncap,1.0,8.831501007080078,11.386871337890625
