mode,load,0_densenet121-32,1_densenet161-32,2_mobilenet_v2-32,3_squeezenet1_0-2
mps-uncap,1.0,40.44699668884277,35.0496768951416,9.265661239624023,2.9151439666748047
