mode,load,0_densenet121-32,1_mobilenet_v2-32,2_mobilenet_v3_small-16,3_resnet101-2
mps-uncap,1.0,44.83151435852051,19.561290740966797,16.80731773376465,29.087543487548828
