mode,load,0_resnet18-4,1_vgg16-16
mps-uncap,1.0,2.016305923461914,9.790182113647461
