mode,load,0_resnet152-8,1_vgg11-8
mps-uncap,1.0,265.75863877400195,2013.865677160752
