mode,load,0_mobilenet_v2-32,1_mobilenet_v3_small-4,2_resnet50-32,3_vgg16-16
mps-uncap,1.0,30.759310722351078,28.824462890625004,43.99770259857178,19.304227828979492
