mode,load,0_alexnet-16,1_alexnet-8,2_mobilenet_v2-8
mps-uncap,1.0,3.7758350372314453,3.5109519958496094,7.781505584716797
