mode,load,0_resnet34-32,1_resnet50-16,2_resnet50-4
mps-uncap,1.0,10.350704193115234,11.66391372680664,8.072853088378906
