mode,load,0_resnet34-32,1_resnet50-16,2_resnet50-4
mps-uncap,1.0,2601.965012835489,1210.9633837436838,328.33436640648307
