mode,load,0_efficientnet_b7-2,1_mobilenet_v2-32,2_resnet34-32,3_vgg19-2
mps-uncap,1.0,58.48360061645508,13.232588768005371,16.646432876586914,9.622454643249512
