mode,load,0_densenet169-8,1_densenet201-32,2_mobilenet_v2-32,3_vgg13-2
mps-uncap,1.0,54.9069619178772,73.1884217262268,17.50025749206543,10.60050487518311
