mode,load,0_densenet169-8,1_densenet201-32,2_mobilenet_v2-32,3_vgg13-2
mps-uncap,1.0,54.9073600769043,73.1884217262268,17.50044822692871,10.60050487518311
