mode,load,0_densenet201-4,1_resnet101-16,2_resnet18-4
mps-uncap,1.0,24.525880813598633,16.760826110839844,5.466699600219727
