mode,load,0_densenet201-4,1_resnet101-16,2_resnet18-4
mps-uncap,1.0,0.000476837158203125,0.000476837158203125,0.000476837158203125
