mode,load,0_densenet201-4,1_resnet101-16,2_resnet18-4
mps-uncap,1.0,174.4252785976935,1109.0121355134906,1365.5505249303048
