mode,load,0_resnet101-32,1_resnet152-4
mps-uncap,1.0,21.30305290222168,26.463501453399658
