mode,load,0_resnet101-32,1_squeezenet1_1-16
mps-uncap,1.0,19.803762435913086,2.824544906616211
