mode,load,0_densenet169-32,1_vgg11-32
mps-uncap,1.0,92.81766414642334,14.044046401977539
