mode,load,0_squeezenet1_1-32,1_squeezenet1_1-32
mig,1.0,6.345272064208984,7.3566436767578125
mps-uncap,1.0,6.991386413574219,7.053375244140625
