mode,load,0_densenet161-16,1_densenet161-2,2_vgg13-16
mps-uncap,1.0,78.9541244506836,69.47669982910156,11.483979225158691
