mode,load,0_mobilenet_v2-4,1_mobilenet_v3_large-32,2_resnet101-2
mps-uncap,1.0,0.000476837158203125,0.000476837158203125,0.000476837158203125
