mode,load,0_efficientnet_b7-2,1_inception_v3-8,2_mobilenet_v2-32,3_vgg19-32
mps-uncap,1.0,136.3782882690429,71.69899940490721,31.902432441711426,31.742990016937256
