mode,load,0_efficientnet_b7-2,1_inception_v3-8,2_mobilenet_v2-32,3_vgg19-32
mps-uncap,1.0,136.3784193992614,71.69923782348631,31.902432441711426,31.74304962158203
