mode,load,0_mobilenet_v2-32,1_mobilenet_v2-32,2_squeezenet1_0-2,3_vgg11-2
mps-uncap,1.0,12.73036003112793,12.73036003112793,5.987644195556641,3.3431053161621094
