mode,load,0_mobilenet_v2-32,1_mobilenet_v2-32,2_squeezenet1_0-2,3_vgg11-2
mps-uncap,1.0,2514.503309734452,2514.494111287242,314.3203299768273,464.22943930310083
