mode,load,0_llama-16,1_alexnet-2,2_mobilenet_v2-2,3_vgg19-2
mps-uncap,1.0,612.7753734588623,1.531839370727539,4.216432571411133,4.466772079467773
