mode,load,0_densenet201-32,1_efficientnet_b5-4,2_mobilenet_v2-32,3_resnet152-4
mps-uncap,1.0,64.48483467102051,38.652658462524414,12.287616729736328,36.93270683288574
