mode,load,0_mobilenet_v2-2,1_resnet34-4,2_vgg11-2
mps-uncap,1.0,649.3350028122186,892.713636105069,1092.4728297219672
