mode,load,0_resnet101-8,1_squeezenet1_1-16
mps-uncap,1.0,0.000476837158203125,0.000476837158203125
