mode,load,0_efficientnet_b5-8,1_mobilenet_v2-32,2_resnet18-32,3_resnet18-32
mps-uncap,1.0,51.23758316040039,14.611244201660156,11.817097663879395,11.810302734375
