mode,load,0_efficientnet_b5-8,1_mobilenet_v2-32,2_resnet18-32,3_resnet18-32
mps-uncap,1.0,46.95391654968262,12.581110000610352,8.949995040893555,8.873462677001953
