mode,load,0_efficientnet_b5-8,1_mobilenet_v2-32,2_resnet18-32,3_resnet18-32
mps-uncap,1.0,55.89401245117187,18.00602912902832,13.309602737426758,13.328437805175781
