mode,load,0_efficientnet_b7-8,1_resnet101-2,2_resnet152-16
mps-uncap,1.0,34.476985931396484,16.819190979003903,25.76610565185547
