mode,load,0_efficientnet_b7-8,1_resnet101-2,2_resnet152-16
mps-uncap,1.0,36.09514236450195,18.59736442565918,27.33016014099121
