mode,load,0_resnet152-8,1_resnet50-32,2_vgg19-32
mps-uncap,1.0,0.00043869018554686904,0.000476837158203125,0.000476837158203125
