mode,load,0_resnet152-8,1_resnet50-32,2_vgg19-32
mps-uncap,1.0,117.73681640625,51.97572708129883,27.89890766143799
