mode,load,0_alexnet-4,1_densenet121-32
mps-uncap,1.0,1.1682510375976562,19.718289375305176
