mode,load,0_densenet201-2,1_efficientnet_b6-4,2_resnet18-32
mps-uncap,1.0,25.381922721862793,22.188425064086914,5.726337432861328
