mode,load,0_densenet161-32,1_densenet201-8,2_mobilenet_v2-32,3_vgg13-2
mps-uncap,1.0,70.68219184875488,71.07217311859131,18.151283264160156,8.385062217712402
