mode,load,0_densenet201-8,1_efficientnet_b5-2,2_mobilenet_v2-32,3_mobilenet_v2-32
mps-uncap,1.0,170.42333718364358,61.9582071369039,2805.6186108437414,2805.6269582681534
