mode,load,0_resnet152-32,1_resnet50-8
mps-uncap,1.0,33.545613288879395,14.276742935180664
