mode,load,0_efficientnet_b6-4,1_mobilenet_v2-32,2_mobilenet_v3_small-4,3_vgg13-32
mps-uncap,1.0,96.07481956481934,21.684646606445312,6.201505661010742,16.57867431640625
