mode,load,0_densenet121-32,1_mobilenet_v3_large-32,2_resnet50-32
mps-uncap,1.0,47.18482494354248,16.11506938934326,20.23172378540039
