mode,load,0_densenet201-8,1_mobilenet_v2-32,2_mobilenet_v3_large-32,3_resnet18-32
mps-uncap,1.0,70.06957292556761,18.772678375244137,21.311962604522705,15.931367874145508
