mode,load,0_densenet201-8,1_mobilenet_v2-32,2_mobilenet_v3_large-32,3_resnet18-32
mps-uncap,1.0,127.80410548102806,2090.1082915460383,1892.1160222103526,2702.0551774455284
