mode,load,0_densenet121-32,1_densenet201-2,2_mobilenet_v2-32,3_vgg11-2
mps-uncap,1.0,37.8420352935791,21.529436111450195,9.841680526733398,1.8072128295898438
