mode,load,0_densenet169-32,1_densenet169-4,2_inception_v3-16,3_mobilenet_v2-32
mps-uncap,1.0,47.856688499450684,40.32790660858154,25.449156761169434,10.266304016113281
