mode,load,0_vgg16-4,1_vgg19-4
mps-uncap,1.0,5.882024765014648,7.160027027130127
