mode,load,0_densenet161-4,1_inception_v3-32,2_mobilenet_v2-32,3_vgg19-2
mps-uncap,1.0,26.74269676208496,26.95608139038086,8.170366287231445,4.334211349487305
