mode,load,0_vgg11-2,1_vgg16-2
mps-uncap,1.0,1.8787384033203125,2.4797916412353516
