mode,load,0_vgg11-2,1_vgg16-2
mps-uncap,1.0,3.3426284790039062,4.346370697021484
