mode,load,0_vgg11-2,1_vgg16-2
mps-uncap,1.0,2.4597644805908203,3.3597946166992188
