mode,load,0_efficientnet_b7-32,1_mobilenet_v2-32
mps-uncap,1.0,71.68936729431152,20.886898040771484
