mode,load,0_densenet201-32,1_efficientnet_b7-16,2_efficientnet_b7-4,3_mobilenet_v2-32
mps-uncap,1.0,85.28733253479004,76.65395736694336,76.31540298461914,22.376537322998047
