mode,load,0_efficientnet_b5-32,1_vgg11-8,2_vgg13-8
mps-uncap,1.0,0.0002384185791015625,0.0002384185791015625,0.0002384185791015625
