mode,load,0_resnet34-8,1_resnet34-8,2_resnet34-8,3_resnet34-8
mig,1.0,11.525392532348633,8.208513259887695,8.213281631469727,11.645078659057617
