mode,load,0_resnet34-8,1_resnet34-8,2_resnet34-8,3_resnet34-8
mig,1.0,6.536777019500732,6.633105278015137,6.63447380065918,12.77113676071167
