mode,load,0_mobilenet_v3_small-8,1_resnet18-16
mps-uncap,1.0,2.72369384765625,2.7146339416503906
