mode,load,0_alexnet-4,1_efficientnet_b5-4,2_resnet34-8
mps-uncap,1.0,1.2650489807128906,14.83752727508545,5.500555038452148
