mode,load,0_densenet169-32,1_mobilenet_v2-32,2_resnet152-2,3_squeezenet1_0-4
mps-uncap,1.0,30.263185501098633,9.315729141235352,20.56741714477539,1.9867420196533203
