mode,load,0_densenet169-32,1_mobilenet_v2-32,2_resnet152-2,3_squeezenet1_0-4
mps-uncap,1.0,630.753495786342,2553.688864184317,66.03991027420237,670.4558216170127
