mode,load,0_densenet169-4,1_resnet50-8
mps-uncap,1.0,10.036230087280273,4.17780876159668
