mode,load,0_densenet169-4,1_resnet50-8
mps-uncap,1.0,13.37575912475586,7.143974304199219
