mode,load,0_densenet121-2,1_densenet161-32,2_efficientnet_b6-4,3_mobilenet_v2-32
mps-uncap,1.0,35.73246002197266,58.52985382080078,49.81226921081543,17.438857555389404
