mode,load,0_mobilenet_v3_small-16,1_squeezenet1_0-16,2_vgg19-8
mps-uncap,1.0,12.789249420166016,11.156558990478516,10.612726211547852
