mode,load,0_mobilenet_v3_small-16,1_squeezenet1_0-16,2_vgg19-8
mps-uncap,1.0,1643.428074021519,1871.097551314508,877.7655306967042
