mode,load,0_densenet169-8,1_mobilenet_v3_large-4
mps-uncap,1.0,12.058496475219727,3.865957260131836
