mode,load,0_densenet169-8,1_mobilenet_v3_large-4
mps-uncap,1.0,10.025691986083984,2.9850006103515625
