mode,load,0_densenet169-4,1_efficientnet_b7-8,2_mobilenet_v3_small-2
mps-uncap,1.0,15.730524063110353,20.00100612640381,3.572702407836914
