mode,load,0_densenet161-4,1_densenet201-4,2_inception_v3-32,3_mobilenet_v2-32
mps-uncap,1.0,39.899349212646484,45.748233795166016,27.155160903930664,12.601375579833984
