mode,load,0_densenet161-4,1_densenet201-4,2_inception_v3-32,3_mobilenet_v2-32
mps-uncap,1.0,35.263776779174805,41.61274433135986,24.086952209472656,9.318113327026367
