mode,load,0_inception_v3-32,1_mobilenet_v2-32,2_resnet50-4,3_squeezenet1_1-32
mps-uncap,1.0,29.180049896240234,9.255170822143555,5.573272705078125,5.839347839355469
