mode,load,0_densenet121-2,1_resnet101-4,2_resnet34-4
mps-uncap,1.0,8.123636245727539,6.867170333862305,3.171205520629883
