mode,load,0_densenet201-2,1_mobilenet_v3_large-16,2_vgg11-32
mps-uncap,1.0,29.019206059672566,1078.182349488984,2748.1187929347343
