mode,load,0_bert-32,1_alexnet-8,2_resnet101-2
mps-uncap,1.0,29.37006950378418,3.419637680053711,18.93138885498047
