mode,load,0_densenet121-2,1_efficientnet_b5-2
mps-uncap,1.0,8.270263671875,10.116100311279297
