mode,load,0_densenet161-32,1_mobilenet_v2-16,2_mobilenet_v2-32,3_vgg13-16
mps-uncap,1.0,144.66364860534668,33.14218521118164,36.64989471435546,20.17800807952881
