mode,load,0_densenet161-32,1_mobilenet_v2-16,2_mobilenet_v2-32,3_vgg13-16
mps-uncap,1.0,142.98830032348633,31.04414939880371,33.47349166870117,16.084671020507812
