mode,load,0_densenet121-4,1_resnet101-4
mps-uncap,1.0,6.801843643188477,5.187273025512695
