mode,load,0_alexnet-2,1_mobilenet_v2-32,2_mobilenet_v2-32,3_mobilenet_v3_large-8
mps-uncap,1.0,6.723880767822266,11.786437034606934,11.771392822265625,11.833858489990234
