mode,load,0_alexnet-2,1_mobilenet_v2-32,2_mobilenet_v2-32,3_mobilenet_v3_large-8
mps-uncap,1.0,8.167743682861328,13.042688369750977,13.088703155517578,13.156414031982422
