mode,load,0_densenet121-32,1_densenet201-16,2_vgg13-32
mps-uncap,1.0,95.38259506225586,164.70396518707275,20.97630500793457
