mode,load,0_densenet121-32,1_mobilenet_v2-32,2_mobilenet_v3_small-32,3_resnet101-16
mps-uncap,1.0,691.3392806599443,1899.074649577517,1931.7552477465883,464.3010367889606
