mode,load,0_alexnet-32,1_densenet201-8,2_efficientnet_b5-32
mps-uncap,1.0,3.7484169006347656,55.988311767578125,46.012043952941895
