mode,load,0_densenet169-32,1_efficientnet_b6-32,2_mobilenet_v2-32,3_squeezenet1_1-8
mps-uncap,1.0,79.10933494567871,77.69298553466797,21.991801261901855,12.960672378540039
