mode,load,0_densenet169-32,1_efficientnet_b6-32,2_mobilenet_v2-32,3_squeezenet1_1-8
mps-uncap,1.0,80.69414854049683,78.18789482116699,26.04126214981079,16.254603862762444
