mode,load,0_resnet34-32,1_vgg11-16,2_vgg19-2
mps-uncap,1.0,25.767943859100342,9.978618621826174,14.408187866210938
