mode,load,0_squeezenet1_1-2,1_vgg13-2
mps-uncap,1.0,1.8339157104492188,1.953125
