mode,load,0_densenet121-32,1_resnet18-2,2_resnet34-32
mps-uncap,1.0,42.11878776550293,12.9852294921875,20.725250244140625
mig,1.0,42.63806343078613,11.684894561767578,30.12561798095703
