mode,load,0_mobilenet_v3_large-16,1_resnet101-4
mps-uncap,1.0,3.340482711791992,6.0443878173828125
