mode,load,0_inception_v3-32,1_mobilenet_v2-32,2_mobilenet_v2-32,3_mobilenet_v3_small-32
mps-uncap,1.0,36.43217086791992,20.243096351623535,20.24562358856201,20.196914672851562
