mode,load,0_inception_v3-32,1_mobilenet_v2-32,2_mobilenet_v2-32,3_mobilenet_v3_small-32
mps-uncap,1.0,35.94970703125,17.964601516723633,17.62676239013672,17.905473709106445
