mode,load,0_inception_v3-32,1_mobilenet_v2-32,2_resnet34-8,3_vgg11-32
mps-uncap,1.0,60.15801429748535,19.555330276489258,21.2552547454834,12.020349502563477
