mode,load,0_inception_v3-4,1_mobilenet_v2-32,2_mobilenet_v2-32,3_resnet152-4
mps-uncap,1.0,22.89271354675293,11.605501174926758,11.602115631103516,33.125925064086914
