mode,load,0_densenet169-16,1_densenet201-32
mps-uncap,1.0,29.975850582122803,38.701443672180176
