mode,load,0_alexnet-4,1_inception_v3-2,2_mobilenet_v3_large-16
mps-uncap,1.0,1.0221004486083984,8.245229721069336,4.113197326660156
