mode,load,0_alexnet-4,1_efficientnet_b6-32,2_resnet18-16
mps-uncap,1.0,2.4515390396118164,50.452232360839844,7.169485092163086
