mode,load,0_efficientnet_b5-16,1_inception_v3-16
mps-uncap,1.0,18.5396671295166,11.187076568603516
