mode,load,0_mobilenet_v2-32,1_mobilenet_v3_large-8,2_squeezenet1_0-4,3_vgg11-32
mps-uncap,1.0,1378.998478846192,352.96010130090735,310.4134130121078,2047.9647409329082
