mode,load,0_densenet121-4,1_resnet101-2,2_squeezenet1_0-4
mps-uncap,1.0,8.913516998291016,7.139301300048828,1.8401145935058594
