mode,load,0_vgg16-16,1_inception_v3-4,2_resnet18-4
mig,1.0,0.0002384185791015625,0.0002384185791015625,0.0002384185791015625
mps-uncap,1.0,0.0002384185791015625,0.0002384185791015625,0.0002384185791015625
ts,1.0,0.0002384185791015625,0.0002384185791015625,0.0002384185791015625
