mode,load,0_densenet161-16,1_squeezenet1_1-8
mps-uncap,1.0,23.00713539123535,5.337715148925781
