mode,load,0_alexnet-2,1_densenet121-32,2_efficientnet_b5-4,3_mobilenet_v2-32
mps-uncap,1.0,4.674625396728516,40.706729888916016,40.59123992919922,18.69180202484131
