mode,load,0_alexnet-2,1_densenet121-32,2_efficientnet_b5-4,3_mobilenet_v2-32
mps-uncap,1.0,1.9404888153076172,40.27414321899414,38.78653049468994,11.287569999694824
