mode,load,0_alexnet-2,1_densenet121-32,2_efficientnet_b5-4,3_mobilenet_v2-32
mps-uncap,1.0,785.7183622407116,794.637607938302,105.47127868936927,2383.551167837118
