mode,load,0_efficientnet_b6-4,1_efficientnet_b7-4,2_mobilenet_v2-32,3_vgg11-32
mps-uncap,1.0,98.1142520904541,122.45619297027588,25.393247604370117,13.379335403442383
