mode,load,0_densenet121-32,1_densenet201-8,2_mobilenet_v2-32,3_mobilenet_v3_small-8
mps-uncap,1.0,32.802581787109375,48.18248748779297,9.662628173828125,7.847309112548828
