mode,load,0_densenet121-32,1_densenet201-8,2_mobilenet_v2-32,3_mobilenet_v3_small-8
mps-uncap,1.0,30.506610870361328,43.741464614868164,7.773876190185547,3.5092830657958984
