mode,load,0_densenet121-32,1_densenet201-8,2_mobilenet_v2-32,3_mobilenet_v3_small-8
mps-uncap,1.0,977.2622916529228,164.34894298405894,2943.7272193789427,982.3431076934768
