mode,load,0_densenet201-2,1_resnet50-16,2_resnet50-16
mps-uncap,1.0,32.25994110107422,12.163639068603516,12.164115905761719
