mode,load,0_densenet201-32,1_mobilenet_v2-32,2_squeezenet1_1-8,3_vgg19-16
mps-uncap,1.0,110.29434204101562,18.043041229248047,2.8810501098632812,15.82479476928711
