mode,load,0_densenet201-32,1_mobilenet_v2-32,2_squeezenet1_1-8,3_vgg19-16
mps-uncap,1.0,159.52324867248535,37.60409355163574,26.328563690185547,26.84307098388672
