mode,load,0_efficientnet_b7-32,1_efficientnet_b7-32,2_efficientnet_b7-32,3_efficientnet_b7-32
mig,1.0,224.40719604492188,190.77467918395996,191.46490097045898,227.51522064208984
