mode,load,0_efficientnet_b7-32,1_efficientnet_b7-32,2_efficientnet_b7-32,3_efficientnet_b7-32
mig,1.0,206.32457733154297,184.25893783569336,181.54621124267578,211.42303943634033
