mode,load,0_efficientnet_b7-32,1_efficientnet_b7-32,2_efficientnet_b7-32,3_efficientnet_b7-32
mig,1.0,223.60315322875977,190.54359436035156,190.32933712005615,226.00507736206055
