mode,load,0_inception_v3-32,1_resnet18-32,2_resnet50-32
mps-uncap,1.0,38.76333951950073,15.060925483703613,23.184823989868164
