mode,load,0_inception_v3-32,1_resnet18-32,2_resnet50-32
mps-uncap,1.0,40.258169174194336,15.750646591186523,23.551464080810547
