mode,load,0_resnet34-32,1_resnet34-4,2_squeezenet1_1-8
mps-uncap,1.0,9.512526988983154,7.652721405029296,5.484323501586917
