mode,load,0_mobilenet_v3_small-2,1_mobilenet_v3_small-2,2_mobilenet_v3_small-2,3_mobilenet_v3_small-2
mig,1.0,2.7404093742370605,2.4738359451293945,2.454879283905029,2.4566650390625
