mode,load,0_densenet169-2,1_efficientnet_b5-32,2_inception_v3-8
mps-uncap,1.0,0.000476837158203125,0.000476837158203125,0.0026226043701171875
