mode,load,0_inception_v3-8,1_resnet50-8,2_vgg13-8
mps-uncap,1.0,24.489641189575195,15.42198657989502,5.991935729980469
