mode,load,0_densenet121-4,1_resnet50-4,2_resnet50-8
mps-uncap,1.0,0.000476837158203125,0.000476837158203125,0.000476837158203125
