mode,load,0_densenet121-4,1_resnet50-4,2_resnet50-8
mps-uncap,1.0,12.349176406860352,6.085348129272462,6.310701370239258
