mode,load,0_mobilenet_v2-32,1_mobilenet_v3_small-2,2_squeezenet1_0-2,3_vgg11-32
mps-uncap,1.0,24.95431900024414,23.819684982299805,17.819881439208984,17.121076583862305
