mode,load,0_inception_v3-2,1_squeezenet1_0-4
mps-uncap,1.0,5.345344543457031,1.338958740234375
