mode,load,0_inception_v3-2,1_squeezenet1_0-4
mps-uncap,1.0,5.68842887878418,1.4750957489013672
