mode,load,0_mobilenet_v2-32,1_mobilenet_v3_small-2,2_resnet18-2,3_resnet18-32
mps-uncap,1.0,10.531926155090332,8.791971206665039,7.137322425842285,8.447957038879395
