mode,load,0_densenet121-8,1_densenet161-32,2_mobilenet_v2-32,3_mobilenet_v3_large-2
mps-uncap,1.0,35.63380241394043,58.07018280029297,14.800930023193361,15.250444412231447
