mode,load,0_densenet121-8,1_densenet161-32,2_mobilenet_v2-32,3_mobilenet_v3_large-2
mps-uncap,1.0,37.50950336456299,58.52041244506836,17.152576446533217,17.880795001983635
