mode,load,0_densenet161-32,1_mobilenet_v2-32,2_mobilenet_v3_small-8,3_resnet50-16
mps-uncap,1.0,66.62845611572266,10.753631591796875,5.506277084350586,14.750480651855469
