mode,load,0_densenet201-8,1_resnet101-2
mps-uncap,1.0,636.0742435506294,356.33196946642363
