mode,load,0_mobilenet_v2-32,1_mobilenet_v2-8,2_resnet101-32,3_vgg11-16
mps-uncap,1.0,25.797724723815918,21.722078323364258,73.27938079833984,11.161327362060547
