mode,load,0_alexnet-4,1_densenet201-4,2_vgg19-4
mps-uncap,1.0,3.0989646911621094,28.180599212646484,6.645441055297852
