mode,load,0_alexnet-4,1_densenet201-4,2_vgg19-4
mps-uncap,1.0,0.9419918060302734,14.523506164550781,4.484415054321289
