mode,load,0_inception_v3-32,1_mobilenet_v2-32,2_mobilenet_v3_small-8,3_squeezenet1_1-16
mps-uncap,1.0,28.275251388549805,13.197660446166992,12.478351593017578,10.503768920898438
