mode,load,0_inception_v3-32,1_mobilenet_v2-32,2_mobilenet_v3_small-8,3_squeezenet1_1-16
mps-uncap,1.0,27.362394332885742,12.241601943969727,10.080528259277342,8.685636520385742
