mode,load,0_alexnet-4,1_squeezenet1_1-2
mps-uncap,1.0,0.6732940673828125,0.9367465972900391
