mode,load,0_inception_v3-4,1_squeezenet1_0-32,2_squeezenet1_0-4
mps-uncap,1.0,0.000476837158203125,0.0030994415283203125,0.000476837158203125
