mode,load,0_densenet201-2,1_vgg11-2
mps-uncap,1.0,12.047767639160156,1.3723373413085938
