mode,load,0_mobilenet_v2-32,1_mobilenet_v2-4,2_vgg11-32,3_vgg19-2
mps-uncap,1.0,30.596423149108887,26.31669044494629,17.936372756958008,20.662546157836918
