mode,load,0_densenet169-8,1_efficientnet_b7-16,2_resnet18-8
mps-uncap,1.0,25.284290313720703,33.46681594848633,2.7947425842285156
