mode,load,0_vgg13-8,1_vgg13-8,2_vgg13-8,3_vgg13-8
mig,1.0,15.717029571533203,15.806913375854492,15.802145004272461,30.661344528198242
