mode,load,0_vgg13-8,1_vgg13-8,2_vgg13-8,3_vgg13-8
mig,1.0,21.49045467376709,16.355762481689453,14.906914234161377,14.951229095458984
