mode,load,0_vgg13-8,1_vgg13-8,2_vgg13-8,3_vgg13-8
mig,1.0,9.287834167480469,7.794380187988281,14.76287841796875,14.80555534362793
