mode,load,0_vgg13-8,1_vgg13-8,2_vgg13-8,3_vgg13-8
mig,1.0,15.43879508972168,15.518426895141602,15.528440475463867,30.25221824645996
