mode,load,0_densenet169-32,1_densenet201-4,2_mobilenet_v2-32,3_squeezenet1_1-4
mps-uncap,1.0,0.000476837158203125,0.000476837158203125,0.000476837158203125,0.0030994415283203125
