mode,load,0_inception_v3-2,1_resnet34-2
mps-uncap,1.0,5.178928375244141,1.973867416381836
