mode,load,0_alexnet-2,1_densenet161-32,2_mobilenet_v2-32,3_squeezenet1_0-32
mps-uncap,1.0,3.3731460571289062,86.83288097381592,17.30823516845703,13.072967529296875
