mode,load,0_alexnet-2,1_densenet161-32,2_mobilenet_v2-32,3_squeezenet1_0-32
mps-uncap,1.0,11.063575744628906,90.26765823364258,26.03745460510254,20.6143856048584
