mode,load,0_densenet201-16,1_inception_v3-16
mps-uncap,1.0,17.570018768310547,9.281396865844727
