mode,load,0_densenet121-2,1_resnet18-4
mps-uncap,1.0,7.08317756652832,1.1630058288574219
