mode,load,0_squeezenet1_1-8,1_vgg13-2
mps-uncap,1.0,2.7222633361816406,2.2878646850585938
