mode,load,0_densenet121-4,1_inception_v3-2,2_vgg11-8
mps-uncap,1.0,23.006439208984375,15.897512435913086,5.297660827636719
