mode,load,0_densenet121-4,1_inception_v3-2,2_vgg11-8
mps-uncap,1.0,0.0002384185791015625,0.0002384185791015625,0.0002384185791015625
