mode,load,0_densenet201-16,1_efficientnet_b5-32,2_squeezenet1_0-32
mps-uncap,1.0,83.4998607635498,62.131404876708984,15.112709999084473
