mode,load,0_efficientnet_b5-32,1_resnet101-8,2_resnet50-16
mps-uncap,1.0,49.539804458618164,37.10222244262695,23.648977279663086
