mode,load,0_densenet161-4,1_densenet161-4,2_densenet161-4,3_densenet161-4
mig,1.0,17.169713973999023,17.432451248168945,17.4715518951416,32.35363960266113
