mode,load,0_densenet121-32,1_mobilenet_v2-32,2_mobilenet_v2-4,3_squeezenet1_1-16
mps-uncap,1.0,37.6591682434082,15.039682388305666,12.68734931945801,9.751200675964355
