mode,load,0_densenet121-16,1_densenet121-32,2_resnet152-4
mps-uncap,1.0,0.000476837158203125,0.000476837158203125,0.000476837158203125
