mode,load,0_mobilenet_v3_large-4,1_resnet152-2
mps-uncap,1.0,2.706766128540039,7.433891296386719
