mode,load,0_mobilenet_v3_large-4,1_resnet152-2
mps-uncap,1.0,0.000476837158203125,0.000476837158203125
