mode,load,0_inception_v3-4,1_mobilenet_v2-32,2_mobilenet_v2-32,3_mobilenet_v3_large-4
mps-uncap,1.0,19.387245178222656,10.717153549194336,10.710000991821289,10.713338851928711
