mode,load,0_bert-4,1_bert-4
mig,1.0,6.756067276000977,6.875038146972656
