mode,load,0_bert-4,1_bert-4
mig,1.0,6.838798522949219,7.131180763244639
