mode,load,0_bert-4,1_bert-4
mig,1.0,6.756305694580078,6.875038146972656
