mode,load,0_densenet161-32,1_densenet169-4,2_mobilenet_v2-32,3_vgg11-4
mps-uncap,1.0,71.55261039733887,59.99469757080078,18.628787994384766,8.115887641906738
