mode,load,0_densenet161-32,1_densenet169-4,2_mobilenet_v2-32,3_vgg11-4
mps-uncap,1.0,72.43974924087524,61.50113582611085,20.963764190673828,11.786031723022461
