mode,load,0_mobilenet_v2-32,1_mobilenet_v2-8,2_resnet152-2,3_vgg16-32
mps-uncap,1.0,35.34810543060302,27.721693515777588,98.9337205886841,28.44870090484619
