mode,load,0_alexnet-4,1_efficientnet_b6-4,2_mobilenet_v2-32,3_resnet18-32
mps-uncap,1.0,0.0040531158447265625,0.0045299530029296875,0.000476837158203125,0.0007152557373046875
