mode,load,0_alexnet-4,1_efficientnet_b6-4,2_mobilenet_v2-32,3_resnet18-32
mps-uncap,1.0,2.621293067932129,42.92941093444824,12.721538543701172,10.554075241088867
