mode,load,0_resnet50-2,1_resnet50-2
mig,1.0,13.868093490600586,11.852741241455078
