mode,load,0_inception_v3-32,1_vgg11-8
mps-uncap,1.0,30.149221420288086,7.094860076904297
