mode,load,0_resnet101-8,1_vgg13-8
mps-uncap,1.0,20.25914192199707,4.796743392944336
