mode,load,0_densenet161-16,1_mobilenet_v2-32,2_mobilenet_v2-32,3_resnet18-4
mps-uncap,1.0,59.63924884796142,20.886793136596676,20.824508666992184,15.509443283081055
