mode,load,0_mobilenet_v2-16,1_vgg11-2
mps-uncap,1.0,5.064558982849122,2.861499786376953
