mode,load,0_densenet169-2,1_efficientnet_b5-8,2_mobilenet_v2-32,3_vgg13-32
mps-uncap,1.0,63.56215476989746,44.8155403137207,23.146867752075195,16.85047149658203
