mode,load,0_inception_v3-2,1_inception_v3-32
mps-uncap,1.0,9.074211120605469,12.634515762329102
