mode,load,0_inception_v3-2,1_inception_v3-32
mps-uncap,1.0,7.46607780456543,11.263132095336914
