mode,load,0_efficientnet_b6-2,1_mobilenet_v2-2,2_resnet50-4
mps-uncap,1.0,14.554262161254883,3.4427642822265625,5.393743515014648
