mode,load,0_inception_v3-8,1_mobilenet_v2-16,2_mobilenet_v2-32,3_vgg11-32
mps-uncap,1.0,71.44549608230591,28.951454162597653,31.999311447143555,19.372920989990234
