mode,load,0_inception_v3-8,1_mobilenet_v2-16,2_mobilenet_v2-32,3_vgg11-32
mps-uncap,1.0,60.72711944580078,23.628950119018555,27.835845947265625,15.664100646972656
