mode,load,0_inception_v3-8,1_resnet18-4,2_vgg11-32
mps-uncap,1.0,42.33503341674805,12.634754180908203,13.655662536621094
