mode,load,0_inception_v3-8,1_resnet18-4,2_vgg11-32
mps-uncap,1.0,229.22716673764782,462.543383040287,2739.4446310257053
