mode,load,0_densenet169-4,1_resnet101-4
mps-uncap,1.0,9.777307510375977,5.15437126159668
