mode,load,0_densenet121-8,1_resnet152-4,2_squeezenet1_0-2
mps-uncap,1.0,10.263824462890625,10.870838165283203,2.2962093353271484
