mode,load,0_densenet169-4,1_squeezenet1_0-32,2_squeezenet1_1-4
mps-uncap,1.0,29.592227935791012,7.144734859466553,5.438637733459472
