mode,load,0_densenet169-4,1_squeezenet1_0-32,2_squeezenet1_1-4
mps-uncap,1.0,27.149200439453125,6.649255752563477,3.4868717193603516
