mode,load,0_resnet152-2,1_vgg16-2
mps-uncap,1.0,11.592864990234375,2.485513687133789
