mode,load,0_resnet152-2,1_vgg16-2
mps-uncap,1.0,12.201709747314453,2.6040077209472656
