mode,load,0_densenet201-4,1_efficientnet_b5-16,2_squeezenet1_0-16
mps-uncap,1.0,41.80614948272705,27.86552906036377,7.337284088134766
