mode,load,0_resnet34-4,1_vgg13-2
mps-uncap,1.0,4.468679428100586,2.1584033966064453
