mode,load,0_llama-16,1_bert-4
mps-uncap,1.0,319.5734739303589,7.7457427978515625
mps-uncap,1.0,325.05664825439453,6.572246551513672
