mode,load,0_llama-16,1_bert-4
mps-uncap,1.0,318.2082176208496,7.4138641357421875
mps-uncap,1.0,324.0504264831543,6.395101547241211
