mode,load,0_vgg13-2,1_vgg13-2,2_vgg13-2,3_vgg13-2
mig,1.0,5.309581756591797,5.32984733581543,5.322933197021484,11.113405227661133
