mode,load,0_vgg13-2,1_vgg13-2,2_vgg13-2,3_vgg13-2
mig,1.0,5.193471908569336,5.204677581787109,5.222797393798828,10.89620590209961
