mode,load,0_mobilenet_v2-32,1_mobilenet_v2-32,2_mobilenet_v3_small-32,3_resnet152-2
mps-uncap,1.0,23.261070251464844,23.273944854736328,21.7742919921875,36.55648231506348
