mode,load,0_efficientnet_b7-32,1_vgg13-2,2_vgg13-4
mps-uncap,1.0,73.22096824645996,4.065990447998047,4.777431488037109
