mode,load,0_mobilenet_v3_large-32,1_vgg11-8
mps-uncap,1.0,11.591434478759766,5.183529853820802
