mode,load,0_mobilenet_v2-32,1_resnet101-2,2_resnet101-8,3_vgg11-32
mps-uncap,1.0,26.574277877807617,55.78408241271973,64.45090770721436,14.795303344726562
