mode,load,0_resnet50-16,1_squeezenet1_1-8
mps-uncap,1.0,8.290767669677734,3.4644603729248047
