mode,load,0_densenet161-8,1_vgg13-4
mps-uncap,1.0,13.82899284362793,2.7790069580078125
