mode,load,0_densenet161-8,1_vgg13-4
mps-uncap,1.0,24.184703826904297,3.3583641052246094
