mode,load,0_mobilenet_v2-32,1_resnet18-32,2_vgg11-8
mps-uncap,1.0,17.922639846801758,13.620388507843018,9.308691024780272
