mode,load,0_mobilenet_v2-32,1_resnet18-32,2_vgg11-8
mps-uncap,1.0,1984.3000470721076,2606.63336220341,1239.2152543780462
