mode,load,0_densenet121-32,1_densenet169-16
mps-uncap,1.0,21.750450134277344,25.29013156890869
