mode,load,0_resnet101-16,1_resnet101-16,2_resnet101-16,3_resnet101-16
mig,1.0,32.80901908874512,32.99412727355957,33.01730155944824,63.970255851745605
