mode,load,0_inception_v3-32,1_mobilenet_v2-32,2_mobilenet_v2-4,3_mobilenet_v3_small-8
mps-uncap,1.0,26.600837707519535,13.686213493347168,11.037263870239258,11.177539825439453
