mode,load,0_mobilenet_v2-32,1_mobilenet_v3_large-2,2_resnet152-2,3_vgg11-32
mps-uncap,1.0,22.01390266418457,19.207239151000977,59.58569049835205,14.898419380187988
