mode,load,0_densenet161-4,1_resnet152-4
mps-uncap,1.0,12.137279510498047,9.398012161254881
