mode,load,0_densenet121-32,1_resnet34-2,2_vgg13-2
mps-uncap,1.0,26.071548461914062,6.2255859375,3.1805038452148438
