mode,load,0_bert-4,1_bert-4,2_bert-4,3_bert-4
mig,1.0,13.121023178100588,9.849119186401364,8.36676836013794,28.107109069824222
