mode,load,0_bert-4,1_bert-4,2_bert-4,3_bert-4
mig,1.0,0.0045299530029296875,0.003814697265625,0.00095367431640625,0.0007152557373046875
