mode,load,0_alexnet-16,1_vgg16-8,2_vgg19-8
mps-uncap,1.0,7.950019836425775,12.789368629455568,14.744703769683838
