mode,load,0_llama-2,1_llama-4,2_llama-2,3_resnet101-8
mps-uncap,1.0,85.21530628204346,165.673828125,85.0639820098877,15.9759521484375
