mode,load,0_llama-2,1_llama-4,2_llama-2,3_resnet101-8
mps-uncap,1.0,85.92395782470703,166.52423858642578,85.82535743713379,16.32932424545288
