mode,load,0_efficientnet_b7-8,1_mobilenet_v2-32,2_resnet18-8,3_resnet50-32
mps-uncap,1.0,77.70419120788574,15.707731246948242,9.87398624420166,23.271679878234863
