mode,load,0_alexnet-4,1_resnet50-16,2_squeezenet1_0-8
mps-uncap,1.0,0.000476837158203125,0.000476837158203125,0.000476837158203125
