mode,load,0_alexnet-4,1_resnet50-16,2_squeezenet1_0-8
mps-uncap,1.0,2085.590732476366,1480.3797852584864,1738.8912589949255
