mode,load,0_mobilenet_v2-4,1_vgg16-4
mps-uncap,1.0,0.000476837158203125,0.000476837158203125
