mode,load,0_resnet101-8,1_vgg16-16
mps-uncap,1.0,36.54160499572754,11.580967903137207
