mode,load,0_resnet101-8,1_vgg16-16
mps-uncap,1.0,231.27438502894225,1453.1474877801634
