mode,load,0_densenet161-32,1_densenet161-32,2_densenet161-32,3_densenet161-32
mig,1.0,94.23518180847168,95.45087814331055,95.45636177062988,184.62252616882324
