mode,load,0_densenet161-32,1_densenet161-32,2_densenet161-32,3_densenet161-32
mig,1.0,94.20561790466309,94.78020668029785,94.79641914367676,184.6141815185547
