mode,load,0_densenet161-32,1_densenet161-32,2_densenet161-32,3_densenet161-32
mig,1.0,93.72878074645996,94.28572654724121,94.29407119750977,183.8090419769287
