mode,load,0_vgg16-4,1_densenet161-32,2_resnet18-16
mps-uncap,1.0,4.567146301269531,63.78650665283203,4.296064376831055
mig,1.0,6.90007209777832,106.59122467041016,7.494926452636719
