mode,load,0_vgg16-4,1_densenet161-32,2_resnet18-16
mps-uncap,1.0,12.586116790771484,69.69451904296875,12.880110740661623
mig,1.0,7.378101348876953,108.48774909973145,8.16202163696289
