mode,load,0_efficientnet_b5-2,1_mobilenet_v2-2
mps-uncap,1.0,8.883357048034668,2.276897430419922
