mode,load,0_densenet121-4,1_densenet161-32,2_vgg19-2
mps-uncap,1.0,0.000476837158203125,0.000476837158203125,0.000476837158203125
