mode,load,0_densenet121-4,1_densenet161-32,2_vgg19-2
mps-uncap,1.0,30.887842178344727,47.310590744018555,13.030529022216797
