mode,load,0_densenet169-16,1_efficientnet_b6-2,2_vgg13-16
mps-uncap,1.0,44.67058181762695,25.96116065979004,8.434295654296875
