mode,load,0_densenet121-8,1_densenet169-32,2_mobilenet_v2-32,3_resnet50-8
mps-uncap,1.0,35.75425148010254,55.59051036834717,15.315532684326172,18.50306987762451
