mode,load,0_densenet201-2,1_mobilenet_v2-32,2_resnet34-8
mps-uncap,1.0,27.292966842651367,8.328437805175781,8.400917053222656
