mode,load,0_efficientnet_b7-32,1_squeezenet1_1-16
mps-uncap,1.0,61.255693435668945,12.787580490112305
