mode,load,0_efficientnet_b7-32,1_squeezenet1_1-16
mps-uncap,1.0,543.3580670676236,2434.6130417515537
