mode,load,0_densenet121-2,1_densenet169-16,2_vgg16-4
mps-uncap,1.0,0.000476837158203125,0.000476837158203125,0.000476837158203125
