mode,load,0_densenet121-2,1_densenet169-16,2_vgg16-4
mps-uncap,1.0,18.723249435424805,29.767751693725586,7.581949234008789
