mode,load,0_llama-4,1_bert-32,2_bert-8,3_densenet201-16
mps-uncap,1.0,227.74815559387207,39.74580764770508,24.135828018188477,51.404476165771484
