mode,load,0_llama-4,1_bert-32,2_bert-8,3_densenet201-16
mps-uncap,1.0,226.41326904296875,38.56070041656494,22.99072265625,49.83876228332519
