mode,load,0_llama-8,1_llama-4,2_bert-4,3_mobilenet_v2-32
mps-uncap,1.0,410.89044094085693,209.84235763549805,14.440164566040039,9.211301803588867
