mode,load,0_mobilenet_v3_small-32,1_mobilenet_v3_small-32,2_resnet18-32
mps-uncap,1.0,4.291534423828125,5.512475967407227,5.658388137817383
