mode,load,0_densenet161-2,1_resnet18-2,2_vgg13-32
mps-uncap,1.0,67.2006607055664,8.804559707641602,16.40486717224121
