mode,load,0_mobilenet_v2-2,1_squeezenet1_0-16,2_vgg11-8
mps-uncap,1.0,9.211301803588867,7.738668918609619,5.660099983215332
