mode,load,0_inception_v3-16,1_mobilenet_v2-32,2_mobilenet_v2-8,3_resnet34-32
mps-uncap,1.0,23.302316665649414,8.618354797363281,4.183292388916016,12.339115142822266
