mode,load,0_densenet161-32,1_densenet161-8,2_efficientnet_b7-4
mps-uncap,1.0,734.1020251608769,223.79664185695816,91.75946178167564
