mode,load,0_densenet201-2,1_densenet201-2,2_mobilenet_v2-32,3_resnet50-32
mps-uncap,1.0,54.87866401672364,54.59065437316895,14.259004592895508,20.042705535888672
