mode,load,0_llama-8,1_bert-16,2_mobilenet_v3_small-32
mps-uncap,1.0,0.000476837158203125,0.000476837158203125,0.000476837158203125
