mode,load,0_llama-8,1_bert-16,2_mobilenet_v3_small-32
mps-uncap,1.0,353.6322593688965,15.961647033691406,8.225202560424805
