mode,load,0_vgg16-16,1_inception_v3-4,2_resnet18-4
mps-uncap,1.0,12.198350429534912,32.0704436302185,11.432018280029297
