mode,load,0_vgg16-16,1_inception_v3-4,2_resnet18-4
mps-uncap,1.0,10.752201080322266,10.268926620483398,3.4608840942382812
