mode,load,0_vgg16-16,1_inception_v3-4,2_resnet18-4
mps-uncap,1.0,12.524843215942383,32.922983169555664,11.906862258911133
