mode,load,0_vgg16-16,1_inception_v3-4,2_resnet18-4
mps-uncap,1.0,11.71112060546875,27.178168296813965,8.932113647460938
