mode,load,0_resnet101-2,1_vgg11-16
mps-uncap,1.0,19.244670867919922,6.270647048950195
