mode,load,0_alexnet-16,1_mobilenet_v3_small-2,2_resnet152-2
mps-uncap,1.0,0.000476837158203125,0.000476837158203125,0.000476837158203125
