mode,load,0_alexnet-16,1_mobilenet_v3_small-2,2_resnet152-2
mps-uncap,1.0,3.1087398529052734,4.223823547363281,13.092517852783203
