mode,load,0_alexnet-2,1_densenet161-2,2_mobilenet_v2-32,3_vgg13-32
mps-uncap,1.0,12.720012664794925,121.2717056274414,36.51833534240723,22.812843322753906
