mode,load,0_alexnet-2,1_densenet161-2,2_mobilenet_v2-32,3_vgg13-32
mps-uncap,1.0,17.1658992767334,126.04951858520508,40.01975059509277,25.95067024230957
