mode,load,0_densenet161-4,1_mobilenet_v2-32,2_resnet152-8,3_resnet50-32
mps-uncap,1.0,49.048423767089844,10.802030563354492,25.217771530151367,19.423484802246094
