mode,load,0_densenet161-4,1_mobilenet_v2-32,2_resnet152-8,3_resnet50-32
mps-uncap,1.0,59.83626842498779,16.271281242370605,52.4721622467041,23.03934097290039
