mode,load,0_densenet161-4,1_densenet169-8,2_resnet152-8
mps-uncap,1.0,18.683743476867672,17.81270980834961,15.882060527801514
