mode,load,0_densenet161-4,1_densenet169-8,2_resnet152-8
mps-uncap,1.0,17.722010612487793,16.897201538085938,15.20085334777832
