mode,load,0_densenet169-4,1_inception_v3-32,2_resnet18-32
mps-uncap,1.0,25.314807891845703,21.08907699584961,6.0405731201171875
