mode,load,0_resnet50-8,1_vgg13-2
mps-uncap,1.0,0.00286102294921875,0.0069141387939453125
