mode,load,0_resnet50-8,1_vgg13-2
mps-uncap,1.0,0.0002384185791015625,0.0002384185791015625
