mode,load,0_resnet50-8,1_vgg13-2
mps-uncap,1.0,7.775568962097168,2.8867721557617188
