mode,load,0_densenet121-32,1_densenet161-4,2_mobilenet_v2-32,3_mobilenet_v3_large-32
mps-uncap,1.0,41.35560989379883,50.76432228088379,12.256860733032227,13.65351676940918
