mode,load,0_resnet152-4,1_vgg11-32
mps-uncap,1.0,99.4012833285552,2842.4487205667015
