mode,load,0_efficientnet_b7-2,1_resnet18-8,2_vgg13-8
mps-uncap,1.0,50.23670196533203,9.467601776123047,6.83903694152832
