mode,load,0_efficientnet_b6-8,1_inception_v3-4,2_resnet50-8
mps-uncap,1.0,0.000476837158203125,0.0007152557373046875,0.000476837158203125
