mode,load,0_resnet50-16,1_vgg19-16
mps-uncap,1.0,26.723861694335938,14.832282066345215
