mode,load,0_resnet50-16,1_vgg19-16
mps-uncap,1.0,25.09450912475586,14.081597328186035
