mode,load,0_efficientnet_b6-16,1_mobilenet_v2-32,2_resnet152-2,3_resnet50-32
mps-uncap,1.0,76.57489776611328,24.88182544708252,60.49461841583252,32.70150661468505
