mode,load,0_efficientnet_b6-16,1_mobilenet_v2-32,2_resnet152-2,3_resnet50-32
mps-uncap,1.0,74.82163906097412,22.08125591278076,57.82194137573242,30.646610260009766
