mode,load,0_mobilenet_v3_large-2,1_resnet101-2,2_resnet50-4
mps-uncap,1.0,2.8259754180908203,5.923986434936523,3.7871599197387695
