mode,load,0_densenet169-32,1_squeezenet1_1-4,2_vgg11-2
mps-uncap,1.0,37.60671615600586,8.574962615966797,7.303714752197266
