mode,load,0_densenet169-32,1_squeezenet1_1-4,2_vgg11-2
mps-uncap,1.0,34.816622734069824,2.8655529022216797,2.6013851165771484
