mode,load,0_densenet169-32,1_squeezenet1_1-4,2_vgg11-2
mps-uncap,1.0,0.000476837158203125,0.000476837158203125,0.000476837158203125
