mode,load,0_densenet121-2,1_resnet152-8,2_vgg11-16
mps-uncap,1.0,12.486457824707031,31.235456466674805,5.873680114746094
