mode,load,0_densenet121-2,1_resnet152-8,2_vgg11-16
mps-uncap,1.0,33.11452865600586,44.1960334777832,7.3708391189575195
