mode,load,0_densenet161-4,1_resnet18-32
mps-uncap,1.0,14.382362365722656,4.44483757019043
