mode,load,0_densenet161-4,1_resnet18-32
mps-uncap,1.0,21.02041244506836,6.613016128540039
