mode,load,0_mobilenet_v2-32,1_mobilenet_v2-32,2_mobilenet_v3_large-2,3_resnet18-2
mps-uncap,1.0,10.766439437866211,10.736227035522461,10.784358978271486,8.445024490356445
