mode,load,0_densenet121-8,1_mobilenet_v2-32,2_mobilenet_v3_small-32,3_resnet101-32
mps-uncap,1.0,40.62056541442871,20.035982131958008,19.932079315185547,40.671396255493164
