mode,load,0_densenet121-8,1_mobilenet_v2-32,2_mobilenet_v3_small-32,3_resnet101-32
mps-uncap,1.0,215.57312801618988,1970.726196049658,1985.7774337608105,837.4160755612709
