mode,load,0_densenet161-2,1_inception_v3-32
mps-uncap,1.0,15.56396484375,14.180660247802734
