mode,load,0_densenet201-32,1_densenet201-4,2_mobilenet_v2-32,3_resnet101-8
mps-uncap,1.0,68.48835945129395,54.45504188537598,12.762069702148438,28.07331085205078
