mode,load,0_mobilenet_v3_large-8,1_resnet101-16,2_vgg19-32
mps-uncap,1.0,25.461912155151367,65.48547744750977,24.758338928222656
