mode,load,0_mobilenet_v3_large-8,1_resnet101-16,2_vgg19-32
mps-uncap,1.0,309.1691678440578,244.37657856716226,1278.692598229297
