mode,load,0_mobilenet_v2-32,1_resnet152-2,2_squeezenet1_1-2,3_vgg13-32
mps-uncap,1.0,0.000476837158203125,0.000476837158203125,0.005245208740234375,0.0050067901611328125
