mode,load,0_densenet201-32,1_densenet201-32,2_densenet201-32,3_densenet201-32
mig,1.0,76.41940116882324,76.82862281799316,76.84614658355713,146.90990447998047
