mode,load,0_resnet50-16,1_vgg13-16
mps-uncap,1.0,26.942873001098633,10.464143753051758
