mode,load,0_resnet50-16,1_vgg13-16
mps-uncap,1.0,14.6331787109375,8.76760482788086
