mode,load,0_resnet50-16,1_vgg13-16
mps-uncap,1.0,27.458438873291016,10.829005241394043
