mode,load,0_resnet50-16,1_vgg13-16
mps-uncap,1.0,646.346035281946,1627.972064398447
