mode,load,0_resnet34-16,1_resnet34-16,2_resnet34-16,3_resnet34-16
mig,1.0,16.621828079223633,12.832112312316895,12.776360511779785,16.787467002868652
