mode,load,0_resnet34-16,1_resnet34-16,2_resnet34-16,3_resnet34-16
mig,1.0,0.000476837158203125,0.0007152557373046875,0.000476837158203125,0.0021457672119140625
