mode,load,0_vgg11-8,1_vgg16-4
mps-uncap,1.0,6.015777587890625,8.423089981079102
