mode,load,0_vgg11-8,1_vgg16-4
mps-uncap,1.0,4.164218902587891,3.986358642578125
