mode,load,0_resnet50-8,1_vgg16-2
mps-uncap,1.0,7.685303688049316,3.342866897583008
