mode,load,0_densenet161-4,1_inception_v3-32,2_mobilenet_v2-32,3_squeezenet1_0-4
mps-uncap,1.0,27.84895896911621,19.07038688659668,9.582757949829102,2.6907920837402344
