mode,load,0_densenet169-32,1_mobilenet_v2-32,2_resnet101-16,3_resnet18-8
mps-uncap,1.0,69.21124935150146,22.146320343017578,40.97787857055664,16.092491149902344
