mode,load,0_efficientnet_b7-32,1_efficientnet_b7-32
mig,1.0,320.5567502975464,269.4220185279846
