mode,load,0_efficientnet_b7-32,1_efficientnet_b7-32
mig,1.0,322.0224380493164,269.5891857147217
