mode,load,0_densenet161-2,1_efficientnet_b6-16
mps-uncap,1.0,20.533084869384766,22.97806739807129
