mode,load,0_alexnet-2,1_densenet169-16,2_mobilenet_v3_small-2
mps-uncap,1.0,0.583648681640625,16.992807388305664,2.3419857025146484
