mode,load,0_llama-8,1_densenet201-4
mps-uncap,1.0,157.47976303100586,12.83884048461914
