mode,load,0_inception_v3-8,1_resnet50-16
mps-uncap,1.0,0.0002384185791015625,0.0002384185791015625
