mode,load,0_mobilenet_v3_small-16,1_vgg19-2
mps-uncap,1.0,3.290414810180664,3.1120777130126953
