mode,load,0_alexnet-4,1_densenet121-16,2_mobilenet_v2-32,3_resnet50-32
mps-uncap,1.0,3.6220550537109375,48.79355430603027,17.181873321533203,25.31886100769043
