mode,load,0_alexnet-4,1_densenet121-16,2_mobilenet_v2-32,3_resnet50-32
mps-uncap,1.0,1.010894775390625,37.35923767089844,9.526968002319336,21.934032440185547
