mode,load,0_densenet161-32,1_resnet152-16,2_squeezenet1_0-4
mps-uncap,1.0,48.37465286254883,39.10946846008301,5.036115646362305
