mode,load,0_densenet161-32,1_resnet152-16,2_squeezenet1_0-4
mps-uncap,1.0,50.34156799316406,42.19088554382324,11.751174926757818
