mode,load,0_densenet121-32,1_densenet169-32,2_mobilenet_v2-32,3_mobilenet_v3_small-8
mps-uncap,1.0,44.86076831817626,63.191518783569336,20.144224166870117,18.456239700317386
