mode,load,0_densenet161-16,1_mobilenet_v3_large-4,2_vgg19-8
mps-uncap,1.0,51.73039436340332,5.941629409790039,7.281064987182617
