mode,load,0_densenet161-2,1_densenet161-32,2_mobilenet_v2-32,3_resnet34-8
mps-uncap,1.0,0.016689300537109375,0.000476837158203125,0.0026226043701171875,0.0007152557373046875
