mode,load,0_densenet161-2,1_densenet161-32,2_mobilenet_v2-32,3_resnet34-8
mps-uncap,1.0,50.560641288757324,60.81385612487793,18.104686737060547,20.602655410766598
