mode,load,0_densenet201-32,1_inception_v3-16,2_inception_v3-8,3_mobilenet_v2-32
mps-uncap,1.0,71.9907283782959,38.66243362426758,35.669803619384766,24.209976196289062
