mode,load,0_efficientnet_b5-2,1_efficientnet_b5-32,2_vgg16-32
mps-uncap,1.0,72.75390625,102.8890609741211,20.753860473632812
