mode,load,0_densenet169-2,1_resnet50-8,2_squeezenet1_0-8
mps-uncap,1.0,10.788202285766602,6.252765655517578,2.5234222412109375
