mode,load,0_densenet161-8,1_densenet121-4,2_densenet201-4
mps-uncap,1.0,18.761301040649414,12.65263557434082,22.697019577026367
mig,1.0,20.42245864868164,12.410163879394531,21.12603187561035
