mode,load,0_densenet161-8,1_densenet121-4,2_densenet201-4
mps-uncap,1.0,19.87782478332519,13.13404083251953,23.541336059570312
mig,1.0,20.952959060668945,12.750110626220705,21.713190078735344
