mode,load,0_densenet201-8,1_mobilenet_v2-2
mps-uncap,1.0,12.974247932434082,2.583742141723633
