mode,load,0_densenet121-2,1_resnet50-2,2_vgg16-32
mps-uncap,1.0,0.0002384185791015625,0.0002384185791015625,0.0002384185791015625
