mode,load,0_alexnet-16,1_densenet121-2,2_mobilenet_v3_small-32
mps-uncap,1.0,2.7822470664978027,12.824890613555908,5.558931827545166
