mode,load,0_inception_v3-8,1_mobilenet_v2-32,2_mobilenet_v3_large-4,3_vgg16-32
mps-uncap,1.0,70.03920078277588,32.161521911621094,33.18524360656738,23.42524528503418
