mode,load,0_inception_v3-8,1_mobilenet_v2-32,2_mobilenet_v3_large-4,3_vgg16-32
mps-uncap,1.0,75.44438362121582,34.920730590820305,36.92197799682617,23.94207954406738
