mode,load,0_vgg19-4,1_vgg19-4
mig,1.0,6.066653728485107,7.9640936851501465
