mode,load,0_vgg19-4,1_vgg19-4
mig,1.0,17.119407653808594,13.120293617248535
