mode,load,0_vgg19-4,1_vgg19-4
mig,1.0,29.50263023376465,25.478839874267578
