mode,load,0_vgg19-4,1_vgg19-4
mig,1.0,24.901151657104492,19.473671913146973
