mode,load,0_vgg19-4,1_vgg19-4
mig,1.0,5.738258361816406,7.524967193603516
