mode,load,0_densenet201-2,1_resnet101-8
mps-uncap,1.0,157.87412141965686,1110.9977178749
