mode,load,0_resnet18-16,1_resnet18-16,2_resnet18-16,3_resnet18-16
mig,1.0,4.426479339599609,3.614187240600586,3.5858154296875,4.477977752685547
