mode,load,0_resnet101-32,1_vgg19-2,2_vgg19-8
mps-uncap,1.0,49.269914627075195,10.156393051147461,10.974764823913574
