mode,load,0_densenet121-32,1_efficientnet_b7-16,2_mobilenet_v2-32,3_mobilenet_v3_small-2
mps-uncap,1.0,32.00578689575195,57.19423294067383,10.585308074951172,4.264354705810547
