mode,load,0_bert-2,1_bert-32,2_bert-2,3_mobilenet_v3_large-2
mps-uncap,1.0,0.0002384185791015625,0.0002384185791015625,0.0002384185791015625,0.0
