mode,load,0_densenet169-2,1_densenet201-32,2_mobilenet_v2-32,3_squeezenet1_0-2
mps-uncap,1.0,44.03547286987305,60.01383304595947,16.923394203186035,12.193057537078856
