mode,load,0_mobilenet_v2-16,1_resnet152-4,2_vgg19-16
mps-uncap,1.0,15.032052993774414,54.6175479888916,14.572381973266602
