mode,load,0_mobilenet_v2-32,1_densenet169-8,2_efficientnet_b7-4
mps-uncap,1.0,0.0002384185791015625,0.0002384185791015625,0.0002384185791015625
mig,1.0,0.0002384185791015625,0.0,0.0002384185791015625
