mode,load,0_densenet121-32,1_mobilenet_v2-32,2_mobilenet_v3_large-8,3_resnet152-32
mps-uncap,1.0,52.58098602294921,21.871163845062256,24.013614654541012,64.41750049591064
