mode,load,0_densenet201-4,1_squeezenet1_0-2
mps-uncap,1.0,12.926239967346193,1.3353323936462405
