mode,load,0_resnet50-16,1_vgg11-4
mps-uncap,1.0,12.380599975585938,4.852771759033203
