mode,load,0_resnet50-16,1_vgg11-4
mps-uncap,1.0,11.5203857421875,4.662458896636963
