mode,load,0_resnet50-16,1_vgg11-4
mps-uncap,1.0,1474.537254408708,1158.2419141838036
