mode,load,0_alexnet-4,1_densenet121-4,2_inception_v3-32,3_mobilenet_v2-32
mps-uncap,1.0,0.9393692016601562,16.112565994262695,16.0524845123291,8.137941360473633
