mode,load,0_efficientnet_b5-32,1_mobilenet_v3_small-16,2_resnet50-32
mps-uncap,1.0,58.04957866668701,19.58796501159668,26.485023498535153
