mode,load,0_efficientnet_b5-32,1_mobilenet_v3_small-16,2_resnet50-32
mps-uncap,1.0,570.8004526061475,1251.1271806804702,1495.5577642115702
