mode,load,0_inception_v3-4,1_vgg13-32
mps-uncap,1.0,125.55938139580005,2008.9803351889393
