mode,load,0_densenet161-8,1_vgg19-2
mps-uncap,1.0,22.180557250976562,4.851341247558594
