mode,load,0_densenet161-8,1_vgg19-2
mps-uncap,1.0,402.2029565629064,597.6209349110344
