mode,load,0_efficientnet_b6-8,1_mobilenet_v2-32,2_resnet50-32,3_squeezenet1_1-2
mps-uncap,1.0,57.85841941833496,16.288042068481445,23.224854469299316,10.544109344482422
