mode,load,0_densenet169-32,1_mobilenet_v2-32,2_mobilenet_v3_large-16,3_resnet34-8
mps-uncap,1.0,51.989078521728516,11.233687400817871,11.044979095458984,11.866450309753418
