mode,load,0_densenet121-32,1_mobilenet_v3_small-8,2_vgg11-4
mps-uncap,1.0,29.51812744140625,10.940637588500975,7.022557258605958
