mode,load,0_resnet18-16,1_vgg13-32
mps-uncap,1.0,18.121957778930664,18.129587173461914
