mode,load,0_resnet18-16,1_vgg13-32
mps-uncap,1.0,15.812397003173828,15.779495239257812
