mode,load,0_resnet18-16,1_vgg13-32
mps-uncap,1.0,17.098121643066406,17.12808609008789
