mode,load,0_resnet18-16,1_vgg13-32
mps-uncap,1.0,955.0949723511426,1910.197556481591
