mode,load,0_mobilenet_v2-32,1_resnet34-4,2_resnet50-2,3_vgg11-32
mps-uncap,1.0,25.695219039916992,28.035302162170407,33.00526618957518,14.802873134613035
