mode,load,0_mobilenet_v2-32,1_resnet34-4,2_resnet50-2,3_vgg11-32
mps-uncap,1.0,25.10552406311035,26.72591209411621,30.562591552734375,14.483332633972168
