mode,load,0_mobilenet_v2-32,1_resnet34-4,2_resnet50-2,3_vgg11-32
mps-uncap,1.0,24.080991744995117,25.606870651245117,26.537418365478516,13.295173645019531
