mode,load,0_resnet34-8,1_resnet34-8
mig,1.0,17.717721462249756,11.819355487823486
