mode,load,0_resnet34-8,1_resnet34-8
mig,1.0,5.527019500732422,3.997802734375
