mode,load,0_resnet34-8,1_resnet34-8
mig,1.0,11.627554893493652,8.35418701171875
