mode,load,0_resnet34-8,1_resnet34-8
mig,1.0,3.638029098510742,4.650740623474121
