mode,load,0_resnet34-8,1_resnet34-8
mig,1.0,17.717959880828857,11.819586753845215
