mode,load,0_bert-8,1_bert-16,2_bert-16,3_vgg11-16
mps-uncap,1.0,35.80939769744873,40.95625877380371,41.11599922180176,9.061574935913086
