mode,load,0_densenet169-16,1_mobilenet_v3_small-4,2_vgg19-4
mps-uncap,1.0,28.599162101745605,6.652498245239258,7.251048088073723
