mode,load,0_mobilenet_v2-4,1_vgg11-4,2_vgg19-32
mps-uncap,1.0,215.90974812108624,375.2167162133095,1255.4679495010978
