mode,load,0_densenet169-32,1_mobilenet_v2-32,2_mobilenet_v3_small-32,3_vgg11-2
mps-uncap,1.0,65.15974044799805,21.2106990814209,21.022424697875977,11.529884338378915
