mode,load,0_densenet169-32,1_mobilenet_v2-32,2_mobilenet_v3_small-32,3_vgg11-2
mps-uncap,1.0,30.419349670410156,10.504484176635742,6.025075912475586,1.7116069793701172
