mode,load,0_efficientnet_b6-4,1_squeezenet1_1-32,2_vgg11-4
mps-uncap,1.0,36.53240203857422,7.987260818481445,5.947351455688477
