mode,load,0_densenet169-32,1_efficientnet_b5-16,2_mobilenet_v2-32,3_resnet152-2
mps-uncap,1.0,70.43719291687012,60.404300689697266,24.43981170654297,50.33063888549805
