mode,load,0_squeezenet1_0-2,1_squeezenet1_0-4,2_vgg11-32
mps-uncap,1.0,12.29095458984375,12.505292892456055,13.239622116088867
