mode,load,0_squeezenet1_0-32,1_squeezenet1_0-8
mps-uncap,1.0,9.504079818725586,8.556604385375977
