mode,load,0_squeezenet1_0-32,1_squeezenet1_0-8
mps-uncap,1.0,7.185459136962891,6.068158149719238
