mode,load,0_mobilenet_v2-32,1_squeezenet1_1-8,2_vgg11-32,3_vgg11-32
mps-uncap,1.0,51.392555236816406,41.848182678222656,37.84799575805664,39.66951370239258
