mode,load,0_efficientnet_b7-2,1_resnet34-32,2_vgg16-32
mps-uncap,1.0,134.09156799316406,41.25332832336426,22.391152381896973
