mode,load,0_efficientnet_b7-2,1_resnet34-32,2_vgg16-32
mps-uncap,1.0,110.4576587677002,25.450706481933594,19.617795944213867
