mode,load,0_densenet169-16,1_densenet201-16,2_inception_v3-32,3_mobilenet_v2-32
mps-uncap,1.0,55.61327934265137,67.73924827575684,37.264156341552734,16.87324047088623
