mode,load,0_densenet169-16,1_densenet201-16,2_inception_v3-32,3_mobilenet_v2-32
mps-uncap,1.0,58.90917778015137,70.28007507324219,41.808366775512695,24.91450309753418
