mode,load,0_densenet161-2,1_resnet152-4,2_vgg11-4
mps-uncap,1.0,0.000476837158203125,0.0007152557373046875,0.000476837158203125
