mode,load,0_densenet161-2,1_resnet152-4,2_vgg11-4
mps-uncap,1.0,15.08188247680664,8.186578750610352,2.301454544067383
