mode,load,0_densenet161-2,1_resnet152-4,2_vgg11-4
mps-uncap,1.0,116.62142970910635,233.87381452586058,1441.2746383032722
