mode,load,0_llama-4,1_bert-4
mps-uncap,1.0,77.08183288574219,6.364436149597167
