mode,load,0_llama-4,1_bert-4
mps-uncap,1.0,163.57421139958902,996.8330203843985
