mode,load,0_squeezenet1_0-8,1_vgg11-2
mps-uncap,1.0,4.379510879516602,3.208160400390625
