mode,load,0_densenet161-16,1_densenet169-8,2_vgg11-16
mps-uncap,1.0,65.87028503417969,60.26053428649902,7.213711738586426
