mode,load,0_densenet201-2,1_inception_v3-8,2_mobilenet_v3_small-2
mps-uncap,1.0,18.918514251708984,8.14676284790039,3.3876895904541016
