mode,load,0_alexnet-2,1_efficientnet_b6-8,2_vgg16-2
mps-uncap,1.0,1.3751983642578125,25.051593780517578,3.643512725830078
