mode,load,0_densenet121-8,1_mobilenet_v2-32,2_resnet18-32,3_resnet34-4
mps-uncap,1.0,33.399460315704346,13.050012588500977,10.272955894470215,13.91270160675049
