mode,load,0_efficientnet_b6-16,1_efficientnet_b6-8,2_inception_v3-32,3_mobilenet_v2-32
mps-uncap,1.0,39.994001388549805,49.66163635253906,18.053293228149414,10.35928726196289
