mode,load,0_efficientnet_b6-16,1_efficientnet_b6-8,2_inception_v3-32,3_mobilenet_v2-32
mps-uncap,1.0,57.343077659606934,56.71393871307373,39.01219367980957,16.554951667785645
