mode,load,0_inception_v3-2,1_squeezenet1_1-4
mps-uncap,1.0,0.0057220458984375,0.005245208740234375
