mode,load,0_densenet201-32,1_squeezenet1_1-16,2_vgg11-16
mps-uncap,1.0,104.49981689453125,17.129878997802738,11.134924888610843
