mode,load,0_efficientnet_b5-4,1_vgg13-4
mps-uncap,1.0,19.7249698638916,3.5791397094726562
