mode,load,0_inception_v3-32,1_mobilenet_v2-32,2_resnet101-2,3_resnet101-8
mps-uncap,1.0,30.588245391845707,14.429330825805664,23.717284202575684,26.363849639892578
