mode,load,0_densenet169-32,1_mobilenet_v2-32,2_mobilenet_v3_large-32,3_mobilenet_v3_large-8
mps-uncap,1.0,44.521331787109375,9.555339813232422,10.388851165771484,6.692409515380859
