mode,load,0_densenet169-16,1_mobilenet_v3_small-4
mps-uncap,1.0,13.334918022155762,3.9489984512329093
