mode,load,0_inception_v3-32,1_resnet152-2,2_vgg16-32
mps-uncap,1.0,0.0002384185791015625,0.0002384185791015625,0.0002384185791015625
