mode,load,0_densenet169-8,1_mobilenet_v2-32,2_resnet101-32,3_resnet34-16
mps-uncap,1.0,60.45937538146973,15.571236610412598,42.67072677612305,17.539501190185547
