mode,load,0_densenet169-32,1_mobilenet_v2-8
mps-uncap,1.0,26.60226821899414,3.592848777770996
