mode,load,0_densenet169-32,1_mobilenet_v2-8
mps-uncap,1.0,21.532535552978516,2.5174617767333984
