mode,load,0_efficientnet_b6-8,1_inception_v3-16,2_mobilenet_v2-32,3_vgg16-32
mps-uncap,1.0,150.81362724304202,97.86488771438597,43.799493312835686,29.67865228652954
