mode,load,0_resnet152-16,1_resnet34-4
mps-uncap,1.0,17.456769943237305,3.8230419158935547
