mode,load,0_resnet152-16,1_resnet34-4
mps-uncap,1.0,20.07436752319336,6.966829299926758
