mode,load,0_alexnet-4,1_resnet18-8
mps-uncap,1.0,1.1208057403564453,2.3865699768066406
