mode,load,0_alexnet-2,1_mobilenet_v2-32,2_squeezenet1_1-8,3_vgg13-32
mps-uncap,1.0,0.011444091796875,0.0007152557373046875,0.000476837158203125,0.0007152557373046875
