mode,load,0_squeezenet1_0-8,1_vgg19-8
mps-uncap,1.0,6.269884109497071,7.928609848022461
