mode,load,0_squeezenet1_0-8,1_vgg19-8
mps-uncap,1.0,1457.56492009627,1046.1263152218633
