mode,load,0_llama-8,1_llama-2,2_llama-16,3_vgg13-4
mps-uncap,1.0,39.77528716425374,98.12233307297461,29.8425992212068,829.6644419027643
