mode,load,0_densenet201-32,1_vgg13-32
mps-uncap,1.0,140.96271991729736,17.337560653686523
