mode,load,0_densenet201-32,1_vgg13-32
mps-uncap,1.0,142.59967803955078,18.946409225463867
