mode,load,0_mobilenet_v2-32,1_resnet101-32,2_resnet34-2,3_vgg19-8
mps-uncap,1.0,25.47702789306641,61.62824630737305,25.220155715942383,17.134284973144535
