mode,load,0_mobilenet_v2-32,1_resnet101-32,2_resnet34-2,3_vgg19-8
mps-uncap,1.0,27.417588233947754,62.93826103210449,27.229213714599613,18.848133087158207
