mode,load,0_mobilenet_v2-32,1_resnet101-32,2_resnet34-2,3_vgg19-8
mps-uncap,1.0,27.417826652526855,62.93843269348144,27.229404449462894,18.84837150573731
