mode,load,0_densenet201-2,1_inception_v3-8,2_mobilenet_v2-32,3_vgg19-32
mps-uncap,1.0,117.30027198791504,60.286521911621094,31.217527389526367,31.153035163879395
