mode,load,0_squeezenet1_0-16,1_squeezenet1_0-4
mps-uncap,1.0,3.6399364471435547,3.2536983489990234
