mode,load,0_squeezenet1_0-16,1_squeezenet1_0-4
mps-uncap,1.0,4499.998679602095,1536.6221015147146
