mode,load,0_densenet169-16,1_mobilenet_v3_large-16
mps-uncap,1.0,18.758535385131836,7.443666458129883
