mode,load,0_squeezenet1_0-2,1_vgg16-16
mps-uncap,1.0,8.454084396362305,11.478662490844727
