mode,load,0_densenet201-2,1_efficientnet_b6-32,2_vgg16-16
mps-uncap,1.0,100.62474250793457,104.10395622253417,18.642067909240726
