mode,load,0_densenet201-2,1_efficientnet_b6-32,2_vgg16-16
mps-uncap,1.0,96.2057113647461,100.3105640411377,13.57722282409668
