mode,load,0_mobilenet_v2-32,1_mobilenet_v2-4,2_vgg13-2
mps-uncap,1.0,8.966684341430664,7.175850868225098,5.671024322509766
