mode,load,0_mobilenet_v3_small-32,1_resnet34-2,2_vgg19-8
mps-uncap,1.0,10.267972946166992,9.36291217803955,7.994556427001953
