mode,load,0_mobilenet_v3_small-32,1_resnet34-2,2_vgg19-8
mps-uncap,1.0,3365.0444974792763,238.6936474217388,1026.5677192334056
