mode,load,0_densenet169-16,1_mobilenet_v3_large-2,2_resnet34-8
mps-uncap,1.0,0.000476837158203125,0.000476837158203125,0.000476837158203125
