mode,load,0_inception_v3-16,1_mobilenet_v2-32,2_mobilenet_v2-8,3_vgg13-32
mps-uncap,1.0,90.81939458847046,36.936492919921875,35.05691051483154,21.4338207244873
