mode,load,0_inception_v3-16,1_mobilenet_v2-32,2_mobilenet_v2-8,3_vgg13-32
mps-uncap,1.0,0.000476837158203125,0.0007152557373046875,0.0007152557373046875,0.0030994415283203125
