mode,load,0_inception_v3-16,1_mobilenet_v2-32,2_mobilenet_v2-8,3_vgg13-32
mps-uncap,1.0,200.95784491705155,1034.600839699733,310.7961933201878,1659.6982801343545
