mode,load,0_densenet161-2,1_efficientnet_b6-32
mps-uncap,1.0,33.8018012046814,39.02938365936279
