mode,load,0_squeezenet1_1-32,1_squeezenet1_1-8,2_vgg13-8
mps-uncap,1.0,0.000476837158203125,0.000476837158203125,0.003337860107421875
