mode,load,0_mobilenet_v2-32,1_mobilenet_v3_small-32,2_resnet50-2,3_vgg19-32
mps-uncap,1.0,29.990077018737793,29.645061492919922,40.25583267211914,27.596569061279297
