mode,load,0_densenet201-32,1_mobilenet_v2-32,2_mobilenet_v3_large-16,3_vgg19-8
mps-uncap,1.0,120.73338985443115,27.756752967834476,28.65805625915526,19.073491096496564
