mode,load,0_densenet169-2,1_densenet169-2,2_densenet169-2,3_densenet169-2
mig,1.0,9.946346282958984,10.077238082885742,10.065317153930664,11.627674102783203
