mode,load,0_densenet169-2,1_densenet169-2,2_densenet169-2,3_densenet169-2
mig,1.0,0.005245208740234375,0.000476837158203125,0.000476837158203125,0.0007152557373046875
