mode,load,0_vgg13-16,1_vgg13-8
mps-uncap,1.0,12.702286243438719,12.323274612426761
