mode,load,0_densenet161-32,1_resnet152-4
mps-uncap,1.0,36.223411560058594,22.220849990844727
