mode,load,0_densenet161-8,1_resnet152-16
mps-uncap,1.0,383.23297947903046,766.468679880755
