mode,load,0_densenet169-32,1_resnet152-16,2_squeezenet1_1-2
mps-uncap,1.0,35.723209381103516,30.37548065185547,9.502649307250977
