mode,load,0_densenet169-32,1_resnet152-16,2_squeezenet1_1-2
mps-uncap,1.0,950.0798400188338,559.9633919100163,591.01483714697
