mode,load,0_densenet169-8,1_resnet101-4,2_resnet152-8
mps-uncap,1.0,18.118267059326172,10.492720603942871,17.402653694152832
