mode,load,0_alexnet-32,1_mobilenet_v2-32,2_resnet34-32,3_squeezenet1_0-4
mps-uncap,1.0,8.099555969238281,16.513347625732422,21.42786979675293,11.572122573852539
