mode,load,0_alexnet-4,1_densenet121-8,2_densenet201-32
mps-uncap,1.0,1.5482902526855469,18.569111824035645,39.42692279815674
