mode,load,0_efficientnet_b6-2,1_mobilenet_v2-32,2_mobilenet_v2-4,3_resnet34-32
mps-uncap,1.0,38.55752944946289,12.572169303894043,7.852792739868164,14.172792434692383
