mode,load,0_resnet152-32,1_resnet152-32,2_resnet152-32,3_resnet152-32
mig,1.0,51.22995376586914,43.776512145996094,84.0749740600586,84.4120979309082
