mode,load,0_resnet152-32,1_resnet152-32,2_resnet152-32,3_resnet152-32
mig,1.0,139.65024948120117,115.71693420410156,185.96742153167725,186.5957260131836
