mode,load,0_resnet152-32,1_resnet152-32,2_resnet152-32,3_resnet152-32
mig,1.0,376.12848141390367,374.0266689770082,373.7402369492345,191.24334437078366
