mode,load,0_inception_v3-16,1_mobilenet_v3_large-4,2_resnet18-4
mps-uncap,1.0,0.000476837158203125,0.0059604644775390625,0.0007152557373046875
