mode,load,0_densenet201-8,1_mobilenet_v2-32,2_resnet34-32,3_resnet50-32
mps-uncap,1.0,90.59739112854004,22.371578216552734,26.68442726135254,30.59554100036621
