mode,load,0_llama-2,1_bert-32
mps-uncap,1.0,49.80182647705078,22.236108779907227
