mode,load,0_llama-2,1_bert-32
mps-uncap,1.0,99.29888248443604,23.459911346435547
