mode,load,0_bert-2,1_bert-2
mig,1.0,11.573076248168945,11.193275451660156
