mode,load,0_bert-2,1_bert-2
mig,1.0,0.0069141387939453125,0.0045299530029296875
