mode,load,0_squeezenet1_1-16,1_vgg11-32
mps-uncap,1.0,11.546363830566406,11.849365234375
