mode,load,0_squeezenet1_1-16,1_vgg11-32
mps-uncap,1.0,11.546485424041748,11.849365234375
