mode,load,0_squeezenet1_1-16,1_vgg11-32
mps-uncap,1.0,11.443376541137695,11.657905578613281
