mode,load,0_resnet18-32,1_squeezenet1_1-8
mps-uncap,1.0,0.000476837158203125,0.0007152557373046875
