mode,load,0_efficientnet_b6-4,1_resnet34-32,2_squeezenet1_1-2
mps-uncap,1.0,24.18460369110107,8.75575065612793,5.03849983215332
