mode,load,0_efficientnet_b6-4,1_resnet34-32,2_squeezenet1_1-2
mps-uncap,1.0,22.598981857299805,8.024215698242188,2.2205114364624023
