mode,load,0_inception_v3-2,1_mobilenet_v2-4,2_resnet34-32
mps-uncap,1.0,12.463390827178955,5.485820770263672,8.052875995635986
