mode,load,0_inception_v3-2,1_mobilenet_v2-4,2_resnet34-32
mps-uncap,1.0,12.059688568115234,5.31458854675293,7.975149154663085
