mode,load,0_resnet101-2,1_vgg13-4
mps-uncap,1.0,7.727146148681641,2.666950225830078
