mode,load,0_inception_v3-32,1_squeezenet1_0-2,2_vgg19-16
mps-uncap,1.0,45.487403869628906,7.605552673339844,13.38052749633789
