mode,load,0_inception_v3-32,1_squeezenet1_0-2,2_vgg19-16
mps-uncap,1.0,48.11210632324219,10.596752166748047,15.210866928100586
