mode,load,0_efficientnet_b7-8,1_resnet50-32
mps-uncap,1.0,40.16590118408203,13.668298721313477
