mode,load,0_alexnet-8,1_resnet101-16
mps-uncap,1.0,0.0050067901611328125,0.000476837158203125
