mode,load,0_alexnet-8,1_resnet101-16
mps-uncap,1.0,1.5494823455810547,15.642642974853516
