mode,load,0_mobilenet_v3_small-4,1_squeezenet1_0-16
mps-uncap,1.0,3.1939888000488286,3.1769275665283203
