mode,load,0_mobilenet_v2-32,1_mobilenet_v3_small-2,2_resnet18-8,3_vgg13-32
mps-uncap,1.0,34.52244281768799,32.4612021446228,27.141380310058597,20.10660171508789
