mode,load,0_mobilenet_v2-32,1_squeezenet1_1-2,2_squeezenet1_1-2,3_vgg11-32
mps-uncap,1.0,28.25164794921875,16.695261001586914,16.633272171020508,19.350290298461914
