mode,load,0_efficientnet_b5-4,1_resnet50-8,2_vgg11-2
mps-uncap,1.0,0.000476837158203125,0.000476837158203125,0.0050067901611328125
