mode,load,0_efficientnet_b5-4,1_resnet50-8,2_vgg11-2
mps-uncap,1.0,18.822908401489258,8.24880599975586,2.441883087158203
