mode,load,0_inception_v3-32,1_mobilenet_v2-32,2_mobilenet_v2-8,3_resnet34-32
mps-uncap,1.0,33.81013870239258,12.803792953491211,10.251760482788086,16.425609588623047
