mode,load,0_inception_v3-32,1_mobilenet_v2-32,2_mobilenet_v2-8,3_resnet34-32
mps-uncap,1.0,948.0599588798246,2442.300845157638,777.4168390680805,1949.3122866694184
