mode,load,0_efficientnet_b5-16,1_mobilenet_v2-32,2_resnet18-32,3_resnet18-4
mps-uncap,1.0,51.070880889892585,16.85338020324707,12.887935638427734,11.598477363586428
