mode,load,0_alexnet-16,1_mobilenet_v2-32,2_resnet152-32,3_resnet34-2
mps-uncap,1.0,6.859316825866699,18.19468498229981,58.30991744995117,18.379917144775387
