mode,load,0_densenet161-16,1_densenet201-2,2_efficientnet_b7-8
mps-uncap,1.0,30.141353607177734,28.58710289001465,30.80739974975586
