mode,load,0_mobilenet_v2-2,1_mobilenet_v3_small-8
mps-uncap,1.0,2.1982192993164062,2.2788047790527344
