mode,load,0_efficientnet_b5-8,1_vgg11-8,2_vgg19-8
mps-uncap,1.0,30.41553497314453,5.210399627685547,10.498046875
