mode,load,0_densenet201-16,1_resnet152-2,2_vgg16-8
mps-uncap,1.0,54.80837821960449,33.873558044433594,6.943225860595703
