mode,load,0_densenet121-32,1_efficientnet_b6-4
mps-uncap,1.0,1668.269487056445,203.99780111858374
