mode,load,0_mobilenet_v3_small-16,1_resnet34-8
mps-uncap,1.0,0.0073909759521484375,0.0007152557373046875
