mode,load,0_mobilenet_v3_large-2,1_resnet34-2
mps-uncap,1.0,2.8226375579833984,1.9297599792480469
