mode,load,0_resnet34-2,1_squeezenet1_0-2,2_squeezenet1_0-8
mps-uncap,1.0,631.2471132839053,995.5133816615909,3236.3853227174054
