mode,load,0_inception_v3-32,1_mobilenet_v3_large-16,2_vgg16-32
mps-uncap,1.0,83.56857299804688,40.04931449890137,25.423765182495117
