mode,load,0_inception_v3-32,1_mobilenet_v3_large-16,2_vgg16-32
mps-uncap,1.0,65.68384170532227,16.62898063659668,19.781112670898438
