mode,load,0_inception_v3-32,1_mobilenet_v3_large-16,2_vgg16-32
mps-uncap,1.0,72.87025451660156,26.584386825561523,21.30293846130371
