mode,load,0_densenet201-2,1_mobilenet_v2-32,2_resnet50-32,3_vgg11-4
mps-uncap,1.0,70.99580764770508,17.937183380126953,26.467323303222656,6.375789642333984
