mode,load,0_resnet101-8,1_resnet18-4,2_vgg13-2
mps-uncap,1.0,17.688751220703125,5.558013916015625,4.165410995483398
