mode,load,0_densenet121-32,1_mobilenet_v2-32,2_resnet101-8
mps-uncap,1.0,35.61544418334961,13.665771484375002,28.174638748168945
