mode,load,0_densenet169-2,1_densenet201-2,2_mobilenet_v2-32,3_resnet18-32
mps-uncap,1.0,38.98184537887573,45.450544357299805,12.434518337249754,11.009538173675537
