mode,load,0_densenet169-2,1_densenet201-2,2_mobilenet_v2-32,3_resnet18-32
mps-uncap,1.0,37.55331039428711,43.82491111755371,11.945343017578125,10.68270206451416
