mode,load,0_alexnet-16,1_alexnet-16,2_alexnet-16,3_alexnet-16
mig,1.0,5.818843841552734,5.026102066040039,7.93910026550293,7.948637008666992
