mode,load,0_alexnet-16,1_alexnet-16,2_alexnet-16,3_alexnet-16
mig,1.0,4.445314407348633,4.473686218261719,4.477500915527344,6.594419479370117
