mode,load,0_alexnet-16,1_alexnet-16,2_alexnet-16,3_alexnet-16
mig,1.0,2888.1062785213517,3149.451988679383,2171.0372746758603,2232.467388216046
