mode,load,0_efficientnet_b6-8,1_mobilenet_v2-32,2_resnet152-4,3_resnet18-32
mps-uncap,1.0,49.02362823486328,11.97206974029541,38.79594802856445,9.41610336303711
