mode,load,0_efficientnet_b5-32,1_mobilenet_v2-16
mps-uncap,1.0,30.389070510864258,4.973411560058594
