mode,load,0_inception_v3-32,1_mobilenet_v2-32,2_resnet34-8,3_resnet50-2
mps-uncap,1.0,31.177387237548828,14.799597263336182,14.691543579101562,14.746999740600588
