mode,load,0_inception_v3-32,1_mobilenet_v2-32,2_resnet34-8,3_resnet50-2
mps-uncap,1.0,20.36118507385254,9.708404541015625,5.959987640380859,5.1670074462890625
