mode,load,0_mobilenet_v2-32,1_resnet152-32,2_resnet18-2,3_squeezenet1_0-2
mps-uncap,1.0,12.737870216369629,51.45835876464844,6.603360176086426,6.719112396240234
