mode,load,0_mobilenet_v2-32,1_resnet152-32,2_resnet18-2,3_squeezenet1_0-2
mps-uncap,1.0,2348.6113976775064,625.8478206907334,297.17471109956807,300.1721078732158
