mode,load,0_densenet169-32,1_mobilenet_v2-32,2_resnet152-32,3_squeezenet1_0-2
mps-uncap,1.0,69.59724426269531,10.66732406616211,55.10878562927246,1.9788742065429688
