mode,load,0_densenet201-8,1_inception_v3-32,2_mobilenet_v2-32,3_mobilenet_v3_small-16
mps-uncap,1.0,47.91524410247803,28.839826583862305,13.968229293823244,11.494040489196777
