mode,load,0_mobilenet_v3_large-4,1_vgg13-32
mps-uncap,1.0,16.042232513427734,15.959787368774414
