mode,load,0_mobilenet_v3_large-4,1_vgg13-32
mps-uncap,1.0,15.753030776977539,15.789985656738281
