mode,load,0_densenet169-4,1_resnet34-16,2_vgg16-8
mps-uncap,1.0,41.40808582305908,14.911508560180664,7.525539398193359
