mode,load,0_mobilenet_v2-4,1_mobilenet_v3_small-16,2_resnet34-32
mps-uncap,1.0,5.71131706237793,6.311464309692382,8.783373832702637
