mode,load,0_mobilenet_v3_small-32,1_resnet101-16,2_resnet50-16
mps-uncap,1.0,0.0002384185791015625,0.0002384185791015625,0.0002384185791015625
