mode,load,0_densenet201-32,1_mobilenet_v2-32,2_resnet152-2,3_squeezenet1_0-4
mps-uncap,1.0,59.122323989868164,13.691949844360353,33.34136009216309,7.2741031646728525
