mode,load,0_densenet201-32,1_mobilenet_v2-32,2_resnet152-2,3_squeezenet1_0-4
mps-uncap,1.0,59.78231906890869,14.494962692260742,34.98915672302246,10.72041988372803
