mode,load,0_mobilenet_v2-32,1_resnet34-2,2_resnet50-2,3_vgg16-32
mps-uncap,1.0,8.239984512329102,7.569313049316406,23.508787155151367,20.251750946044922
