mode,load,0_inception_v3-16,1_vgg13-16
mps-uncap,1.0,39.03675079345703,11.51275634765625
