mode,load,0_mobilenet_v2-32,1_resnet152-4,2_resnet34-32,3_vgg11-16
mps-uncap,1.0,25.26416778564453,77.44228839874268,33.09321403503418,12.753725051879883
