mode,load,0_resnet101-8,1_resnet50-2
mps-uncap,1.0,8.509540557861328,3.9572715759277344
