mode,load,0_vgg19-16,1_vgg19-32
mps-uncap,1.0,30.73287010192871,30.05671501159668
