mode,load,0_mobilenet_v2-8,1_mobilenet_v3_large-8
mps-uncap,1.0,2.5691986083984375,3.4134507179260236
