mode,load,0_mobilenet_v2-8,1_mobilenet_v3_large-8
mps-uncap,1.0,2.4039745330810547,2.984285354614258
