mode,load,0_resnet50-2,1_squeezenet1_0-8,2_vgg13-16
mps-uncap,1.0,21.62337303161621,12.317895889282227,12.384176254272461
