mode,load,0_resnet50-2,1_squeezenet1_0-8,2_vgg13-16
mps-uncap,1.0,19.14052963256836,10.005569458007812,9.888410568237305
