mode,load,0_densenet169-8,1_efficientnet_b7-16
mps-uncap,1.0,24.75595474243164,30.982136726379395
