mode,load,0_densenet201-16,1_vgg16-8
mps-uncap,1.0,48.45738410949707,5.696296691894531
