mode,load,0_densenet161-8,1_densenet169-4,2_resnet18-4
mps-uncap,1.0,17.182326316833496,14.889955520629883,3.5186100006103507
