mode,load,0_densenet161-8,1_densenet169-4,2_resnet18-4
mps-uncap,1.0,13.258218765258789,12.36724853515625,1.6536712646484375
