mode,load,0_densenet201-2,1_mobilenet_v3_large-8,2_resnet152-16
mps-uncap,1.0,21.442413330078125,5.44276237487793,19.37999725341797
