mode,load,0_efficientnet_b5-2,1_inception_v3-16,2_mobilenet_v3_small-2
mps-uncap,1.0,11.281824111938477,8.586807250976562,3.2072067260742188
