mode,load,0_efficientnet_b6-32,1_resnet101-2,2_vgg13-32
mps-uncap,1.0,162.1081829071045,87.88132667541504,23.791074752807617
