mode,load,0_efficientnet_b6-32,1_resnet101-2,2_vgg13-32
mps-uncap,1.0,152.9836654663086,71.84863090515137,18.69821548461914
