mode,load,0_densenet169-2,1_mobilenet_v2-8,2_resnet34-8
mps-uncap,1.0,10.149955749511719,2.440214157104492,3.9739608764648438
