mode,load,0_densenet169-2,1_mobilenet_v2-8,2_resnet34-8
mps-uncap,1.0,11.65151596069336,2.946615219116211,4.384517669677734
