mode,load,0_densenet169-2,1_mobilenet_v2-8,2_resnet34-8
mps-uncap,1.0,11.651754379272461,2.9467344284057617,4.384517669677734
