mode,load,0_resnet152-16,1_resnet152-16,2_vgg16-8
mps-uncap,1.0,57.46173858642578,59.29422378540039,9.783744812011719
