mode,load,0_resnet152-16,1_resnet152-16,2_vgg16-8
mps-uncap,1.0,55.88126182556152,57.97910690307617,8.507251739501953
