mode,load,0_densenet121-2,1_mobilenet_v3_large-4,2_resnet34-2
mps-uncap,1.0,7.1266889572143555,2.828836441040039,2.030611038208008
