mode,load,0_densenet121-2,1_mobilenet_v3_large-4,2_resnet34-2
mps-uncap,1.0,0.000476837158203125,0.000476837158203125,0.000476837158203125
