mode,load,0_llama-32,1_densenet121-4
mps-uncap,1.0,611.4501953125,7.31968879699707
