mode,load,0_inception_v3-16,1_mobilenet_v2-32,2_resnet152-32,3_squeezenet1_0-4
mps-uncap,1.0,42.76919364929199,25.90322494506836,62.01910972595215,15.103578567504883
