mode,load,0_inception_v3-16,1_mobilenet_v2-32,2_resnet152-32,3_squeezenet1_0-4
mps-uncap,1.0,38.941001892089844,18.109893798828125,59.089088439941406,10.79978942871094
