mode,load,0_resnet18-16,1_squeezenet1_0-16,2_vgg16-4
mps-uncap,1.0,8.276658058166506,7.251765727996825,8.109641075134276
