mode,load,0_resnet18-16,1_squeezenet1_0-16,2_vgg16-4
mps-uncap,1.0,7.039785385131836,6.912469863891602,6.883859634399414
