mode,load,0_alexnet-32,1_densenet201-32,2_mobilenet_v2-32,3_mobilenet_v3_small-16
mps-uncap,1.0,9.072542190551758,76.6153335571289,18.81551742553711,17.39811897277832
