mode,load,0_alexnet-32,1_densenet201-32,2_mobilenet_v2-32,3_mobilenet_v3_small-16
mps-uncap,1.0,7.068521976470943,75.58241844177246,17.847585678100582,16.5952730178833
