mode,load,0_mobilenet_v2-32,1_mobilenet_v3_large-4,2_resnet101-32,3_resnet18-16
mps-uncap,1.0,16.825580596923828,17.15116262435913,38.5899543762207,13.593125343322752
