mode,load,0_mobilenet_v2-32,1_mobilenet_v3_large-4,2_resnet101-32,3_resnet18-16
mps-uncap,1.0,13.021111488342285,13.064265251159668,37.688493728637695,8.965015411376953
