mode,load,0_resnet34-2,1_vgg13-32
mps-uncap,1.0,15.636444091796875,15.632867813110352
