mode,load,0_resnet34-2,1_vgg13-32
mps-uncap,1.0,127.65445699013145,2042.4932413259755
