mode,load,0_resnet50-4,1_vgg13-8
mps-uncap,1.0,9.291410446166992,4.734039306640625
