mode,load,0_inception_v3-8,1_mobilenet_v3_large-4
mps-uncap,1.0,1507.2831359343882,1417.0691114016079
