mode,load,0_densenet121-4,1_efficientnet_b5-4,2_efficientnet_b6-2
mps-uncap,1.0,8.217930793762207,10.300397872924805,11.67917251586914
