mode,load,0_mobilenet_v2-32,1_mobilenet_v3_large-4,2_resnet101-32,3_resnet152-32
mps-uncap,1.0,1677.5614809388587,214.74829664160504,626.8793525857199,435.12621014851845
