mode,load,0_mobilenet_v2-32,1_resnet152-32,2_resnet50-4,3_squeezenet1_1-2
mps-uncap,1.0,14.716506004333496,48.74372482299805,17.06705093383789,8.220672607421879
