mode,load,0_alexnet-8,1_squeezenet1_1-4
mps-uncap,1.0,1.0027885437011719,1.352071762084961
