mode,load,0_alexnet-8,1_squeezenet1_1-4
mps-uncap,1.0,6830.509857393728,2428.6577041793066
