mode,load,0_inception_v3-2,1_mobilenet_v2-32
mps-uncap,1.0,8.980989456176758,5.90062141418457
