mode,load,0_inception_v3-2,1_mobilenet_v2-32
mps-uncap,1.0,11.026973724365233,6.060600280761719
