mode,load,0_densenet121-2,1_densenet121-4,2_densenet201-32,3_mobilenet_v2-32
mps-uncap,1.0,31.30477428436281,32.79294013977051,60.87911128997803,17.42656707763672
