mode,load,0_alexnet-8,1_mobilenet_v2-32,2_mobilenet_v3_small-32,3_resnet50-32
mps-uncap,1.0,1.2493133544921875,10.465383529663086,11.724233627319336,18.083810806274414
