mode,load,0_mobilenet_v3_large-32,1_resnet101-32
mps-uncap,1.0,12.694215774536133,26.987004280090332
