mode,load,0_inception_v3-8,1_resnet152-8
mps-uncap,1.0,7.656097412109375,12.299537658691406
