mode,load,0_squeezenet1_1-2,1_vgg11-4
mps-uncap,1.0,0.9775161743164062,1.9092559814453125
