mode,load,0_vgg16-4,1_densenet201-32,2_vgg11-8
mps-uncap,1.0,15.171871185302745,102.71477699279785,10.327820777893066
mig,1.0,7.7016448974609375,90.45210123062134,12.763035297393802
