mode,load,0_efficientnet_b6-16,1_mobilenet_v3_small-8,2_vgg19-4
mps-uncap,1.0,39.9472713470459,10.209798812866211,10.259628295898438
