mode,load,0_alexnet-4,1_densenet201-2,2_mobilenet_v2-32,3_resnet50-32
mps-uncap,1.0,7.475004196166995,62.20267295837402,15.544652938842773,21.808147430419922
