mode,load,0_bert-32,1_vgg11-2
mps-uncap,1.0,26.417016983032227,4.681587219238281
