mode,load,0_densenet169-32,1_densenet201-2,2_mobilenet_v2-32,3_resnet152-2
mps-uncap,1.0,43.787264823913574,41.20182991027832,13.005495071411133,30.619025230407715
