mode,load,0_densenet169-32,1_densenet201-2,2_mobilenet_v2-32,3_resnet152-2
mps-uncap,1.0,750.8304220914582,50.22393859451542,3253.7760051001546,72.27909944017141
