mode,load,0_mobilenet_v2-8,1_mobilenet_v2-8,2_vgg11-16
mps-uncap,1.0,12.150790691375732,11.605715751647947,7.591896057128906
