mode,load,0_resnet152-8,1_resnet18-8,2_vgg13-16
mps-uncap,1.0,66.0395622253418,11.39485836029053,10.27379035949707
