mode,load,0_densenet169-4,1_mobilenet_v3_small-8,2_squeezenet1_1-2
mps-uncap,1.0,9.946584701538086,2.412080764770508,1.153111457824707
