mode,load,0_densenet121-2,1_mobilenet_v2-32,2_mobilenet_v3_large-2
mps-uncap,1.0,12.396097183227539,6.184816360473633,5.209684371948242
