mode,load,0_mobilenet_v2-32,1_resnet152-2,2_squeezenet1_0-4,3_vgg16-32
mps-uncap,1.0,1139.6384802738885,21.947187947109853,246.30639695840364,1400.487941673207
