mode,load,0_densenet201-2,1_mobilenet_v3_large-4
mps-uncap,1.0,11.986970901489258,2.713918685913086
