mode,load,0_densenet201-8,1_mobilenet_v2-32,2_mobilenet_v2-32,3_mobilenet_v3_large-32
mps-uncap,1.0,66.8482780456543,14.880156517028809,14.882087707519531,15.75336456298828
