mode,load,0_vgg11-16,1_vgg16-2
mps-uncap,1.0,7.091660499572753,7.272670269012451
