mode,load,0_densenet201-32,1_resnet50-16,2_squeezenet1_0-8
mps-uncap,1.0,60.615856647491455,17.711763381958008,10.492630004882791
