mode,load,0_vgg11-32,1_vgg13-2,2_vgg19-2
mps-uncap,1.0,14.906644821166992,14.485359191894531,18.83244514465332
