mode,load,0_vgg11-32,1_vgg13-2,2_vgg19-2
mps-uncap,1.0,0.000476837158203125,0.000476837158203125,0.000476837158203125
