mode,load,0_vgg11-32,1_vgg13-2,2_vgg19-2
mps-uncap,1.0,13.055801391601562,12.911558151245117,13.073205947875977
