mode,load,0_vgg11-32,1_vgg13-2,2_vgg19-2
mps-uncap,1.0,13.720035552978516,13.490006923675537,16.420006752014157
