mode,load,0_densenet169-32,1_resnet101-32
mps-uncap,1.0,45.998215675354004,29.745078086853027
