mode,load,0_densenet169-32,1_resnet101-32
mps-uncap,1.0,46.49510383605957,30.239875316619873
