mode,load,0_densenet201-8,1_inception_v3-2,2_mobilenet_v3_large-2
mps-uncap,1.0,630.572588213842,346.39201428719355,684.0813475174507
