mode,load,0_densenet161-32,1_efficientnet_b7-4,2_mobilenet_v2-32,3_resnet18-16
mps-uncap,1.0,74.5521068572998,76.51758193969727,22.094893455505375,14.934945106506348
