mode,load,0_densenet121-4,1_efficientnet_b7-8,2_mobilenet_v2-32
mps-uncap,1.0,22.39081859588623,35.25066375732422,9.703588485717773
