mode,load,0_densenet121-8,1_densenet161-32,2_efficientnet_b6-2,3_mobilenet_v2-32
mps-uncap,1.0,44.17824745178223,70.09196281433105,57.29031562805176,25.837182998657227
