mode,load,0_efficientnet_b7-32,1_inception_v3-16
mps-uncap,1.0,576.510304527646,623.0217779307608
