mode,load,0_densenet201-2,1_resnet101-8,2_resnet50-4
mps-uncap,1.0,17.983675003051758,10.449352264404297,5.825719833374023
