mode,load,0_densenet161-4,1_efficientnet_b5-4,2_resnet152-32
mps-uncap,1.0,32.071709632873535,25.67281723022461,33.98466110229492
