mode,load,0_densenet169-16,1_mobilenet_v3_small-8,2_resnet34-8
mps-uncap,1.0,841.832087895443,2561.807092507205,1559.0769027267906
