mode,load,0_alexnet-2,1_squeezenet1_1-2,2_vgg13-4
mps-uncap,1.0,1.2865066528320312,2.7892589569091797,3.4471750259399414
