mode,load,0_densenet201-16,1_efficientnet_b5-2,2_efficientnet_b5-8
mps-uncap,1.0,24.5053768157959,13.822793960571289,14.455318450927734
