mode,load,0_llama-8,1_bert-8
mps-uncap,1.0,173.80118370056152,9.27114486694336
