mode,load,0_llama-8,1_bert-8
mps-uncap,1.0,96.33394924776195,1642.4172045670339
