mode,load,0_inception_v3-32,1_mobilenet_v2-32,2_resnet101-8,3_resnet34-8
mps-uncap,1.0,34.0883731842041,15.197134017944336,29.307150840759277,15.515804290771484
