mode,load,0_mobilenet_v3_small-2,1_squeezenet1_0-32
mps-uncap,1.0,5.810737609863281,5.785703659057617
