mode,load,0_densenet169-8,1_densenet201-32,2_mobilenet_v2-32,3_resnet34-32
mps-uncap,1.0,67.57307052612305,90.90065956115723,26.16095542907715,30.478715896606445
