mode,load,0_mobilenet_v2-8,1_resnet18-32,2_resnet50-8
mps-uncap,1.0,7.365632057189942,6.863856315612793,12.303657531738281
