mode,load,0_mobilenet_v2-8,1_resnet18-32,2_resnet50-8
mps-uncap,1.0,8.57090950012207,8.228778839111328,13.385295867919922
