mode,load,0_efficientnet_b7-8,1_mobilenet_v2-32,2_resnet50-2,3_vgg11-32
mps-uncap,1.0,33.92219543457031,19.36173439025879,14.945745468139648,13.001203536987305
