mode,load,0_efficientnet_b7-8,1_mobilenet_v2-32,2_resnet34-32,3_squeezenet1_0-8
mps-uncap,1.0,36.469221115112305,10.283946990966797,14.014482498168945,4.112005233764648
