mode,load,0_inception_v3-32,1_mobilenet_v2-2,2_mobilenet_v2-32,3_vgg13-16
mps-uncap,1.0,65.44613838195801,17.644882202148438,25.15411376953125,13.262629508972168
