mode,load,0_resnet50-4,1_squeezenet1_1-4,2_vgg11-4
mps-uncap,1.0,6.833791732788086,2.621889114379883,2.913236618041992
