mode,load,0_resnet34-2,1_squeezenet1_0-2,2_vgg19-4
mps-uncap,1.0,4.550457000732422,2.5260448455810547,4.759311676025391
