mode,load,0_efficientnet_b7-4,1_inception_v3-32,2_mobilenet_v2-32,3_resnet34-32
mps-uncap,1.0,53.42721939086914,24.942636489868164,9.601116180419922,15.076875686645508
