mode,load,0_efficientnet_b7-4,1_inception_v3-32,2_mobilenet_v2-32,3_resnet34-32
mps-uncap,1.0,53.42721939086914,24.942874908447266,9.601593017578125,15.07711410522461
