mode,load,0_inception_v3-2,1_mobilenet_v3_small-4,2_resnet152-8
mps-uncap,1.0,6.835718154907227,2.9537534713745086,12.034616470336916
