mode,load,0_mobilenet_v2-32,1_resnet18-32,2_squeezenet1_0-4,3_vgg16-16
mps-uncap,1.0,15.777111053466797,9.390592575073242,2.28118896484375,12.838363647460938
