mode,load,0_mobilenet_v2-32,1_resnet18-32,2_squeezenet1_0-4,3_vgg16-16
mps-uncap,1.0,30.837059020996094,22.32975959777832,18.242478370666504,18.596243858337402
