mode,load,0_mobilenet_v2-32,1_resnet18-32,2_squeezenet1_0-4,3_vgg16-16
mps-uncap,1.0,30.837202072143555,22.329998016357422,18.242716789245605,18.596243858337402
