mode,load,0_mobilenet_v2-32,1_resnet18-32,2_squeezenet1_0-4,3_vgg16-16
mps-uncap,1.0,1170.6087167513629,1619.7204444692984,258.383387200568,942.4700050032457
