mode,load,0_densenet169-2,1_densenet169-32,2_mobilenet_v2-16,3_mobilenet_v2-32
mps-uncap,1.0,44.423770904541016,53.55842113494873,13.072490692138672,14.959859848022461
