mode,load,0_efficientnet_b5-32,1_mobilenet_v3_large-8,2_squeezenet1_1-4
mps-uncap,1.0,33.6734676361084,14.021873474121094,8.789505958557127
