mode,load,0_mobilenet_v2-32,1_mobilenet_v2-32
mig,1.0,10.433435440063477,9.10329818725586
