mode,load,0_mobilenet_v2-32,1_mobilenet_v2-32
mig,1.0,11.119751930236815,9.785175323486328
mps-uncap,1.0,9.689807891845703,9.705193042755127
