mode,load,0_efficientnet_b6-32,1_resnet18-32,2_vgg16-16
mps-uncap,1.0,127.57754325866699,18.23568344116211,15.536069869995117
