mode,load,0_efficientnet_b5-2,1_inception_v3-16,2_mobilenet_v2-32,3_resnet50-32
mps-uncap,1.0,43.204307556152344,33.05864334106445,13.97562026977539,20.51091194152832
