mode,load,0_efficientnet_b5-2,1_inception_v3-16,2_mobilenet_v2-32,3_resnet50-32
mps-uncap,1.0,50.504207611083984,37.817955017089844,17.048358917236328,24.738311767578125
