mode,load,0_efficientnet_b5-2,1_inception_v3-16,2_mobilenet_v2-32,3_resnet50-32
mps-uncap,1.0,50.504446029663086,37.817955017089844,17.04859733581543,24.738550186157227
