mode,load,0_densenet121-16,1_mobilenet_v3_small-32
mps-uncap,1.0,14.800786972045898,6.907463073730469
