mode,load,0_inception_v3-2,1_vgg11-16,2_vgg16-32
mps-uncap,1.0,85.81619739532472,21.47853851318359,27.877116203308105
