mode,load,0_alexnet-8,1_densenet201-32,2_vgg16-8
mps-uncap,1.0,0.000476837158203125,0.000476837158203125,0.000476837158203125
