mode,load,0_densenet161-2,1_mobilenet_v2-2
mps-uncap,1.0,9.643316268920898,2.2134780883789062
