mode,load,0_densenet121-2,1_densenet169-32
mps-uncap,1.0,15.671968460083008,24.379968643188477
