mode,load,0_densenet121-2,1_densenet169-32
mps-uncap,1.0,14.339065551757812,22.603821754455566
