mode,load,0_alexnet-32,1_vgg11-2
mps-uncap,1.0,2.7205944061279297,2.7213096618652344
