mode,load,0_efficientnet_b6-4,1_mobilenet_v2-16
mps-uncap,1.0,0.000476837158203125,0.000476837158203125
