mode,load,0_densenet121-32,1_resnet50-2
mps-uncap,1.0,18.60365867614746,8.02760124206543
