mode,load,0_densenet121-32,1_resnet50-2
mps-uncap,1.0,16.617536544799805,2.837657928466797
