mode,load,0_densenet121-32,1_densenet121-32,2_mobilenet_v2-32,3_resnet152-8
mps-uncap,1.0,50.54736137390137,49.04484748840332,23.332595825195312,61.43784523010254
