mode,load,0_squeezenet1_0-32,1_vgg16-8
mps-uncap,1.0,11.486124992370605,9.56583023071289
