mode,load,0_alexnet-16,1_squeezenet1_0-2,2_vgg19-32
mps-uncap,1.0,1.8367767333984375,2.5103092193603516,22.459983825683594
