mode,load,0_densenet121-16,1_mobilenet_v2-32,2_resnet18-8,3_vgg11-32
mps-uncap,1.0,23.314952850341797,19.288301467895508,5.019903182983398,11.765241622924805
