mode,load,0_alexnet-4,1_inception_v3-32,2_mobilenet_v2-32,3_mobilenet_v3_small-4
mps-uncap,1.0,1.709580421447754,23.97751808166504,9.122014045715332,6.236553192138672
