mode,load,0_densenet121-32,1_vgg16-2
mps-uncap,1.0,24.6998929977417,7.898564338684081
