mode,load,0_efficientnet_b5-32,1_resnet18-2,2_vgg11-16
mps-uncap,1.0,76.25061988830565,14.674053192138668,11.483008861541746
