mode,load,0_efficientnet_b5-32,1_resnet18-2,2_vgg11-16
mps-uncap,1.0,45.00174522399902,1.7399787902832031,6.880521774291992
