mode,load,0_densenet169-32,1_efficientnet_b5-32,2_mobilenet_v2-32,3_mobilenet_v2-4
mps-uncap,1.0,79.18906211853027,62.89553642272949,25.098562240600586,23.002147674560547
