mode,load,0_densenet161-8,1_densenet161-8,2_densenet161-8,3_densenet161-8
mig,1.0,27.827787399291992,28.132915496826172,28.183650970458984,52.1245002746582
