mode,load,0_densenet161-8,1_densenet161-8,2_densenet161-8,3_densenet161-8
mig,1.0,28.313875198364258,28.65123748779297,28.7017822265625,52.33144760131836
