mode,load,0_squeezenet1_1-2,1_vgg16-4,2_vgg19-8
mps-uncap,1.0,2.5539398193359375,5.823373794555664,7.935523986816406
