mode,load,0_mobilenet_v2-2,1_mobilenet_v2-32,2_resnet50-32,3_vgg11-4
mps-uncap,1.0,4.081487655639648,13.957977294921875,21.639585494995117,2.4602413177490234
