mode,load,0_mobilenet_v2-2,1_mobilenet_v2-32,2_resnet50-32,3_vgg11-4
mps-uncap,1.0,17.767808437347412,21.4363956451416,29.649019241333008,12.58495092391968
