mode,load,0_efficientnet_b6-8,1_vgg11-32,2_vgg16-4
mps-uncap,1.0,99.43747520446777,13.44311237335205,14.1068696975708
