mode,load,0_densenet121-2,1_vgg13-32
mps-uncap,1.0,45.05009412765502,16.154725551605225
