mode,load,0_densenet169-8,1_densenet169-8
mig,1.0,0.000476837158203125,0.00476837158203125
