mode,load,0_densenet169-8,1_densenet169-8
mig,1.0,11.841297149658203,10.551691055297852
