mode,load,0_inception_v3-32,1_mobilenet_v2-32,2_resnet34-8,3_vgg11-4
mps-uncap,1.0,34.39319133758545,14.590072631835938,15.817642211914062,7.026195526123047
