mode,load,0_densenet121-2,1_vgg19-8
mps-uncap,1.0,17.2788143157959,6.688356399536133
