mode,load,0_efficientnet_b5-2,1_mobilenet_v2-32,2_resnet34-4,3_resnet50-32
mps-uncap,1.0,40.984153747558594,13.478994369506836,14.183521270751953,20.212888717651367
