mode,load,0_efficientnet_b5-2,1_mobilenet_v2-32,2_resnet34-4,3_resnet50-32
mps-uncap,1.0,0.011444091796875,0.0007152557373046875,0.0007152557373046875,0.000476837158203125
