mode,load,0_efficientnet_b5-2,1_mobilenet_v2-32,2_resnet34-4,3_resnet50-32
mps-uncap,1.0,40.984392166137695,13.478994369506836,14.183998107910156,20.213007926940918
