mode,load,0_densenet121-32,1_densenet169-2,2_mobilenet_v2-32,3_squeezenet1_1-32
mps-uncap,1.0,52.519798278808594,58.455467224121094,26.868343353271484,18.60833168029785
