mode,load,0_densenet121-32,1_densenet169-2,2_mobilenet_v2-32,3_squeezenet1_1-32
mps-uncap,1.0,47.691535949707024,56.603741645812995,20.67553520202637,17.908058166503906
