mode,load,0_efficientnet_b6-8,1_mobilenet_v2-32
mps-uncap,1.0,28.99789810180664,11.255502700805664
