mode,load,0_alexnet-32,1_densenet121-16,2_mobilenet_v3_small-16
mps-uncap,1.0,3.7060737609863286,19.696879386901855,6.80851936340332
