mode,load,0_resnet152-8,1_squeezenet1_0-4,2_vgg13-2
mps-uncap,1.0,0.0002384185791015625,0.0002384185791015625,0.0002384185791015625
