mode,load,0_densenet169-4,1_squeezenet1_0-2,2_vgg13-2
mps-uncap,1.0,15.053272247314453,2.1393299102783203,2.2225379943847656
