mode,load,0_densenet161-32,1_efficientnet_b5-32
mps-uncap,1.0,40.390968322753906,40.18759727478027
