mode,load,0_mobilenet_v3_small-8,1_resnet101-8
mps-uncap,1.0,2.3224353790283203,6.952762603759766
