mode,load,0_mobilenet_v3_small-8,1_resnet101-8
mps-uncap,1.0,2.653360366821289,7.494688034057617
