mode,load,0_densenet201-16,1_resnet101-16,2_squeezenet1_1-8
mps-uncap,1.0,24.428844451904297,16.58797264099121,2.666950225830078
