mode,load,0_efficientnet_b6-8,1_inception_v3-2,2_mobilenet_v2-32,3_resnet50-32
mps-uncap,1.0,60.793161392211914,35.42351722717285,17.87281036376953,24.141311645507812
