mode,load,0_densenet161-4,1_mobilenet_v2-32,2_resnet101-32,3_resnet101-4
mps-uncap,1.0,60.40822505950928,19.67613697052002,41.49152040481568,33.733839988708496
