mode,load,0_densenet161-4,1_mobilenet_v2-32,2_resnet101-32,3_resnet101-4
mps-uncap,1.0,60.40846347808838,19.6763014793396,41.49152040481568,33.73396873474122
