mode,load,0_densenet161-32,1_densenet161-4,2_mobilenet_v2-32,3_mobilenet_v3_large-2
mps-uncap,1.0,524.8873017620638,82.94417719194807,2379.805868427691,176.64514148113645
