mode,load,0_mobilenet_v2-32,1_mobilenet_v3_large-32,2_resnet101-2,3_resnet101-32
mps-uncap,1.0,18.06044578552246,21.19135856628418,35.78019142150879,42.86503791809082
