mode,load,0_mobilenet_v2-32,1_mobilenet_v3_large-32,2_resnet101-2,3_resnet101-32
mps-uncap,1.0,16.97559356689453,19.1788911819458,32.55562782287598,40.60196876525879
