mode,load,0_mobilenet_v2-32,1_mobilenet_v3_large-32,2_resnet101-2,3_resnet101-32
mps-uncap,1.0,13.865470886230469,16.240239143371582,30.85041046142578,39.28351402282715
