mode,load,0_densenet121-4,1_mobilenet_v2-32,2_resnet152-32,3_resnet152-32
mps-uncap,1.0,56.58092498779297,27.570533752441406,75.48165321350098,75.65674781799316
