mode,load,0_mobilenet_v2-4,1_resnet18-32
mps-uncap,1.0,4.594326019287109,4.637002944946289
