mode,load,0_resnet50-2,1_squeezenet1_0-16
mps-uncap,1.0,7.447481155395508,4.7092437744140625
