mode,load,0_densenet161-32,1_mobilenet_v2-32,2_resnet34-8,3_vgg19-8
mps-uncap,1.0,101.2404727935791,26.892638206481934,31.60132169723511,19.798493385314956
