mode,load,0_mobilenet_v2-32,1_resnet101-16,2_resnet50-2,3_resnet50-32
mps-uncap,1.0,18.06473731994629,41.98164939880371,20.321989059448242,25.10666847229004
