mode,load,0_mobilenet_v2-32,1_mobilenet_v2-32,2_resnet34-2,3_squeezenet1_1-32
mps-uncap,1.0,20.307064056396484,20.54309844970703,17.36164093017578,19.153833389282227
