mode,load,0_densenet201-32,1_efficientnet_b7-2,2_mobilenet_v2-32,3_resnet18-8
mps-uncap,1.0,61.88439130783081,53.166866302490234,14.974236488342285,11.113090515136719
