mode,load,0_densenet201-32,1_efficientnet_b7-2,2_mobilenet_v2-32,3_resnet18-8
mps-uncap,1.0,535.831316492134,40.63923113953338,2871.800634734946,1186.9280575192104
