mode,load,0_densenet161-8,1_efficientnet_b5-32
mps-uncap,1.0,34.28912162780762,33.62548351287842
