mode,load,0_densenet161-8,1_efficientnet_b5-32
mps-uncap,1.0,35.47806739807129,33.88793468475342
