mode,load,0_squeezenet1_1-8,1_vgg11-16
mps-uncap,1.0,7.413387298583984,7.425546646118164
