mode,load,0_squeezenet1_1-8,1_vgg11-16
mps-uncap,1.0,1339.1379554257514,2592.930374889263
