mode,load,0_densenet169-2,1_mobilenet_v2-32,2_resnet34-4,3_vgg16-32
mps-uncap,1.0,18.28025372282329,1166.856241347443,135.20573775934642,1418.8860417263775
