mode,load,0_mobilenet_v2-32,1_mobilenet_v2-32,2_squeezenet1_0-2,3_vgg11-16
mps-uncap,1.0,24.10304546356201,24.21581745147705,10.735511779785156,9.092926979064941
