mode,load,0_efficientnet_b7-32,1_mobilenet_v2-32,2_resnet34-32,3_squeezenet1_1-2
mps-uncap,1.0,94.4434404373169,16.154766082763672,20.369291305541992,8.190393447875977
