mode,load,0_efficientnet_b7-2,1_resnet152-2
mps-uncap,1.0,13.797359466552733,7.982125282287598
