mode,load,0_efficientnet_b7-2,1_resnet152-2
mps-uncap,1.0,153.55768972169938,262.53155052027284
