mode,load,0_resnet152-4,1_resnet152-4
mig,1.0,33.55346202850342,32.27114677429199
