mode,load,0_resnet152-4,1_resnet152-4
mig,1.0,466.8778708584933,387.14863366545336
mps-uncap,1.0,441.78378856480833,441.786571801677
