mode,load,0_efficientnet_b6-4,1_resnet50-4,2_squeezenet1_1-32
mps-uncap,1.0,24.237632751464844,7.362604141235352,4.935026168823242
