mode,load,0_densenet121-4,1_efficientnet_b5-16,2_vgg19-4
mps-uncap,1.0,24.553728103637695,30.243349075317383,8.442878723144531
