mode,load,0_densenet169-32,1_densenet169-32
mig,1.0,36.79766654968262,32.95621871948242
mps-uncap,1.0,35.75778007507324,35.710978507995605
