mode,load,0_densenet169-32,1_densenet169-32
mig,1.0,37.24127769470215,33.39832305908203
mps-uncap,1.0,36.14598512649536,36.07853174209595
