mode,load,0_densenet161-8,1_efficientnet_b6-8,2_mobilenet_v2-32,3_resnet34-32
mps-uncap,1.0,53.266048431396484,55.455923080444336,17.177343368530273,20.66326141357422
