mode,load,0_densenet161-8,1_efficientnet_b6-8,2_mobilenet_v2-32,3_resnet34-32
mps-uncap,1.0,0.000476837158203125,0.008821487426757812,0.000476837158203125,0.0007152557373046875
