mode,load,0_densenet161-8,1_efficientnet_b6-8,2_mobilenet_v2-32,3_resnet34-32
mps-uncap,1.0,49.91006851196289,51.164865493774414,12.691259384155273,16.179680824279785
