mode,load,0_densenet161-16,1_efficientnet_b6-8,2_resnet50-16
mps-uncap,1.0,46.80323600769043,38.622140884399414,17.584562301635742
