mode,load,0_efficientnet_b5-16,1_mobilenet_v3_small-4,2_vgg16-8
mps-uncap,1.0,46.266531944274895,13.327181339263916,9.39295768737793
