mode,load,0_densenet201-4,1_inception_v3-16,2_squeezenet1_1-32
mps-uncap,1.0,29.915809631347656,16.634464263916016,6.409883499145508
