mode,load,0_densenet121-4,1_mobilenet_v2-32,2_resnet101-8,3_vgg13-32
mps-uncap,1.0,90.9402847290039,34.685325622558594,78.77016067504883,20.41792869567871
