mode,load,0_densenet121-4,1_mobilenet_v2-32,2_resnet101-8,3_vgg13-32
mps-uncap,1.0,81.76350593566895,30.20620346069336,74.88441467285156,19.44136619567871
