mode,load,0_efficientnet_b7-4,1_mobilenet_v3_small-32
mps-uncap,1.0,16.19863510131836,3.417491912841797
