mode,load,0_mobilenet_v2-16,1_mobilenet_v2-32,2_resnet34-16,3_vgg11-32
mps-uncap,1.0,30.62891960144043,32.19437599182129,41.51010513305664,17.53854751586914
