mode,load,0_mobilenet_v2-16,1_mobilenet_v2-32,2_resnet34-16,3_vgg11-32
mps-uncap,1.0,27.965259552001957,29.433155059814453,38.50126266479492,15.742135047912598
