mode,load,0_mobilenet_v3_large-2,1_resnet50-4,2_vgg19-2
mps-uncap,1.0,5.255937576293945,7.46917724609375,4.445075988769531
