mode,load,0_densenet121-16,1_mobilenet_v3_large-32,2_resnet18-16
mps-uncap,1.0,0.003337860107421875,0.000476837158203125,0.000476837158203125
