mode,load,0_densenet121-2,1_resnet101-8,2_squeezenet1_0-16
mps-uncap,1.0,16.88241958618164,15.217781066894531,6.003618240356445
