mode,load,0_densenet121-2,1_resnet101-8,2_squeezenet1_0-16
mps-uncap,1.0,14.931917190551758,13.826131820678711,4.169464111328125
