mode,load,0_mobilenet_v2-4,1_mobilenet_v3_small-8
mps-uncap,1.0,3.511667251586914,3.088235855102539
