mode,load,0_densenet121-2,1_squeezenet1_0-16,2_squeezenet1_1-32
mps-uncap,1.0,20.936298370361328,5.8078765869140625,5.81669807434082
