mode,load,0_densenet121-2,1_squeezenet1_0-16,2_squeezenet1_1-32
mps-uncap,1.0,104.83645750027338,2860.6374435650805,5721.258568343586
