mode,load,0_vgg13-8,1_vgg16-2
mps-uncap,1.0,5.872488021850586,5.986762046813966
