mode,load,0_densenet201-32,1_efficientnet_b5-16,2_mobilenet_v2-32,3_resnet18-4
mps-uncap,1.0,85.25919914245605,59.16762351989746,25.530099868774414,18.153905868530273
