mode,load,0_densenet201-32,1_efficientnet_b5-16,2_mobilenet_v2-32,3_resnet18-4
mps-uncap,1.0,82.15475082397461,54.94856834411621,18.983078002929688,11.310625076293947
