mode,load,0_densenet201-32,1_efficientnet_b5-16,2_mobilenet_v2-32,3_resnet18-4
mps-uncap,1.0,58.93087387084961,34.03615951538086,10.982751846313477,2.9447078704833984
