mode,load,0_densenet201-4,1_inception_v3-32
mps-uncap,1.0,18.18110942840576,12.05754280090332
