mode,load,0_resnet34-8,1_resnet50-32
mps-uncap,1.0,0.004291534423828125,0.000476837158203125
