mode,load,0_densenet169-4,1_resnet101-8
mps-uncap,1.0,10.820150375366211,7.73930549621582
