mode,load,0_densenet169-4,1_resnet101-8
mps-uncap,1.0,10.820269584655762,7.73930549621582
