mode,load,0_densenet201-8,1_efficientnet_b5-2,2_vgg19-8
mps-uncap,1.0,193.15253979928463,67.80337660846381,1065.4715346491857
