mode,load,0_mobilenet_v2-16,1_mobilenet_v2-32,2_mobilenet_v3_small-4,3_vgg13-32
mps-uncap,1.0,39.17813301086426,41.51749610900879,38.03396224975586,36.982059478759766
