mode,load,0_llama-16,1_llama-16,2_vgg16-2,3_mobilenet_v2-16
mps-uncap,1.0,112.07890510559082,219.29407119750977,2.7191638946533203,5.848884582519531
