mode,load,0_densenet169-32,1_efficientnet_b5-2,2_mobilenet_v2-32,3_mobilenet_v2-32
mps-uncap,1.0,63.32573890686036,47.63786792755127,22.030115127563477,22.01104164123535
