mode,load,0_densenet169-32,1_efficientnet_b5-2,2_mobilenet_v2-32,3_mobilenet_v2-32
mps-uncap,1.0,63.32592964172363,47.63810634613037,22.030234336853027,22.01104164123535
