mode,load,0_densenet169-32,1_efficientnet_b5-2,2_mobilenet_v2-32,3_mobilenet_v2-32
mps-uncap,1.0,35.76397895812988,23.532390594482422,14.14799690246582,14.159917831420898
