mode,load,0_efficientnet_b7-4,1_resnet18-4,2_resnet34-2
mps-uncap,1.0,16.955137252807617,1.5287399291992188,2.631664276123047
