mode,load,0_efficientnet_b7-4,1_resnet18-4,2_resnet34-2
mps-uncap,1.0,21.71158790588379,3.4592151641845703,4.81104850769043
