mode,load,0_resnet101-32,1_resnet18-8,2_vgg19-4
mps-uncap,1.0,31.383991241455078,3.276824951171875,6.695032119750977
