mode,load,0_densenet121-2,1_mobilenet_v2-32,2_resnet101-32,3_resnet152-8
mps-uncap,1.0,55.95699367466486,2173.9017912298395,824.6695360483053,168.02574133483196
