mode,load,0_densenet201-4,1_inception_v3-4,2_mobilenet_v2-32,3_resnet50-32
mps-uncap,1.0,0.0002384185791015625,0.0002384185791015625,0.0002384185791015625,0.0002384185791015625
