mode,load,0_resnet34-4,1_vgg13-4
mps-uncap,1.0,5.350828170776367,3.0701160430908203
