mode,load,0_densenet161-32,1_mobilenet_v2-32,2_resnet18-8,3_vgg11-16
mps-uncap,1.0,125.83279609680176,25.258541107177734,16.458511352539062,10.813474655151367
