mode,load,0_densenet161-32,1_mobilenet_v2-32,2_resnet18-8,3_vgg11-16
mps-uncap,1.0,128.8170337677002,32.22990036010742,21.566152572631836,13.58177661895752
