mode,load,0_mobilenet_v2-32,1_resnet152-32,2_squeezenet1_1-2,3_vgg11-32
mps-uncap,1.0,37.15252876281738,129.41360473632812,19.572019577026367,19.33436393737793
