mode,load,0_mobilenet_v2-32,1_resnet152-32,2_squeezenet1_1-2,3_vgg11-32
mps-uncap,1.0,41.66841506958008,143.65005493164062,27.62579917907715,25.465011596679688
