mode,load,0_densenet161-32,1_densenet169-2
mps-uncap,1.0,32.503485679626465,20.253896713256836
