mode,load,0_densenet169-16,1_efficientnet_b6-4,2_resnet50-16
mps-uncap,1.0,31.3720703125,31.94904327392578,13.336181640625
