mode,load,0_densenet121-2,1_mobilenet_v3_small-16
mps-uncap,1.0,284.58031931605706,6619.487524903984
