mode,load,0_densenet169-2,1_inception_v3-32,2_mobilenet_v2-32,3_vgg13-2
mps-uncap,1.0,49.87452753408373,1028.3666313449423,2475.6472642085355,394.69019426188396
