mode,load,0_densenet169-8,1_resnet34-16
mps-uncap,1.0,14.054250717163086,5.481481552124023
