mode,load,0_squeezenet1_0-2,1_vgg13-4,2_vgg19-16
mps-uncap,1.0,3.271818161010742,5.157709121704102,13.384819030761719
