mode,load,0_mobilenet_v2-32,1_resnet34-32,2_squeezenet1_0-2,3_vgg19-8
mps-uncap,1.0,19.516324996948242,24.697303771972656,12.080287933349611,13.299393653869629
