mode,load,0_efficientnet_b7-32,1_mobilenet_v3_small-2,2_vgg19-16
mps-uncap,1.0,126.27501487731935,22.031450271606445,21.411466598510746
