mode,load,0_efficientnet_b5-2,1_inception_v3-32,2_mobilenet_v2-32,3_resnet50-2
mps-uncap,1.0,21.820545196533203,16.292572021484375,8.681058883666992,4.957914352416992
