mode,load,0_llama-8,1_squeezenet1_1-4,2_efficientnet_b6-2
mps-uncap,1.0,75.45290089161286,1882.8103127822685,112.17613739891497
