mode,load,0_bert-8,1_densenet121-8,2_efficientnet_b7-16
mps-uncap,1.0,14.394998550415039,24.655699729919434,44.31462287902832
