mode,load,0_vgg16-8,1_vgg19-8
mps-uncap,1.0,10.363101959228516,12.017107009887695
