mode,load,0_vgg16-8,1_vgg19-8
mps-uncap,1.0,10.527610778808594,12.254638671875
