mode,load,0_efficientnet_b7-4,1_squeezenet1_0-2
mps-uncap,1.0,0.000476837158203125,0.0007152557373046875
