mode,load,0_densenet201-32,1_densenet121-8,2_vgg11-16
mps-uncap,1.0,101.84030532836914,46.33374214172363,9.958171844482422
mig,1.0,53.01833152770996,15.26498794555664,20.887374877929688
