mode,load,0_mobilenet_v3_large-16,1_resnet152-4,2_squeezenet1_1-4
mps-uncap,1.0,4.248619079589844,12.876749038696289,1.813650131225586
