mode,load,0_densenet121-8,1_mobilenet_v2-2,2_mobilenet_v2-32,3_resnet34-32
mps-uncap,1.0,288.71896484254137,277.72179564586037,3004.122617208539,2419.628123347647
