mode,load,0_vgg16-8,1_vgg16-8
mig,1.0,9.755134582519531,11.955738067626953
