mode,load,0_densenet201-32,1_efficientnet_b7-4,2_mobilenet_v2-32,3_vgg19-2
mps-uncap,1.0,83.48894119262695,72.62349128723145,25.568246841430664,16.365766525268555
