mode,load,0_efficientnet_b6-32,1_mobilenet_v2-32,2_mobilenet_v3_large-8,3_resnet101-32
mps-uncap,1.0,88.21401596069336,23.49710464477539,26.381635665893555,55.15463352203369
