mode,load,0_mobilenet_v2-32,1_resnet101-32,2_resnet18-16,3_resnet34-2
mps-uncap,1.0,2019.2890494559624,771.6619336569556,1552.4982662908228,143.41213068572068
