mode,load,0_densenet161-2,1_mobilenet_v2-32,2_resnet18-32,3_resnet50-8
mps-uncap,1.0,48.01607131958008,14.179134368896486,12.500572204589846,18.502449989318848
