mode,load,0_mobilenet_v3_large-16,1_resnet152-16,2_resnet152-2
mps-uncap,1.0,5.1021575927734375,17.990827560424805,14.208078384399414
