mode,load,0_inception_v3-2,1_resnet101-32
mps-uncap,1.0,13.943719863891602,19.56491470336914
