mode,load,0_resnet101-2,1_resnet50-8
mps-uncap,1.0,6.06536865234375,3.9196014404296875
