mode,load,0_resnet101-2,1_resnet50-8
mps-uncap,1.0,6.6852569580078125,4.796504974365234
