mode,load,0_inception_v3-16,1_resnet50-32
mps-uncap,1.0,22.693157196044922,15.943765640258789
