mode,load,0_inception_v3-16,1_resnet50-32
mps-uncap,1.0,16.328096389770508,12.843132019042969
