mode,load,0_mobilenet_v3_small-32,1_resnet18-16,2_vgg11-2
mps-uncap,1.0,7.324864864349365,5.466299057006836,4.18919563293457
