mode,load,0_efficientnet_b5-4,1_mobilenet_v2-2
mps-uncap,1.0,9.715557098388672,2.403736114501953
