mode,load,0_densenet201-32,1_inception_v3-4,2_vgg13-8
mps-uncap,1.0,75.53255558013916,25.43187141418457,6.338834762573242
