mode,load,0_densenet201-32,1_inception_v3-4,2_vgg13-8
mps-uncap,1.0,77.1824598312378,29.00397777557373,7.507562637329104
