mode,load,0_densenet201-32,1_inception_v3-4,2_vgg13-8
mps-uncap,1.0,423.36864180583314,156.0212827317792,1215.1403784058707
