mode,load,0_mobilenet_v3_small-4,1_vgg19-2
mps-uncap,1.0,2.7513504028320312,2.6446270942687984
