mode,load,0_densenet161-32,1_mobilenet_v2-32,2_resnet18-32,3_squeezenet1_1-4
mps-uncap,1.0,75.26254653930664,19.260764122009277,15.26885032653809,10.90860366821289
