mode,load,0_efficientnet_b7-2,1_mobilenet_v3_large-32,2_resnet152-4
mps-uncap,1.0,27.81820297241211,7.961034774780273,18.352270126342773
