mode,load,0_densenet169-32,1_densenet169-32,2_mobilenet_v2-32,3_mobilenet_v3_small-2
mps-uncap,1.0,61.795711517333984,61.818718910217285,23.468494415283203,17.793703079223636
