mode,load,0_mobilenet_v2-4,1_mobilenet_v2-8,2_resnet101-32
mps-uncap,1.0,3.3843517303466797,4.134178161621094,22.289752960205078
