mode,load,0_mobilenet_v2-4,1_mobilenet_v2-8,2_resnet101-32
mps-uncap,1.0,647.4118918523843,1230.8785871139648,1371.8090202883293
