mode,load,0_densenet169-8,1_inception_v3-16,2_resnet152-2
mps-uncap,1.0,14.987945556640625,10.860919952392578,12.786626815795898
