mode,load,0_densenet169-8,1_inception_v3-16,2_resnet152-2
mps-uncap,1.0,15.325784683227539,11.016249656677246,13.446605205535887
