mode,load,0_densenet169-8,1_inception_v3-16,2_resnet152-2
mps-uncap,1.0,14.012813568115234,10.625839233398438,12.08186149597168
