mode,load,0_efficientnet_b7-2,1_resnet152-32,2_resnet34-4
mps-uncap,1.0,17.919540405273438,29.52432632446289,5.166769027709961
