mode,load,0_squeezenet1_1-4,1_vgg16-8
mps-uncap,1.0,4.584312438964844,6.080865859985352
