mode,load,0_mobilenet_v2-4,1_resnet101-8,2_resnet34-4
mps-uncap,1.0,0.0059604644775390625,0.000476837158203125,0.0007152557373046875
