mode,load,0_mobilenet_v2-32,1_resnet101-4,2_squeezenet1_1-8,3_vgg16-32
mps-uncap,1.0,28.740644454956055,68.80378723144531,17.947912216186523,23.32329750061035
