mode,load,0_vgg13-32,1_vgg19-32,2_resnet34-2
mps-uncap,1.0,0.000476837158203125,0.000476837158203125,0.0019073486328125
mig,1.0,0.000476837158203125,0.000476837158203125,0.0011920928955078125
