mode,load,0_densenet121-16,1_mobilenet_v3_small-8
mps-uncap,1.0,12.271404266357422,4.843235015869141
