mode,load,0_densenet121-16,1_mobilenet_v3_small-8
mps-uncap,1.0,1567.6662855005156,2783.894785600082
