mode,load,0_densenet169-16,1_resnet18-16,2_vgg16-32
mps-uncap,1.0,42.662858963012695,4.779577255249023,20.035505294799805
