mode,load,0_mobilenet_v2-32,1_mobilenet_v3_large-4,2_resnet101-32,3_resnet101-8
mps-uncap,1.0,14.455795288085938,13.002634048461914,39.07740116119385,33.71596336364746
