mode,load,0_densenet121-4,1_densenet169-16,2_inception_v3-32,3_mobilenet_v2-32
mps-uncap,1.0,35.45355796813965,52.18315124511719,38.03706169128418,23.52762222290039
