mode,load,0_densenet121-4,1_densenet169-16,2_inception_v3-32,3_mobilenet_v2-32
mps-uncap,1.0,32.6531982421875,47.90693283081055,33.424649238586426,17.673587799072266
