mode,load,0_densenet121-4,1_densenet169-16,2_inception_v3-32,3_mobilenet_v2-32
mps-uncap,1.0,17.188549041748047,34.902095794677734,22.192955017089844,8.281707763671875
