mode,load,0_densenet121-4,1_densenet169-16,2_inception_v3-32,3_mobilenet_v2-32
mps-uncap,1.0,17.18878746032715,34.902334213256836,22.193193435668945,8.281707763671875
