mode,load,0_densenet121-4,1_densenet169-16,2_inception_v3-32,3_mobilenet_v2-32
mps-uncap,1.0,35.45355796813965,52.18338966369629,38.03730010986328,23.527860641479492
