mode,load,0_densenet201-8,1_resnet50-8,2_vgg11-2
mps-uncap,1.0,29.815196990966797,10.308980941772461,4.505395889282227
