mode,load,0_densenet201-8,1_resnet50-8,2_vgg11-2
mps-uncap,1.0,29.068613052368164,9.771034717559814,3.581821918487548
