mode,load,0_resnet34-16,1_vgg19-2,2_vgg19-8
mps-uncap,1.0,18.170619010925293,9.774560928344725,10.279104709625244
