mode,load,0_alexnet-4,1_densenet201-16
mps-uncap,1.0,2.079970836639404,22.137532234191895
