mode,load,0_vgg13-16,1_vgg16-4
mps-uncap,1.0,10.355234146118164,10.351419448852539
