mode,load,0_densenet201-4,1_inception_v3-32,2_mobilenet_v2-32,3_vgg16-2
mps-uncap,1.0,46.566009521484375,17.150163650512695,8.738279342651367,3.3860206604003906
