mode,load,0_densenet201-4,1_inception_v3-32,2_mobilenet_v2-32,3_vgg16-2
mps-uncap,1.0,55.257456302642815,31.270384788513184,13.590574264526367,9.218454360961914
