mode,load,0_resnet18-2,1_squeezenet1_1-4
mps-uncap,1.0,1.237630844116211,1.2531280517578125
