mode,load,0_densenet201-2,1_densenet201-2
mig,1.0,13.37575912475586,15.923500061035156
