mode,load,0_densenet201-2,1_densenet201-2
mig,1.0,15.906333923339844,14.633655548095703
