mode,load,0_densenet201-2,1_densenet201-2
mig,1.0,16.713380813598633,15.338420867919922
