mode,load,0_mobilenet_v3_large-2,1_resnet34-16
mps-uncap,1.0,3.9827823638916016,5.301713943481445
