mode,load,0_mobilenet_v3_large-2,1_resnet34-16
mps-uncap,1.0,674.1113218142189,4003.545235530188
