mode,load,0_mobilenet_v2-32,1_resnet18-4,2_resnet34-32,3_squeezenet1_0-16
mps-uncap,1.0,14.53092098236084,10.088014602661133,18.261337280273438,10.506868362426758
