mode,load,0_mobilenet_v2-32,1_resnet18-4,2_resnet34-32,3_squeezenet1_0-16
mps-uncap,1.0,13.735532760620117,7.7228546142578125,16.855478286743164,8.709430694580078
