mode,load,0_densenet201-4,1_inception_v3-32,2_mobilenet_v2-32,3_vgg11-8
mps-uncap,1.0,68.82238388061523,16.909122467041016,11.368989944458008,4.412412643432617
