mode,load,0_densenet169-2,1_vgg16-16
mps-uncap,1.0,36.35406494140625,10.028839111328125
