mode,load,0_squeezenet1_0-2,1_vgg19-32
mps-uncap,1.0,16.54052734375,22.915987968444824
