mode,load,0_densenet169-8,1_densenet201-4,2_inception_v3-8
mps-uncap,1.0,13.136019706726074,16.97972297668457,8.759598731994629
