mode,load,0_mobilenet_v3_large-8,1_squeezenet1_1-16
mps-uncap,1.0,3.836355209350585,2.581357955932617
