mode,load,0_mobilenet_v2-32,1_mobilenet_v3_large-16,2_resnet101-32,3_vgg11-32
mps-uncap,1.0,40.130615234375,45.880794525146484,94.28930282592773,19.959688186645508
