mode,load,0_inception_v3-32,1_densenet201-16,2_resnet101-4
mps-uncap,1.0,30.345916748046875,50.35829544067383,28.214216232299805
mig,1.0,34.81936454772949,59.739112854003906,25.600910186767578
