mode,load,0_inception_v3-32,1_densenet201-16,2_resnet101-4
mps-uncap,1.0,16.973495483398438,36.238670349121094,9.564876556396484
mig,1.0,19.748687744140625,45.52578926086426,11.017322540283203
