mode,load,0_inception_v3-32,1_densenet201-16,2_resnet101-4
mps-uncap,1.0,30.345916748046875,50.35829544067383,28.214454650878906
mig,1.0,34.819602966308594,59.73935127258301,25.60114860534668
