mode,load,0_densenet169-2,1_mobilenet_v2-32,2_mobilenet_v2-32,3_squeezenet1_1-2
mps-uncap,1.0,35.64858436584473,12.882232666015625,12.802600860595703,10.276556015014648
