mode,load,0_densenet161-4,1_resnet101-16
mps-uncap,1.0,10.307788848876953,11.974811553955078
