mode,load,0_efficientnet_b5-4,1_mobilenet_v2-32,2_resnet101-32,3_resnet34-16
mps-uncap,1.0,53.52044105529785,17.676830291748047,40.65108299255371,21.205663681030273
