mode,load,0_resnet18-2,1_vgg13-8,2_vgg16-4
mps-uncap,1.0,3.618955612182617,5.8460235595703125,6.755590438842773
