mode,load,0_resnet18-2,1_vgg13-8,2_vgg16-4
mps-uncap,1.0,7.163882255554199,6.87098503112793,8.304119110107422
