mode,load,0_resnet18-2,1_vgg13-8,2_vgg16-4
mps-uncap,1.0,8.913536071777344,7.425804138183594,9.82400894165039
