mode,load,0_efficientnet_b7-32,1_vgg13-2,2_vgg19-4
mps-uncap,1.0,365.9535740146739,319.27861643197986,363.0081470813667
