mode,load,0_densenet201-16,1_efficientnet_b6-16
mps-uncap,1.0,37.82072067260742,28.455209732055664
