mode,load,0_resnet18-16,1_vgg16-4
mps-uncap,1.0,6.135463714599609,5.934238433837891
