mode,load,0_alexnet-32,1_resnet18-8
mps-uncap,1.0,2.3767948150634766,2.5441646575927734
