mode,load,0_densenet161-4,1_mobilenet_v2-16,2_mobilenet_v2-32,3_resnet18-32
mps-uncap,1.0,52.26013660430908,11.850237846374512,13.371729850769043,10.598659515380861
