mode,load,0_densenet161-32,1_vgg11-32,2_vgg19-32
mps-uncap,1.0,296.02525711059576,31.611013412475575,48.85037422180176
