mode,load,0_alexnet-2,1_densenet169-4
mps-uncap,1.0,0.8666515350341797,10.871858596801758
