mode,load,0_mobilenet_v3_large-4,1_vgg16-32
mps-uncap,1.0,19.148588180541992,20.36428451538086
