mode,load,0_mobilenet_v2-32,1_resnet50-32,2_squeezenet1_1-8,3_squeezenet1_1-8
mps-uncap,1.0,16.431379318237305,22.954895496368408,11.960906982421873,11.604394912719732
