mode,load,0_densenet121-16,1_mobilenet_v2-32,2_mobilenet_v3_large-2,3_resnet152-32
mps-uncap,1.0,42.03963279724121,18.83697509765625,20.37787437438965,53.862571716308594
