mode,load,0_densenet121-16,1_mobilenet_v2-32,2_mobilenet_v3_large-2,3_resnet152-32
mps-uncap,1.0,42.03987121582031,18.837451934814453,20.37811279296875,53.862571716308594
