mode,load,0_densenet121-4,1_mobilenet_v2-32,2_mobilenet_v3_large-16,3_resnet50-32
mps-uncap,1.0,21.771907806396484,10.502099990844727,8.8958740234375,19.065380096435547
