mode,load,0_mobilenet_v2-32,1_mobilenet_v3_small-16,2_resnet152-2,3_resnet34-32
mps-uncap,1.0,22.509098052978516,21.103858947753906,37.679433822631836,23.221254348754883
