mode,load,0_densenet161-2,1_mobilenet_v2-32,2_mobilenet_v2-32,3_resnet152-16
mps-uncap,1.0,51.82411670684813,18.936142921447754,18.940649032592773,49.00115728378296
