mode,load,0_mobilenet_v3_small-2,1_resnet18-16
mps-uncap,1.0,2.498149871826172,2.4979114532470703
