mode,load,0_resnet18-32,1_vgg11-16,2_vgg19-16
mps-uncap,1.0,18.895626068115234,7.9364776611328125,20.569801330566406
