mode,load,0_llama-8,1_bert-2
mps-uncap,1.0,150.31061172485352,5.112409591674805
