mode,load,0_squeezenet1_0-32,1_vgg13-2,2_vgg19-2
mps-uncap,1.0,10.942459106445312,8.771657943725586,10.573148727416992
