mode,load,0_squeezenet1_0-32,1_vgg13-2,2_vgg19-2
mps-uncap,1.0,3338.21613710769,393.0927054884776,237.50153707588947
