mode,load,0_inception_v3-2,1_mobilenet_v2-2
mps-uncap,1.0,4.975080490112305,2.2640228271484375
