mode,load,0_inception_v3-2,1_mobilenet_v2-2
mps-uncap,1.0,4.798650741577148,2.2122859954833984
