mode,load,0_efficientnet_b6-32,1_resnet50-16,2_vgg16-4
mps-uncap,1.0,77.72541046142578,31.44073486328125,15.82026481628418
