mode,load,0_alexnet-8,1_efficientnet_b5-2,2_resnet101-8
mps-uncap,1.0,4887.57978541851,126.0263248950274,656.5617715190205
