mode,load,0_mobilenet_v2-32,1_resnet101-32,2_squeezenet1_0-2,3_vgg16-2
mps-uncap,1.0,15.238285064697266,43.04146766662598,7.866144180297852,7.965087890625
