mode,load,0_densenet121-32,1_mobilenet_v2-32,2_mobilenet_v3_large-8,3_resnet101-16
mps-uncap,1.0,45.31240463256836,18.570661544799805,20.554780960083008,36.70239448547363
