mode,load,0_densenet121-32,1_mobilenet_v2-32,2_mobilenet_v3_large-8,3_resnet101-16
mps-uncap,1.0,39.510488510131836,9.547710418701172,7.024049758911133,20.779132843017578
