mode,load,0_vgg11-2,1_vgg19-2
mps-uncap,1.0,3.8225650787353516,4.751920700073242
