mode,load,0_vgg11-2,1_vgg19-2
mps-uncap,1.0,2.576112747192383,3.7508010864257812
