mode,load,0_vgg11-2,1_vgg19-2
mps-uncap,1.0,2.8301715850830074,4.0651774406433105
