mode,load,0_efficientnet_b5-4,1_mobilenet_v2-32,2_resnet101-32,3_vgg11-16
mps-uncap,1.0,30.1363468170166,19.260644912719727,56.140899658203125,8.158683776855469
