mode,load,0_mobilenet_v2-32,1_resnet18-32,2_resnet18-8,3_squeezenet1_0-16
mps-uncap,1.0,0.000476837158203125,0.000476837158203125,0.003814697265625,0.000476837158203125
