mode,load,0_mobilenet_v2-32,1_resnet18-32,2_resnet18-8,3_squeezenet1_0-16
mps-uncap,1.0,15.774250030517578,12.506484985351562,9.568929672241211,10.374784469604492
