mode,load,0_densenet169-32,1_efficientnet_b5-4,2_mobilenet_v2-32,3_vgg13-8
mps-uncap,1.0,86.84618473052979,66.733717918396,21.831655502319336,10.213494300842285
