mode,load,0_densenet201-32,1_mobilenet_v2-32,2_resnet18-8,3_vgg11-2
mps-uncap,1.0,73.95792007446289,17.615079879760742,14.32490348815918,11.393070220947266
