mode,load,0_densenet169-16,1_efficientnet_b5-16,2_resnet101-32
mps-uncap,1.0,38.150787353515625,38.07473182678223,23.38409423828125
