mode,load,0_densenet169-16,1_efficientnet_b5-16,2_resnet101-32
mps-uncap,1.0,53.80702018737793,44.88372802734375,33.97326469421387
