mode,load,0_resnet18-2,1_resnet18-2
mig,1.0,1.577615737915039,1.959085464477539
