mode,load,0_densenet121-8,1_densenet169-8,2_densenet169-8
mps-uncap,1.0,9.34457778930664,13.361692428588867,12.877702713012695
