mode,load,0_densenet121-2,1_densenet169-32,2_mobilenet_v2-32,3_mobilenet_v2-32
mps-uncap,1.0,61.17717288159643,557.2776566487922,2350.1934868981875,2350.186250396992
