mode,load,0_densenet121-8,1_densenet169-4,2_efficientnet_b7-32
mps-uncap,1.0,28.80573272705078,38.72215747833252,57.74712562561035
