mode,load,0_densenet121-16,1_mobilenet_v2-32,2_squeezenet1_0-4,3_vgg16-32
mps-uncap,1.0,103.93252372741699,39.10365104675293,25.288963317871094,28.745174407958984
