mode,load,0_densenet121-16,1_mobilenet_v2-32,2_squeezenet1_0-4,3_vgg16-32
mps-uncap,1.0,106.27285003662108,43.37466239929199,28.01906824111938,30.54308891296386
