mode,load,0_densenet121-16,1_mobilenet_v2-32,2_squeezenet1_0-4,3_vgg16-32
mps-uncap,1.0,60.457468032836914,16.29805564880371,2.3779869079589844,23.00715446472168
