mode,load,0_densenet121-16,1_mobilenet_v2-32,2_squeezenet1_0-4,3_vgg16-32
mps-uncap,1.0,110.50987243652344,45.95685005187988,29.20055389404297,43.23172569274902
