mode,load,0_mobilenet_v3_large-32,1_resnet18-32
mps-uncap,1.0,10.586023330688477,7.99560546875
