mode,load,0_efficientnet_b5-8,1_resnet50-4,2_vgg13-8
mps-uncap,1.0,42.52673149108887,15.890026092529295,6.9156622886657715
