mode,load,0_efficientnet_b5-8,1_resnet50-4,2_vgg13-8
mps-uncap,1.0,18.83721351623535,10.860204696655273,5.315065383911133
