mode,load,0_efficientnet_b5-8,1_resnet50-4,2_vgg13-8
mps-uncap,1.0,41.68109893798828,14.679241180419922,6.577253341674805
