mode,load,0_efficientnet_b5-8,1_resnet50-4,2_vgg13-8
mps-uncap,1.0,40.49479961395264,13.096809387207031,5.951881408691406
