mode,load,0_alexnet-4,1_alexnet-2,2_inception_v3-4
mps-uncap,1.0,0.000476837158203125,0.000476837158203125,0.000476837158203125
mig,1.0,0.000476837158203125,0.000476837158203125,0.000476837158203125
