mode,load,0_densenet169-16,1_densenet169-2,2_vgg11-4
mps-uncap,1.0,28.738737106323242,23.68760108947754,5.261659622192383
