mode,load,0_squeezenet1_1-32,1_vgg19-16
mps-uncap,1.0,13.567686080932617,14.211893081665039
