mode,load,0_squeezenet1_1-32,1_vgg19-16
mps-uncap,1.0,16.04318618774414,16.454219818115234
