mode,load,0_mobilenet_v3_large-2,1_resnet152-2
mps-uncap,1.0,2.8870105743408203,8.254897594451904
