mode,load,0_vgg11-2,1_vgg16-8
mps-uncap,1.0,4.559836387634277,7.3710274696350115
