mode,load,0_mobilenet_v2-32,1_resnet18-32,2_resnet34-8,3_vgg13-4
mps-uncap,1.0,15.873026847839355,12.527704238891602,18.70405673980713,9.391260147094727
