mode,load,0_efficientnet_b5-16,1_mobilenet_v3_small-32,2_vgg11-32
mps-uncap,1.0,85.53750991821288,26.50011539459229,14.281411170959473
