mode,load,0_densenet121-8,1_resnet18-4,2_vgg11-4
mps-uncap,1.0,14.937639236450195,1.8107891082763672,2.3081302642822266
