mode,load,0_mobilenet_v3_large-8,1_resnet101-2
mps-uncap,1.0,2.6807785034179688,5.160331726074219
