mode,load,0_densenet161-32,1_densenet161-32,2_mobilenet_v2-2,3_mobilenet_v2-32
mps-uncap,1.0,46.37956619262695,70.31941413879395,4.325389862060547,10.273933410644531
