mode,load,0_alexnet-4,1_densenet169-4,2_inception_v3-32,3_mobilenet_v2-32
mps-uncap,1.0,1.0113716125488281,26.392698287963867,15.450239181518555,8.467912673950195
