mode,load,0_alexnet-4,1_densenet169-4,2_inception_v3-32,3_mobilenet_v2-32
mps-uncap,1.0,1591.51876110345,115.98697247545815,1292.3043429525155,3234.9234835513153
