mode,load,0_efficientnet_b5-4,1_resnet152-8,2_vgg16-16
mps-uncap,1.0,28.733491897583008,26.927471160888672,10.36977767944336
