mode,load,0_efficientnet_b5-4,1_resnet152-8,2_vgg16-16
mps-uncap,1.0,28.733491897583008,26.927709579467773,10.370016098022461
