mode,load,0_densenet169-2,1_efficientnet_b6-4,2_vgg19-16
mps-uncap,1.0,51.02575778961181,51.78060531616211,13.468523025512692
