mode,load,0_vgg16-16,1_vgg16-16
mig,0.1,0.062465667724609375,0.060677528381347656
mig,0.2,0.05936622619628906,0.0591278076171875
mig,0.3,0.056862831115722656,0.06222724914550781
mig,0.4,0.05435943603515625,0.06437301635742188
mig,0.5,0.0591278076171875,7.477283477783203
mig,0.6,3.495931625366211,12.983560562133789
mig,0.7,9.103655815124512,26.289939880371094
mig,0.8,14.72938060760498,178.44772338867188
mig,0.9,29.92701530456543,1664.0920639038086
mig,1.0,68.74692440032959,4163.694381713867
