mode,load,0_efficientnet_b6-32,1_inception_v3-32
mps-uncap,1.0,47.3876953125,32.93142318725587
