mode,load,0_efficientnet_b6-32,1_inception_v3-32
mps-uncap,1.0,47.945261001586914,34.691810607910156
