mode,load,0_densenet201-4,1_efficientnet_b6-8,2_mobilenet_v2-4
mps-uncap,1.0,206.25032443013075,474.4608736651698,1422.7811053666449
