mode,load,0_efficientnet_b5-8,1_inception_v3-16,2_mobilenet_v2-32,3_resnet18-32
mps-uncap,1.0,42.24085807800293,30.06744384765625,12.476921081542969,9.406089782714844
