mode,load,0_vgg11-32,1_vgg11-4
mps-uncap,1.0,2699.3547727573955,337.4842441153081
