mode,load,0_densenet161-2,1_mobilenet_v2-32,2_resnet50-32,3_vgg11-8
mps-uncap,1.0,84.05017852783203,23.387670516967773,32.117605209350586,12.401580810546875
