mode,load,0_densenet169-8,1_mobilenet_v2-32,2_resnet152-8,3_resnet50-32
mps-uncap,1.0,61.52462005615235,17.623422145843506,56.17738723754883,24.090120792388916
