mode,load,0_densenet161-32,1_efficientnet_b5-2,2_resnet34-16
mps-uncap,1.0,44.702351093292236,31.43695831298828,15.256958007812502
