mode,load,0_densenet169-16,1_densenet169-32,2_mobilenet_v2-32,3_squeezenet1_1-4
mps-uncap,1.0,50.09818077087402,53.97629737854004,12.285470962524414,6.423830986022949
