mode,load,0_alexnet-8,1_mobilenet_v2-32,2_mobilenet_v2-32,3_mobilenet_v3_small-8
mps-uncap,1.0,2.313375473022461,12.283563613891602,12.279987335205078,9.363651275634766
