mode,load,0_alexnet-8,1_mobilenet_v2-32,2_mobilenet_v2-32,3_mobilenet_v3_small-8
mps-uncap,1.0,6.259441375732422,12.46027946472168,12.443828582763672,11.506152153015137
