mode,load,0_vgg19-32,1_vgg19-32
mig,1.0,149.12867546081543,121.94697856903076
