mode,load,0_vgg19-32,1_vgg19-32
mig,1.0,264.69069930684975,321.11204298857274
