mode,load,0_inception_v3-16,1_vgg16-8
mps-uncap,1.0,21.065235137939453,5.576372146606445
