mode,load,0_inception_v3-2,1_inception_v3-4,2_mobilenet_v2-32,3_resnet152-32
mps-uncap,1.0,38.51723670959473,33.77842903137207,24.848461151123047,60.26768684387207
