mode,load,0_mobilenet_v2-2,1_squeezenet1_1-32,2_squeezenet1_1-8
mps-uncap,1.0,4.505395889282227,4.486560821533203,3.3621788024902344
