mode,load,0_mobilenet_v2-2,1_squeezenet1_1-32,2_squeezenet1_1-8
mps-uncap,1.0,0.000476837158203125,0.000476837158203125,0.000476837158203125
