mode,load,0_alexnet-16,1_efficientnet_b5-32,2_resnet50-4
mps-uncap,1.0,5.302376747131348,43.94430398941041,19.13557052612305
