mode,load,0_densenet121-2,1_vgg13-4,2_vgg19-16
mps-uncap,1.0,45.20153999328613,9.072303771972656,14.83452320098877
