mode,load,0_mobilenet_v2-32,1_resnet101-16,2_resnet152-32,3_resnet18-4
mps-uncap,1.0,17.559862136840824,40.012359619140625,59.24391746520996,11.129498481750488
