mode,load,0_inception_v3-8,1_vgg13-16
mps-uncap,1.0,13.631820678710938,7.911920547485352
