mode,load,0_efficientnet_b6-4,1_mobilenet_v2-32,2_mobilenet_v2-32,3_resnet34-2
mps-uncap,1.0,39.88046646118165,14.850425720214844,14.882612228393555,12.978768348693848
