mode,load,0_densenet121-4,1_vgg16-2
mps-uncap,1.0,10.622835159301756,2.6350021362304688
