mode,load,0_densenet121-32,1_densenet201-8,2_vgg13-16
mps-uncap,1.0,64.28837776184082,87.49079704284668,10.119199752807617
