mode,load,0_densenet121-32,1_densenet201-8,2_vgg13-16
mps-uncap,1.0,70.00851631164551,100.30007362365723,15.112161636352539
