mode,load,0_densenet121-32,1_densenet201-8,2_vgg13-16
mps-uncap,1.0,496.5125907208617,90.91584965075934,1512.0663437223393
