mode,load,0_efficientnet_b6-8,1_mobilenet_v2-32,2_mobilenet_v3_large-2,3_resnet34-32
mps-uncap,1.0,44.2659854888916,11.305809020996094,10.355591773986816,14.03355598449707
