mode,load,0_densenet201-4,1_mobilenet_v2-32,2_mobilenet_v3_small-8,3_vgg16-32
mps-uncap,1.0,129.08995151519775,26.066303253173828,25.708675384521484,25.831222534179688
