mode,load,0_densenet161-32,1_mobilenet_v2-32,2_mobilenet_v2-4,3_mobilenet_v3_large-32
mps-uncap,1.0,69.8779845237732,19.995622634887695,18.254365921020504,22.66892671585083
