mode,load,0_densenet169-32,1_mobilenet_v2-32,2_resnet18-8,3_resnet50-4
mps-uncap,1.0,52.60729789733887,14.724016189575195,9.337091445922852,16.028833389282227
