mode,load,0_efficientnet_b5-2,1_resnet50-16
mps-uncap,1.0,14.79100227355957,7.46553897857666
