mode,load,0_efficientnet_b5-32,1_efficientnet_b5-32
mig,1.0,666.0399319996826,557.6855649573604
