mode,load,0_alexnet-32,1_inception_v3-2,2_vgg11-32
mps-uncap,1.0,9.29911136627197,48.71077537536622,12.909841537475586
