mode,load,0_alexnet-32,1_inception_v3-2,2_vgg11-32
mps-uncap,1.0,9.299135208129881,48.71079921722412,12.909841537475586
