mode,load,0_mobilenet_v3_large-4,1_resnet18-8,2_vgg11-32
mps-uncap,1.0,20.406723022460938,13.978242874145508,14.102697372436523
