mode,load,0_mobilenet_v3_large-8,1_vgg13-8
mps-uncap,1.0,6.467342376708984,4.653692245483398
