mode,load,0_efficientnet_b5-2,1_mobilenet_v2-32,2_resnet18-2,3_vgg19-32
mps-uncap,1.0,103.02472114562988,32.09877014160156,24.402141571044922,29.417991638183594
