mode,load,0_densenet169-2,1_squeezenet1_1-8,2_vgg19-4
mps-uncap,1.0,17.095088958740234,3.197908401489258,4.995107650756836
