mode,load,0_densenet169-2,1_squeezenet1_1-8,2_vgg19-4
mps-uncap,1.0,19.568920135498047,4.301786422729492,6.394863128662109
