mode,load,0_efficientnet_b6-32,1_resnet152-16,2_vgg16-8
mps-uncap,1.0,92.1867847442627,78.10888290405273,13.227319717407225
