mode,load,0_densenet121-2,1_vgg13-16
mps-uncap,1.0,28.39967727661132,8.730173110961914
