mode,load,0_efficientnet_b5-8,1_mobilenet_v2-32,2_resnet34-32,3_resnet50-2
mps-uncap,1.0,208.03394707158807,2753.326700796525,2206.836707146658,158.57117230212344
