mode,load,0_alexnet-2,1_densenet201-16,2_squeezenet1_1-16
mps-uncap,1.0,0.0002384185791015625,0.0002384185791015625,0.0002384185791015625
