mode,load,0_alexnet-2,1_densenet201-16,2_squeezenet1_1-16
mps-uncap,1.0,1533.8309204986483,508.9256023414336,4242.4822379934885
