mode,load,0_squeezenet1_0-2,1_vgg13-2
mps-uncap,1.0,1.9421577453613281,1.9185543060302734
