mode,load,0_squeezenet1_0-2,1_vgg13-2
mps-uncap,1.0,3.1766891479492188,3.1299591064453125
