mode,load,0_squeezenet1_0-2,1_vgg13-2
mps-uncap,1.0,2.2534370422363277,2.0428466796875
