mode,load,0_alexnet-8,1_densenet161-32
mps-uncap,1.0,3.780150413513184,41.257572174072266
