mode,load,0_mobilenet_v2-32,1_mobilenet_v3_small-16,2_resnet101-32,3_vgg11-4
mps-uncap,1.0,14.579176902770996,12.776494026184082,42.2896146774292,5.857348442077637
