mode,load,0_densenet201-4,1_densenet201-4,2_densenet201-4,3_densenet201-4
mig,1.0,14.719247817993164,14.9674654006958,14.899969100952148,27.2371768951416
