mode,load,0_alexnet-8,1_mobilenet_v2-32,2_mobilenet_v3_small-8,3_resnet101-32
mps-uncap,1.0,3.3349990844726562,14.588356018066406,11.556863784790039,41.7780876159668
