mode,load,0_densenet161-8,1_mobilenet_v2-16,2_resnet50-16
mps-uncap,1.0,34.91973876953125,7.032155990600586,12.087583541870117
