mode,load,0_densenet161-8,1_mobilenet_v2-16,2_resnet50-16
mps-uncap,1.0,14.136552810668945,5.234003067016602,10.218381881713867
