mode,load,0_densenet169-8,1_mobilenet_v3_large-2,2_resnet50-32
mps-uncap,1.0,0.0002384185791015625,0.0002384185791015625,0.0002384185791015625
