mode,load,0_densenet169-8,1_mobilenet_v3_large-2,2_resnet50-32
mps-uncap,1.0,15.590667724609375,3.6656856536865234,12.736320495605469
