mode,load,0_densenet169-8,1_mobilenet_v3_large-2,2_resnet50-32
mps-uncap,1.0,31.359434127807617,6.949186325073242,13.355016708374023
