mode,load,0_inception_v3-8,1_squeezenet1_1-4
mps-uncap,1.0,6.227431297302244,1.6742038726806647
