mode,load,0_densenet161-8,1_inception_v3-32,2_mobilenet_v2-32,3_vgg19-8
mps-uncap,1.0,82.61550903320312,55.64339637756347,25.21913528442384,17.573742866516113
