mode,load,0_densenet161-8,1_inception_v3-32,2_mobilenet_v2-32,3_vgg19-8
mps-uncap,1.0,79.42099571228027,54.26137447357178,22.673797607421882,15.45257568359375
