mode,load,0_densenet161-8,1_inception_v3-32,2_mobilenet_v2-32,3_vgg19-8
mps-uncap,1.0,105.44526100510421,620.3993226018326,1613.1703461538536,617.1922816428183
