mode,load,0_resnet50-32,1_resnet50-32,2_resnet50-32,3_resnet50-32
mig,1.0,39.05200958251953,39.23773765563965,39.243459701538086,76.30324363708496
