mode,load,0_resnet50-32,1_resnet50-32,2_resnet50-32,3_resnet50-32
mig,1.0,39.42139148712158,39.580321311950684,39.59941864013672,76.93734169006348
