mode,load,0_mobilenet_v2-32,1_mobilenet_v2-32,2_resnet18-8,3_resnet50-32
mps-uncap,1.0,19.429874420166016,19.286680221557617,14.623022079467773,27.925586700439453
