mode,load,0_mobilenet_v2-32,1_mobilenet_v2-32,2_resnet18-8,3_resnet50-32
mps-uncap,1.0,20.804643630981445,20.74456214904785,17.02427864074707,29.065847396850586
