mode,load,0_densenet161-32,1_squeezenet1_1-2
mps-uncap,1.0,33.610167503356934,7.777690887451172
