mode,load,0_densenet169-2,1_densenet169-8,2_mobilenet_v2-32,3_vgg13-32
mps-uncap,1.0,112.63442039489746,119.34316158294678,32.40234851837158,19.79851722717285
