mode,load,0_densenet121-4,1_mobilenet_v2-32,2_resnet152-32,3_squeezenet1_0-16
mps-uncap,1.0,46.822524070739746,20.205593109130863,65.3839111328125,14.316225051879885
