mode,load,0_densenet169-32,1_efficientnet_b7-16,2_mobilenet_v2-32,3_resnet101-2
mps-uncap,1.0,57.10959434509277,44.930458068847656,9.462594985961914,20.900249481201172
