mode,load,0_alexnet-32,1_vgg19-16
mps-uncap,1.0,7.611274719238281,14.305353164672852
