mode,load,0_densenet161-32,1_efficientnet_b5-8,2_mobilenet_v2-32,3_vgg13-2
mps-uncap,1.0,74.07910823822021,55.96194267272949,19.5277214050293,8.36458206176758
