mode,load,0_alexnet-4,1_efficientnet_b5-16,2_mobilenet_v3_large-32
mps-uncap,1.0,2.9794692993164062,29.14285659790039,12.491369247436523
