mode,load,0_alexnet-4,1_efficientnet_b5-16,2_mobilenet_v3_large-32
mps-uncap,1.0,0.0002384185791015625,0.0002384185791015625,0.0002384185791015625
