mode,load,0_mobilenet_v2-32,1_mobilenet_v2-4,2_resnet34-32,3_resnet34-8
mps-uncap,1.0,15.529537200927734,12.471914291381836,17.84979820251465,15.139207839965824
