mode,load,0_densenet169-2,1_densenet169-32,2_mobilenet_v2-32,3_resnet50-32
mps-uncap,1.0,63.34686279296875,72.50142097473145,20.685482025146484,28.018927574157715
