mode,load,0_densenet169-2,1_densenet169-32,2_mobilenet_v2-32,3_resnet50-32
mps-uncap,1.0,64.5555329322815,73.96650314331055,21.80375099182129,28.619797229766846
