mode,load,0_densenet201-32,1_densenet201-4,2_mobilenet_v2-32,3_vgg11-4
mps-uncap,1.0,82.73015022277832,71.6907262802124,20.66818952560424,11.096563339233398
