mode,load,0_densenet201-32,1_densenet201-4,2_mobilenet_v2-32,3_vgg11-4
mps-uncap,1.0,74.43094253540039,22.03226089477539,12.042760848999023,2.5718212127685547
