mode,load,0_densenet121-8,1_efficientnet_b5-4,2_resnet152-32
mps-uncap,1.0,0.000476837158203125,0.000476837158203125,0.000476837158203125
