mode,load,0_densenet161-4,1_vgg13-2,2_vgg16-16
mps-uncap,1.0,70.03686428070068,9.178924560546875,12.822246551513672
