mode,load,0_densenet161-4,1_vgg13-2,2_vgg16-16
mps-uncap,1.0,59.84277498176388,264.95897287461315,1296.191539679676
