mode,load,0_bert-2,1_bert-2,2_bert-32,3_mobilenet_v3_small-2
mps-uncap,1.0,10.854005813598633,11.484384536743164,26.450634002685547,4.728794097900391
