mode,load,0_densenet161-16,1_densenet161-32,2_mobilenet_v2-32,3_resnet50-4
mps-uncap,1.0,69.73075866699219,74.40924644470215,24.337053298950195,30.140161514282227
