mode,load,0_densenet161-16,1_densenet161-32,2_mobilenet_v2-32,3_resnet50-4
mps-uncap,1.0,68.4302568435669,71.99773788452148,18.907690048217773,23.13551902770996
