mode,load,0_inception_v3-8,1_mobilenet_v2-32,2_resnet50-32,3_squeezenet1_1-4
mps-uncap,1.0,273.5118157077373,2385.3743020305105,1590.3570434540607,596.3097707352889
