mode,load,0_efficientnet_b7-2,1_mobilenet_v2-32,2_vgg11-32,3_vgg11-8
mps-uncap,1.0,135.39886474609375,30.693531036376953,15.394330024719238,14.543771743774414
