mode,load,0_inception_v3-2,1_mobilenet_v2-32,2_mobilenet_v3_small-4,3_resnet18-32
mps-uncap,1.0,107.19679767445744,3256.297621904144,531.1685758163567,4246.772366871166
