mode,load,0_efficientnet_b6-16,1_resnet152-2,2_resnet152-4
mps-uncap,1.0,26.759624481201172,19.81067657470703,19.13309097290039
