mode,load,0_efficientnet_b6-16,1_resnet152-2,2_resnet152-4
mps-uncap,1.0,27.4064040184021,21.262285709381104,20.603578090667725
