mode,load,0_efficientnet_b5-32,1_mobilenet_v3_large-2,2_vgg16-16
mps-uncap,1.0,83.30988883972168,22.725868225097656,16.81199073791504
