mode,load,0_densenet201-16,1_densenet201-32,2_efficientnet_b6-8,3_mobilenet_v2-32
mps-uncap,1.0,72.83806800842285,75.75368881225586,57.988882064819336,20.233869552612305
