mode,load,0_densenet201-16,1_densenet201-32,2_efficientnet_b6-8,3_mobilenet_v2-32
mps-uncap,1.0,67.52872467041016,71.56288623809814,51.88870429992676,12.714385986328125
