mode,load,0_densenet121-4,1_mobilenet_v3_large-16,2_resnet101-8
mps-uncap,1.0,11.0626220703125,4.6814680099487305,11.586189270019531
