mode,load,0_densenet121-4,1_densenet169-4,2_vgg11-4
mps-uncap,1.0,7.118940353393555,12.263774871826172,2.0589828491210938
