mode,load,0_alexnet-8,1_inception_v3-32,2_mobilenet_v3_large-4
mps-uncap,1.0,1.6140937805175781,16.29185676574707,4.448413848876953
