mode,load,0_alexnet-8,1_inception_v3-32,2_mobilenet_v3_large-4
mps-uncap,1.0,4404.430422934563,1962.6747550429548,788.5688421631719
