mode,load,0_squeezenet1_0-32,1_vgg11-16,2_vgg19-2
mps-uncap,1.0,17.128944396972656,10.439562797546387,15.133070945739746
