mode,load,0_squeezenet1_1-4,1_vgg11-2,2_vgg11-2
mps-uncap,1.0,1472.8145821844284,826.5470058654851,806.9623774328646
