mode,load,0_resnet152-32,1_squeezenet1_1-8,2_vgg13-4
mps-uncap,1.0,50.27823448181152,9.516239166259766,8.676061630249023
