mode,load,0_mobilenet_v2-32,1_mobilenet_v2-8,2_resnet50-32,3_vgg11-4
mps-uncap,1.0,18.57280731201172,15.871381759643553,26.64337158203125,8.79349708557129
