mode,load,0_mobilenet_v2-32,1_mobilenet_v2-8,2_resnet50-32,3_vgg11-4
mps-uncap,1.0,13.082742691040039,6.384134292602539,17.049312591552734,3.4322738647460938
