mode,load,0_alexnet-8,1_efficientnet_b6-32,2_vgg11-16
mps-uncap,1.0,9.713172912597656,102.30588912963867,13.518810272216797
