mode,load,0_vgg11-32,1_vgg11-8
mps-uncap,1.0,14.129762649536135,13.11349868774414
