mode,load,0_densenet121-4,1_efficientnet_b6-2,2_mobilenet_v2-32,3_resnet101-32
mps-uncap,1.0,35.125017166137695,49.47519302368164,16.417503356933594,33.97798538208008
