mode,load,0_alexnet-8,1_densenet121-8
mps-uncap,1.0,1.7020702362060547,10.824203491210938
