mode,load,0_mobilenet_v3_large-32,1_resnet50-32,2_vgg19-8
mps-uncap,1.0,24.417257308959957,30.27962207794189,15.00575542449951
