mode,load,0_squeezenet1_1-8,1_vgg11-32,2_vgg19-4
mps-uncap,1.0,625.0092352015362,2455.5020711868783,250.64835157900816
