mode,load,0_densenet169-32,1_resnet34-32,2_vgg19-2
mps-uncap,1.0,49.891958236694336,18.205442428588867,12.195596694946289
