mode,load,0_densenet169-32,1_resnet34-32,2_vgg19-2
mps-uncap,1.0,676.9473961442116,2242.6996676507893,289.0299313519202
