mode,load,0_mobilenet_v3_large-32,1_squeezenet1_1-32
mps-uncap,1.0,7.735967636108398,4.989743232727051
