mode,load,0_densenet169-8,1_mobilenet_v2-32,2_resnet101-32,3_resnet34-32
mps-uncap,1.0,67.30079650878906,17.597198486328125,46.27370834350586,22.008180618286133
