mode,load,0_densenet169-8,1_mobilenet_v2-32,2_mobilenet_v3_small-4,3_vgg13-32
mps-uncap,1.0,120.66400051116943,32.28759765625,27.536821365356445,19.661688804626465
