mode,load,0_bert-4,1_bert-16,2_mobilenet_v3_large-16,3_resnet101-8
mps-uncap,1.0,5.536317825317383,15.568733215332031,5.401134490966797,16.129732131958008
