mode,load,0_efficientnet_b6-32,1_resnet101-32,2_vgg19-2
mps-uncap,1.0,63.98487091064453,38.686275482177734,6.3114166259765625
