mode,load,0_densenet161-16,1_mobilenet_v2-16,2_mobilenet_v2-32,3_vgg11-32
mps-uncap,1.0,120.77164649963379,16.283750534057617,17.953872680664062,12.221574783325195
