mode,load,0_densenet121-32,1_efficientnet_b7-16,2_mobilenet_v2-32,3_resnet18-4
mps-uncap,1.0,53.69925498962402,81.35457038879395,21.147727966308594,13.030791282653809
