mode,load,0_efficientnet_b5-8,1_efficientnet_b7-8,2_mobilenet_v2-32,3_resnet18-32
mps-uncap,1.0,51.49487495422363,72.0274496078491,19.57657337188721,15.41417360305786
