mode,load,0_densenet201-32,1_mobilenet_v3_small-4,2_vgg11-8
mps-uncap,1.0,68.97234916687012,13.782739639282227,8.596181869506836
