mode,load,0_densenet169-32,1_inception_v3-16,2_mobilenet_v2-32,3_resnet18-2
mps-uncap,1.0,0.0002384185791015625,0.0002384185791015625,0.0002384185791015625,0.0002384185791015625
