mode,load,0_inception_v3-32,1_mobilenet_v3_small-2
mps-uncap,1.0,10.851621627807617,2.424955368041992
