mode,load,0_efficientnet_b5-8,1_inception_v3-32,2_mobilenet_v3_large-32
mps-uncap,1.0,24.649858474731445,16.080856323242188,7.460355758666992
