mode,load,0_resnet34-4,1_resnet34-8
mps-uncap,1.0,4.05120849609375,4.512786865234375
