mode,load,0_efficientnet_b5-8,1_squeezenet1_1-2,2_vgg16-16
mps-uncap,1.0,51.795244216918945,8.873152732849121,11.850690841674805
