mode,load,0_efficientnet_b5-8,1_squeezenet1_1-2,2_vgg16-16
mps-uncap,1.0,161.37432515736523,314.48800527391194,1421.9144655477885
