mode,load,0_resnet34-8,1_resnet50-2,2_squeezenet1_0-8
mps-uncap,1.0,5.722329616546631,5.432403087615967,3.2036423683166504
