mode,load,0_vgg13-32,1_inception_v3-16,2_resnet18-4
mps-uncap,1.0,19.02008056640625,57.410478591918945,11.579513549804688
mig,1.0,36.03923320770264,17.75979995727539,2.864837646484375
