mode,load,0_densenet121-32,1_efficientnet_b7-32,2_inception_v3-16,3_mobilenet_v2-32
mps-uncap,1.0,66.18571281433105,111.95766925811768,49.39901828765869,19.412875175476074
