mode,load,0_densenet121-32,1_efficientnet_b7-32,2_inception_v3-16,3_mobilenet_v2-32
mps-uncap,1.0,77.91256904602051,118.88813972473145,65.14096260070801,38.358211517333984
