mode,load,0_resnet50-2,1_resnet50-2,2_squeezenet1_0-16
mps-uncap,1.0,6.752657890319823,7.103540897369385,4.197359085083008
