mode,load,0_mobilenet_v2-32,1_resnet50-32,2_resnet50-4,3_vgg16-8
mps-uncap,1.0,22.49765396118164,32.4094295501709,27.31466293334961,11.819839477539062
