mode,load,0_alexnet-8,1_densenet201-2,2_resnet152-32
mps-uncap,1.0,2.9606103897094727,34.879350662231445,37.71805763244629
