mode,load,0_mobilenet_v2-32,1_resnet18-2,2_resnet34-4,3_vgg11-32
mps-uncap,1.0,0.0007152557373046875,0.00095367431640625,0.000476837158203125,0.0007152557373046875
