mode,load,0_densenet121-32,1_mobilenet_v2-32,2_resnet101-4,3_vgg11-8
mps-uncap,1.0,27.385711669921875,13.390541076660156,30.49778938293457,4.463434219360352
