mode,load,0_densenet121-32,1_mobilenet_v2-32,2_resnet101-4,3_vgg11-8
mps-uncap,1.0,59.76405143737792,21.720542907714844,43.540239334106445,10.856208801269537
