mode,load,0_efficientnet_b5-2,1_vgg11-4,2_vgg13-4
mps-uncap,1.0,30.42769432067871,5.515336990356445,6.142139434814453
