mode,load,0_densenet169-32,1_mobilenet_v2-32,2_resnet18-8,3_vgg11-32
mps-uncap,1.0,129.65381145477295,30.12537956237793,17.975926399230957,16.12567901611328
