mode,load,0_densenet169-32,1_mobilenet_v2-32,2_resnet18-8,3_vgg11-32
mps-uncap,1.0,35.07423400878906,13.555049896240234,3.0066967010498047,13.263702392578125
