mode,load,0_alexnet-2,1_resnet101-4,2_vgg13-16
mps-uncap,1.0,0.86212158203125,23.223400115966797,8.656501770019531
