mode,load,0_alexnet-2,1_resnet101-4,2_vgg13-16
mps-uncap,1.0,2.5451183319091797,36.17680072784424,9.34600830078125
