mode,load,0_bert-4,1_vgg16-8
mps-uncap,1.0,889.0798592347459,1309.4068786328007
