mode,load,0_efficientnet_b5-2,1_mobilenet_v2-32,2_resnet152-32,3_vgg11-2
mps-uncap,1.0,49.7896671295166,18.204927444458008,56.51450157165527,10.616064071655273
