mode,load,0_densenet161-4,1_mobilenet_v2-32,2_resnet152-32,3_resnet152-32
mps-uncap,1.0,84.60596084594727,29.815387725830078,78.13863754272461,78.08740615844727
