mode,load,0_densenet201-8,1_mobilenet_v2-32,2_mobilenet_v3_large-2,3_resnet101-32
mps-uncap,1.0,68.1314468383789,22.16625213623047,18.96953582763672,41.6111946105957
