mode,load,0_densenet201-8,1_mobilenet_v2-32,2_mobilenet_v3_large-2,3_resnet101-32
mps-uncap,1.0,61.235666275024414,13.404011726379395,11.695504188537598,37.246108055114746
