mode,load,0_densenet201-8,1_mobilenet_v2-32,2_mobilenet_v3_large-2,3_resnet101-32
mps-uncap,1.0,130.66204196387085,2283.229961080008,163.52160408152452,862.7001822739984
