mode,load,0_densenet161-8,1_squeezenet1_0-2,2_squeezenet1_1-16
mps-uncap,1.0,20.75982093811035,3.948478698730468,4.68411922454834
