mode,load,0_densenet161-16,1_vgg11-2
mps-uncap,1.0,0.0035762786865234375,0.005245208740234375
