mode,load,0_densenet161-16,1_vgg11-2
mps-uncap,1.0,26.807308197021484,1.6024112701416016
