mode,load,0_densenet161-16,1_vgg11-2
mps-uncap,1.0,29.349851608276367,2.9723644256591815
