mode,load,0_efficientnet_b5-32,1_squeezenet1_1-16,2_vgg19-16
mps-uncap,1.0,352.908838905997,1038.5457802565038,939.7850047627485
