mode,load,0_densenet161-4,1_resnet101-4,2_vgg16-4
mps-uncap,1.0,28.125762939453125,16.819477081298828,6.659030914306641
