mode,load,0_resnet50-16,1_resnet18-8,2_resnet50-8
mps-uncap,1.0,12.339472770690918,7.648944854736328,12.397623062133789
mig,1.0,14.981937408447266,4.599332809448242,13.248682022094727
