mode,load,0_resnet50-16,1_resnet18-8,2_resnet50-8
mps-uncap,1.0,10.944128036499023,3.7581920623779297,9.115457534790039
mig,1.0,13.992547988891602,4.093170166015625,12.513160705566406
