mode,load,0_resnet18-32,1_vgg13-2
mps-uncap,1.0,6.457195281982422,4.981837272644042
