mode,load,0_densenet201-32,1_resnet101-8,2_resnet34-16
mps-uncap,1.0,48.320770263671875,24.300098419189453,15.022039413452148
