mode,load,0_densenet201-32,1_resnet101-8,2_resnet34-16
mps-uncap,1.0,46.91023826599121,22.214031219482422,12.81552314758301
