mode,load,0_mobilenet_v3_large-2,1_squeezenet1_0-2
mps-uncap,1.0,2.946138381958008,1.0945796966552734
