mode,load,0_resnet34-32,1_resnet34-32
mig,1.0,10.626554489135742,13.265132904052734
