mode,load,0_resnet34-32,1_resnet34-32
mig,1.0,23.866653442382812,17.072439193725586
