mode,load,0_vgg11-4,1_vgg11-4
mig,1.0,13.619661331176758,12.329339981079102
