mode,load,0_alexnet-16,1_squeezenet1_0-8
mps-uncap,1.0,2.2006630897521973,3.0231475830078125
