mode,load,0_efficientnet_b6-16,1_inception_v3-2,2_squeezenet1_0-8
mps-uncap,1.0,30.129384994506836,16.781091690063477,5.553960800170898
