mode,load,0_efficientnet_b6-16,1_inception_v3-2,2_squeezenet1_0-8
mps-uncap,1.0,30.388917922973633,17.22558736801147,6.169557571411133
