mode,load,0_densenet169-8,1_mobilenet_v2-32,2_resnet18-4,3_vgg11-32
mps-uncap,1.0,96.06444835662842,24.56343173980713,14.051198959350586,13.425827026367188
