mode,load,0_densenet169-8,1_mobilenet_v2-32,2_resnet18-4,3_vgg11-32
mps-uncap,1.0,109.4510555267334,27.891874313354492,23.172378540039062,15.926599502563477
