mode,load,0_densenet161-32,1_efficientnet_b6-16,2_mobilenet_v2-16
mps-uncap,1.0,0.000476837158203125,0.007867813110351562,0.0007152557373046875
mig,1.0,0.000476837158203125,0.007867813110351562,0.000476837158203125
