mode,load,0_densenet161-32,1_mobilenet_v2-32,2_mobilenet_v3_small-32,3_vgg11-2
mps-uncap,1.0,69.12457942962646,13.596534729003906,13.395071029663086,4.686594009399414
