mode,load,0_efficientnet_b5-8,1_mobilenet_v3_large-4
mps-uncap,1.0,10.746192932128906,3.651142120361328
