mode,load,0_alexnet-8,1_efficientnet_b6-4,2_squeezenet1_0-8
mps-uncap,1.0,3.2143592834472656,25.039196014404297,4.623174667358398
