mode,load,0_alexnet-8,1_efficientnet_b6-4,2_squeezenet1_0-8
mps-uncap,1.0,1.8903255462646489,23.93341064453125,3.8959264755249023
