mode,load,0_efficientnet_b5-4,1_efficientnet_b5-8,2_mobilenet_v2-32,3_resnet50-32
mps-uncap,1.0,58.496952056884766,59.34500694274902,26.26514434814453,33.0045223236084
