mode,load,0_efficientnet_b5-4,1_efficientnet_b5-8,2_mobilenet_v2-32,3_resnet50-32
mps-uncap,1.0,52.977848052978516,53.84721755981445,19.719743728637695,27.094173431396484
