mode,load,0_efficientnet_b5-4,1_efficientnet_b5-8,2_mobilenet_v2-32,3_resnet50-32
mps-uncap,1.0,55.820369720458984,56.50372505187988,21.7529559135437,28.003549575805664
