mode,load,0_densenet169-16,1_efficientnet_b5-8,2_mobilenet_v2-32,3_mobilenet_v2-32
mps-uncap,1.0,50.689697265625,40.345191955566406,16.030430793762207,16.007542610168457
