mode,load,0_resnet101-2,1_squeezenet1_1-8
mps-uncap,1.0,5.714178085327148,1.569509506225586
