mode,load,0_efficientnet_b6-2,1_mobilenet_v2-4
mps-uncap,1.0,10.277986526489258,2.260923385620117
