mode,load,0_mobilenet_v2-32,1_resnet152-32,2_resnet34-8,3_resnet50-2
mps-uncap,1.0,15.106248855590822,50.64289569854736,16.878056526184082,16.837215423583988
