mode,load,0_mobilenet_v2-32,1_resnet152-32,2_resnet34-8,3_resnet50-2
mps-uncap,1.0,16.846656799316406,52.53267288208008,19.748926162719727,20.824670791625977
