mode,load,0_mobilenet_v2-32,1_resnet152-32,2_resnet34-8,3_resnet50-2
mps-uncap,1.0,2526.9706693862568,639.9670254591541,566.4364173127381,140.86496600478364
