mode,load,0_mobilenet_v2-4,1_vgg13-16
mps-uncap,1.0,8.774995803833008,8.762955665588379
