mode,load,0_mobilenet_v2-32,1_resnet152-4,2_resnet18-32,3_vgg13-2
mps-uncap,1.0,14.655771255493164,45.686349868774414,11.313228607177734,8.677818775177002
