mode,load,0_mobilenet_v2-32,1_resnet152-4,2_resnet18-32,3_vgg13-2
mps-uncap,1.0,2409.196592282724,95.46793657935324,3200.5448450813706,357.46060320304537
