mode,load,0_resnet152-8,1_vgg13-32
mps-uncap,1.0,112.1832542465553,1944.55774627789
