mode,load,0_bert-16,1_bert-16,2_bert-16,3_bert-16
mig,1.0,43.07436943054199,36.96274757385254,43.13254356384277,48.009395599365234
