mode,load,0_bert-16,1_bert-16,2_bert-16,3_bert-16
mig,1.0,0.003814697265625,0.00095367431640625,0.004291534423828125,0.0007152557373046875
