mode,load,0_bert-16,1_bert-16,2_bert-16,3_bert-16
mig,1.0,40.44604301452637,33.99554252624511,40.52809476852417,45.630359649658196
