mode,load,0_bert-16,1_bert-16,2_bert-16,3_bert-16
mig,1.0,37.95194625854492,31.62074089050293,37.978410720825195,42.97351837158203
