mode,load,0_resnet34-16,1_resnet50-8,2_vgg11-16
mps-uncap,1.0,20.495295524597168,20.45140266418457,7.975125312805176
