mode,load,0_alexnet-2,1_alexnet-32,2_densenet169-32,3_mobilenet_v2-32
mps-uncap,1.0,0.000476837158203125,0.000476837158203125,0.000476837158203125,0.000476837158203125
