mode,load,0_densenet121-32,1_squeezenet1_1-32,2_vgg19-8
mps-uncap,1.0,53.20100784301758,15.222406387329102,14.137792587280273
