mode,load,0_densenet161-4,1_mobilenet_v3_large-8,2_vgg11-8
mps-uncap,1.0,34.20677185058593,9.666266441345215,4.788045883178711
