mode,load,0_efficientnet_b5-2,1_mobilenet_v3_small-32,2_resnet50-8
mps-uncap,1.0,16.84260368347168,5.955219268798828,7.315158843994141
