mode,load,0_inception_v3-16,1_inception_v3-16,2_inception_v3-16,3_inception_v3-16
mig,1.0,16.13056182861328,16.282081604003906,16.26183032989502,30.003368854522705
