mode,load,0_inception_v3-16,1_inception_v3-16,2_inception_v3-16,3_inception_v3-16
mig,1.0,15.789270401000977,15.927314758300781,15.918970108032227,29.659748077392578
