mode,load,0_inception_v3-16,1_inception_v3-16,2_inception_v3-16,3_inception_v3-16
mig,1.0,16.947507858276367,17.077207565307617,17.084836959838867,30.08580207824707
