mode,load,0_inception_v3-16,1_inception_v3-16,2_inception_v3-16,3_inception_v3-16
mig,1.0,1011.5070212495165,1002.7788110296688,1003.2915424792596,538.921482794534
