mode,load,0_densenet161-2,1_resnet152-2,2_resnet18-4
mps-uncap,1.0,11.639952659606934,9.989023208618164,1.7256736755371094
