mode,load,0_efficientnet_b6-16,1_efficientnet_b7-2,2_vgg13-2
mps-uncap,1.0,34.58542823791504,38.96040916442871,4.553556442260742
