mode,load,0_efficientnet_b6-16,1_efficientnet_b7-2,2_vgg13-2
mps-uncap,1.0,471.98906126788194,53.75783865380271,579.6737844285218
