mode,load,0_efficientnet_b7-32,1_mobilenet_v2-8
mps-uncap,1.0,55.153489112854004,5.744218826293945
