mode,load,0_densenet161-32,1_mobilenet_v2-32,2_mobilenet_v3_large-32,3_resnet101-8
mps-uncap,1.0,75.66046714782715,10.080575942993164,11.383533477783203,16.7388916015625
