mode,load,0_bert-2,1_resnet34-4,2_densenet121-8
mps-uncap,1.0,6.497383117675781,3.505706787109375,12.211799621582031
