mode,load,0_bert-2,1_resnet34-4,2_densenet121-8
mps-uncap,1.0,0.000476837158203125,0.000476837158203125,0.000476837158203125
