mode,load,0_bert-2,1_resnet34-4,2_densenet121-8
mps-uncap,1.0,6.271600723266602,3.396749496459961,12.084722518920898
