mode,load,0_vgg11-2,1_vgg13-16
mps-uncap,1.0,8.326239585876465,9.854116439819336
