mode,load,0_efficientnet_b7-2,1_efficientnet_b7-2
mig,1.0,16.871213912963867,16.457080841064453
