mode,load,0_densenet161-4,1_densenet201-2,2_squeezenet1_0-2
mps-uncap,1.0,14.502286911010742,16.47663116455078,2.6230812072753906
