mode,load,0_densenet161-4,1_densenet201-2,2_squeezenet1_0-2
mps-uncap,1.0,12.327075004577637,12.908458709716797,1.2981891632080078
