mode,load,0_densenet161-4,1_densenet201-2,2_squeezenet1_0-2
mps-uncap,1.0,10.142803192138672,12.45427131652832,1.0614395141601562
