mode,load,0_densenet121-32,1_densenet201-2,2_resnet18-2
mps-uncap,1.0,19.171476364135742,27.64415740966797,5.564165115356446
