mode,load,0_alexnet-8,1_resnet152-8,2_vgg13-8
mps-uncap,1.0,4.999637603759766,48.41136932373047,7.913351058959961
