mode,load,0_efficientnet_b6-16,1_mobilenet_v2-32,2_mobilenet_v3_small-4,3_resnet50-32
mps-uncap,1.0,72.85141944885254,21.88243865966797,17.638683319091797,30.52396774291992
