mode,load,0_efficientnet_b6-16,1_mobilenet_v2-32,2_mobilenet_v3_small-4,3_resnet50-32
mps-uncap,1.0,50.55594444274902,11.157035827636719,4.347562789916992,23.137807846069336
