mode,load,0_efficientnet_b6-32,1_squeezenet1_0-16,2_squeezenet1_0-4
mps-uncap,1.0,56.948556900024414,13.273191452026367,11.151564121246338
