mode,load,0_efficientnet_b6-32,1_squeezenet1_0-16,2_squeezenet1_0-4
mps-uncap,1.0,51.50914192199707,5.43975830078125,1.9114017486572266
