mode,load,0_densenet121-2,1_efficientnet_b5-2,2_mobilenet_v2-32,3_resnet34-32
mps-uncap,1.0,26.85295104980469,32.472505569458,11.118717193603516,13.682708740234375
