mode,load,0_densenet121-32,1_densenet161-16
mps-uncap,1.0,22.100210189819336,30.336380004882812
