mode,load,0_densenet169-32,1_mobilenet_v2-32,2_mobilenet_v3_small-4,3_resnet152-2
mps-uncap,1.0,44.36678886413574,13.545031547546387,12.200927734374991,31.293025016784664
