mode,load,0_densenet169-32,1_mobilenet_v2-32,2_mobilenet_v3_small-4,3_resnet152-2
mps-uncap,1.0,43.62630844116211,12.861442565917969,9.920597076416016,29.958581924438477
