mode,load,0_resnet101-8,1_squeezenet1_0-32
mps-uncap,1.0,20.41459083557129,8.14962387084961
