mode,load,0_inception_v3-8,1_mobilenet_v2-32,2_mobilenet_v3_small-8,3_vgg19-32
mps-uncap,1.0,63.14349174499512,31.912040710449215,30.546915531158447,31.840910911560055
