mode,load,0_squeezenet1_0-16,1_vgg13-2
mps-uncap,1.0,6.030559539794922,4.485130310058594
