mode,load,0_mobilenet_v2-2,1_mobilenet_v2-32,2_squeezenet1_0-2,3_vgg16-32
mps-uncap,1.0,22.25971221923828,25.58302879333496,15.007734298706055,22.576332092285156
