mode,load,0_inception_v3-16,1_vgg16-8,2_vgg19-32
mps-uncap,1.0,108.83326530456543,26.389799118041992,30.794448852539062
