mode,load,0_mobilenet_v2-32,1_resnet101-4,2_resnet18-32,3_vgg11-16
mps-uncap,1.0,12.188911437988281,41.81504249572754,11.487245559692383,7.095098495483398
