mode,load,0_mobilenet_v2-32,1_mobilenet_v3_small-4,2_resnet18-2,3_resnet34-32
mps-uncap,1.0,10.912206172943115,9.943139553070068,8.29315185546875,13.773870468139648
