mode,load,0_densenet121-4,1_densenet161-4,2_efficientnet_b5-32
mps-uncap,1.0,22.302865982055664,34.651875495910645,33.39195251464844
