mode,load,0_densenet121-32,1_resnet152-2
mps-uncap,1.0,18.04220676422119,15.595078468322754
