mode,load,0_vgg16-32,1_vgg16-32
mig,1.0,127.3641586303711,105.3370475769043
