mode,load,0_vgg16-32,1_vgg16-32
mig,1.0,87.43643760681152,72.56793975830078
