mode,load,0_vgg16-32,1_vgg16-32
mig,1.0,309.76442650766046,375.47921495451993
