mode,load,0_densenet121-8,1_efficientnet_b7-16
mps-uncap,1.0,17.75360107421875,31.635761260986328
