mode,load,0_densenet161-32,1_efficientnet_b7-2,2_mobilenet_v2-32,3_squeezenet1_0-8
mps-uncap,1.0,64.75973129272461,37.969112396240234,11.016607284545898,2.6009082794189453
