mode,load,0_densenet161-32,1_efficientnet_b7-2,2_mobilenet_v2-32,3_squeezenet1_0-8
mps-uncap,1.0,71.16812705993652,67.77417659759521,23.047494888305664,16.987504959106445
