mode,load,0_densenet161-32,1_efficientnet_b7-2,2_mobilenet_v2-32,3_squeezenet1_0-8
mps-uncap,1.0,77.96549797058105,68.6180591583252,25.611400604248047,18.29242706298828
