mode,load,0_mobilenet_v2-32,1_resnet101-32,2_resnet34-4,3_vgg11-4
mps-uncap,1.0,17.75805950164795,43.063974380493164,18.34118366241455,7.950830459594726
