mode,load,0_densenet169-32,1_mobilenet_v2-2,2_mobilenet_v2-32,3_resnet18-8
mps-uncap,1.0,54.0003776550293,15.77138900756836,21.312952041625977,14.905929565429688
