mode,load,0_alexnet-4,1_alexnet-4
mig,1.0,5.275964736938477,4.757452011108399
