mode,load,0_alexnet-4,1_alexnet-4
mig,1.0,0.9334087371826172,1.15203857421875
