mode,load,0_alexnet-4,1_alexnet-4
mig,1.0,0.000476837158203125,0.0007152557373046875
