mode,load,0_mobilenet_v2-32,1_mobilenet_v2-32,2_resnet18-32,3_resnet34-4
mps-uncap,1.0,15.627622604370117,15.235424041748047,5.5561065673828125,3.625631332397461
