mode,load,0_mobilenet_v2-32,1_mobilenet_v2-32,2_resnet18-32,3_resnet34-4
mps-uncap,1.0,17.480134963989258,17.549514770507812,12.940406799316406,13.780832290649414
