mode,load,0_mobilenet_v2-32,1_resnet152-16,2_resnet152-8,3_resnet18-32
mps-uncap,1.0,15.643048286437988,52.75893211364746,51.802778244018555,11.893749237060547
