mode,load,0_densenet169-2,1_resnet152-4
mps-uncap,1.0,10.476438999176025,7.9045772552490225
