mode,load,0_alexnet-2,1_efficientnet_b7-4
mps-uncap,1.0,0.003814697265625,0.000476837158203125
