mode,load,0_alexnet-2,1_efficientnet_b7-4
mps-uncap,1.0,0.9016990661621094,17.22860336303711
