mode,load,0_resnet50-4,1_vgg19-8
mps-uncap,1.0,10.730743408203125,7.169008255004883
