mode,load,0_resnet50-4,1_vgg19-8
mps-uncap,1.0,12.881040573120117,8.498907089233398
