mode,load,0_densenet121-32,1_mobilenet_v2-32,2_mobilenet_v2-4,3_squeezenet1_0-16
mps-uncap,1.0,44.29993152618408,17.34575986862182,15.348842144012451,13.639430999755854
