mode,load,0_densenet121-32,1_mobilenet_v2-32,2_mobilenet_v2-4,3_squeezenet1_0-16
mps-uncap,1.0,43.192481994628906,16.481971740722656,13.443970680236818,11.193752288818361
