mode,load,0_alexnet-2,1_mobilenet_v2-32,2_resnet101-32,3_squeezenet1_1-8
mps-uncap,1.0,6.6227340698242205,19.801948070526123,42.64113903045654,13.118648529052734
