mode,load,0_alexnet-2,1_mobilenet_v2-32,2_resnet101-32,3_squeezenet1_1-8
mps-uncap,1.0,8.369207382202148,22.49884605407715,44.1586971282959,14.180183410644531
