mode,load,0_alexnet-2,1_mobilenet_v2-32,2_resnet101-32,3_squeezenet1_1-8
mps-uncap,1.0,2.6061534881591797,14.350414276123047,40.477752685546875,7.604360580444336
