mode,load,0_alexnet-8,1_inception_v3-4
mps-uncap,1.0,1.3303756713867188,7.135989665985108
