mode,load,0_alexnet-8,1_inception_v3-4
mps-uncap,1.0,1.0516643524169922,5.831718444824219
