mode,load,0_densenet121-2,1_densenet169-2,2_resnet18-2
mps-uncap,1.0,7.288455963134766,10.499119758605957,1.277923583984375
