mode,load,0_densenet121-2,1_densenet169-2,2_resnet18-2
mps-uncap,1.0,7.710969448089599,11.135220527648926,1.3763904571533203
