mode,load,0_densenet121-2,1_densenet169-2,2_resnet18-2
mps-uncap,1.0,276.16534485281153,195.0944533509902,1645.8848994244017
