mode,load,0_alexnet-16,1_densenet161-8,2_efficientnet_b5-4
mps-uncap,1.0,2.0394325256347656,23.615717887878418,19.509315490722656
