mode,load,0_mobilenet_v2-32,1_resnet152-32,2_resnet152-4,3_vgg11-8
mps-uncap,1.0,20.707011222839355,83.02319049835205,68.69173049926758,7.709980010986328
