mode,load,0_alexnet-16,1_mobilenet_v2-32,2_resnet18-32,3_resnet34-4
mps-uncap,1.0,5.371975898742675,14.08107280731201,10.92538833618164,14.976286888122559
