mode,load,0_densenet161-8,1_resnet34-32
mps-uncap,1.0,23.061084747314453,9.671449661254883
