mode,load,0_densenet161-8,1_resnet34-32
mps-uncap,1.0,21.866798400878906,8.731961250305176
