mode,load,0_densenet121-8,1_efficientnet_b5-8,2_mobilenet_v2-32,3_resnet101-32
mps-uncap,1.0,39.69275951385498,49.80921745300293,16.0006046295166,38.35792541503906
