mode,load,0_densenet161-8,1_resnet50-32
mps-uncap,1.0,34.31239128112793,15.20862340927124
