mode,load,0_efficientnet_b5-8,1_inception_v3-2,2_mobilenet_v2-32,3_resnet18-32
mps-uncap,1.0,37.27269172668457,22.219181060791016,11.216402053833008,8.766412734985352
