mode,load,0_efficientnet_b5-8,1_inception_v3-2,2_mobilenet_v2-32,3_resnet18-32
mps-uncap,1.0,213.32303511959097,90.34955220000991,2808.6526532147764,3714.8854567753583
