mode,load,0_alexnet-8,1_inception_v3-2,2_resnet18-16
mps-uncap,1.0,0.000476837158203125,0.000476837158203125,0.000476837158203125
