mode,load,0_resnet101-2,1_squeezenet1_0-2,2_vgg11-32
mps-uncap,1.0,32.21382856369017,11.2799072265625,11.840267181396484
