mode,load,0_resnet101-2,1_squeezenet1_0-2,2_vgg11-32
mps-uncap,1.0,76.71691707160967,260.80836710218585,2816.9253451485206
