mode,load,0_densenet161-32,1_efficientnet_b5-4,2_vgg16-2
mps-uncap,1.0,49.6338939666748,35.947022438049316,10.811138153076179
