mode,load,0_densenet121-2,1_squeezenet1_1-4,2_vgg13-2
mps-uncap,1.0,11.153221130371094,2.4424481391906743,2.4874114990234375
