mode,load,0_densenet169-8,1_mobilenet_v3_small-2,2_vgg16-32
mps-uncap,1.0,80.5816650390625,21.454334259033203,22.38917350769043
