mode,load,0_squeezenet1_1-16,1_vgg13-32
mps-uncap,1.0,0.000476837158203125,0.000476837158203125
