mode,load,0_squeezenet1_1-16,1_vgg13-32
mps-uncap,1.0,18.357038497924805,19.22464370727539
