mode,load,0_resnet152-8,1_vgg11-16,2_vgg19-8
mps-uncap,1.0,87.31117248535156,10.643053054809572,15.850210189819338
