mode,load,0_resnet152-8,1_vgg11-16,2_vgg19-8
mps-uncap,1.0,89.95819091796875,11.604785919189453,17.60268211364746
