mode,load,0_densenet161-2,1_densenet201-32,2_resnet50-4
mps-uncap,1.0,85.40055545779863,885.8965717399017,523.807064627324
