mode,load,0_efficientnet_b6-8,1_vgg11-32
mps-uncap,1.0,59.633851051330566,11.393308639526367
