mode,load,0_densenet161-32,1_densenet201-32,2_mobilenet_v2-32,3_resnet34-4
mps-uncap,1.0,83.21336269378662,102.18760967254639,28.05500984191894,27.70622730255127
