mode,load,0_densenet161-32,1_densenet201-32,2_mobilenet_v2-32,3_resnet34-4
mps-uncap,1.0,55.965423583984375,68.13693046569824,10.37740707397461,5.6362152099609375
