mode,load,0_mobilenet_v2-32,1_resnet101-2,2_resnet34-32,3_vgg13-4
mps-uncap,1.0,9.766340255737305,20.267724990844727,15.457391738891602,3.9069652557373047
