mode,load,0_efficientnet_b6-2,1_vgg11-32
mps-uncap,1.0,43.33853721618652,10.826349258422852
