mode,load,0_inception_v3-2,1_mobilenet_v3_large-4,2_squeezenet1_1-8
mps-uncap,1.0,316.98709128718497,1395.3687499007658,4801.265052861449
