mode,load,0_densenet121-2,1_vgg11-32,2_vgg19-4
mps-uncap,1.0,54.770469665527344,13.103723526000977,18.053674697875977
