mode,load,0_densenet161-32,1_resnet101-32,2_vgg13-4
mps-uncap,1.0,52.56342887878418,40.32707214355469,4.975318908691406
