mode,load,0_densenet169-16,1_efficientnet_b5-32,2_vgg11-32
mps-uncap,1.0,129.14330959320068,106.7394495010376,16.197919845581055
