mode,load,0_efficientnet_b6-2,1_resnet101-2,2_vgg16-32
mps-uncap,1.0,74.38275337219238,48.27383041381837,20.613064765930176
