mode,load,0_densenet201-16,1_resnet152-16,2_vgg16-4
mps-uncap,1.0,51.447067260742195,39.171085357666016,8.758385181427004
