mode,load,0_densenet201-16,1_resnet152-16,2_vgg16-4
mps-uncap,1.0,0.0002384185791015625,0.0002384185791015625,0.0002384185791015625
