mode,load,0_densenet169-8,1_mobilenet_v3_large-16,2_vgg16-4
mps-uncap,1.0,27.399897575378418,6.645441055297852,4.705667495727539
