mode,load,0_densenet169-8,1_mobilenet_v2-32,2_mobilenet_v2-32,3_mobilenet_v2-32
mps-uncap,1.0,53.08246612548828,14.891862869262695,14.87588882446289,14.910221099853516
