mode,load,0_efficientnet_b5-8,1_mobilenet_v2-32,2_resnet50-32,3_squeezenet1_1-32
mps-uncap,1.0,60.2262020111084,17.263174057006836,25.32374858856201,12.438297271728516
