mode,load,0_efficientnet_b5-8,1_mobilenet_v2-32,2_resnet50-32,3_squeezenet1_1-32
mps-uncap,1.0,31.356334686279297,12.604713439941406,22.98569679260254,7.16710090637207
