mode,load,0_alexnet-4,1_densenet161-16,2_inception_v3-8
mps-uncap,1.0,0.9100437164306641,19.20914649963379,9.80377197265625
