mode,load,0_alexnet-4,1_densenet161-16,2_inception_v3-8
mps-uncap,1.0,3.1059861183166495,28.434839248657227,14.759140014648438
