mode,load,0_mobilenet_v2-32,1_resnet101-32,2_resnet152-8,3_resnet34-8
mps-uncap,1.0,20.985305309295658,44.66993570327759,58.97412300109865,21.493244171142575
