mode,load,0_efficientnet_b7-32,1_inception_v3-8,2_vgg11-16
mps-uncap,1.0,0.000476837158203125,0.000476837158203125,0.000476837158203125
