mode,load,0_mobilenet_v3_large-4,1_mobilenet_v3_large-4,2_mobilenet_v3_large-4,3_mobilenet_v3_large-4
mig,1.0,3.5858154296875,4.22978401184082,3.579378128051758,4.108190536499023
