mode,load,0_densenet121-16,1_efficientnet_b5-32,2_vgg16-2
mps-uncap,1.0,40.30048370361328,45.98694324493408,11.019692420959469
