mode,load,0_densenet161-4,1_densenet161-4
mig,1.0,0.000476837158203125,0.000476837158203125
