mode,load,0_densenet161-4,1_densenet161-4
mig,1.0,12.27229118347168,10.493805408477783
