mode,load,0_densenet161-32,1_mobilenet_v2-32,2_resnet101-2,3_resnet152-16
mps-uncap,1.0,69.49377059936523,18.37711334228516,34.610581398010254,54.93617057800293
