mode,load,0_densenet161-32,1_mobilenet_v2-32,2_resnet101-2,3_resnet152-16
mps-uncap,1.0,0.0026226043701171875,0.000476837158203125,0.0007152557373046875,0.000476837158203125
