mode,load,0_inception_v3-8,1_squeezenet1_0-32,2_vgg13-4
mps-uncap,1.0,28.73396873474121,11.819839477539062,8.615732192993164
