mode,load,0_resnet34-16,1_resnet34-2
mps-uncap,1.0,4.181861877441406,2.375364303588867
