mode,load,0_resnet34-16,1_resnet34-2
mps-uncap,1.0,5.7315826416015625,4.398345947265625
