mode,load,0_resnet101-16,1_resnet34-8
mps-uncap,1.0,0.000476837158203125,0.00476837158203125
