mode,load,0_resnet101-16,1_resnet34-8
mps-uncap,1.0,13.740015029907227,6.161046028137208
