mode,load,0_resnet101-16,1_resnet34-8
mps-uncap,1.0,1189.3162423405738,1543.7935558505867
