mode,load,0_vgg13-32,1_vgg16-16
mps-uncap,1.0,25.83003044128418,27.075767517089844
