mode,load,0_vgg13-32,1_vgg16-16
mps-uncap,1.0,21.494150161743164,22.243976593017578
