mode,load,0_densenet161-32,1_resnet101-2
mps-uncap,1.0,36.905527114868164,17.855167388916016
