mode,load,0_densenet121-32,1_densenet169-2,2_mobilenet_v2-32,3_resnet18-4
mps-uncap,1.0,32.36169815063477,38.97252082824707,13.957405090332031,7.743978500366212
