mode,load,0_densenet121-32,1_densenet169-2,2_mobilenet_v2-32,3_resnet18-4
mps-uncap,1.0,34.85393524169922,42.696237564086914,15.31529426574707,11.786699295043945
