mode,load,0_efficientnet_b7-4,1_mobilenet_v2-32,2_mobilenet_v2-32,3_resnet101-2
mps-uncap,1.0,39.24846649169922,10.848522186279297,10.70713996887207,16.842126846313477
