mode,load,0_densenet121-16,1_mobilenet_v2-32,2_mobilenet_v3_small-32,3_resnet101-32
mps-uncap,1.0,47.190904617309556,19.04794931411743,19.00247573852539,40.825605392456055
