mode,load,0_alexnet-32,1_densenet121-8,2_densenet169-4
mps-uncap,1.0,3.2372665405273433,14.532279968261719,19.75240707397461
