mode,load,0_alexnet-32,1_densenet121-8,2_densenet169-4
mps-uncap,1.0,2.665996551513672,13.673543930053711,18.137693405151367
