mode,load,0_squeezenet1_1-4,1_vgg19-4
mps-uncap,1.0,2.7211117744445796,4.525618553161621
