mode,load,0_densenet169-4,1_densenet201-2
mps-uncap,1.0,10.057687759399414,12.5746488571167
