mode,load,0_densenet161-32,1_mobilenet_v2-2,2_mobilenet_v2-32,3_squeezenet1_0-32
mps-uncap,1.0,49.21412467956543,4.940271377563477,13.263702392578125,8.988618850708008
