mode,load,0_densenet121-4,1_resnet34-8,2_squeezenet1_1-32
mps-uncap,1.0,14.818191528320312,5.578756332397461,4.857301712036133
