mode,load,0_densenet161-16,1_vgg16-32
mps-uncap,1.0,102.7822494506836,20.175457000732422
