mode,load,0_densenet121-2,1_inception_v3-8
mps-uncap,1.0,7.2886037826538095,5.9036970138549805
