mode,load,0_densenet201-4,1_mobilenet_v2-32,2_mobilenet_v3_small-32,3_resnet50-32
mps-uncap,1.0,35.03131866455078,8.92329216003418,8.18181037902832,18.78809928894043
