mode,load,0_densenet201-4,1_mobilenet_v2-32,2_mobilenet_v3_small-32,3_resnet50-32
mps-uncap,1.0,70.4719066619873,15.995974540710451,16.0308837890625,22.213687896728512
