mode,load,0_mobilenet_v2-32,1_resnet101-2,2_resnet101-32,3_resnet18-8
mps-uncap,1.0,14.080405235290527,29.616832733154297,38.97559642791748,8.657693862915039
