mode,load,0_densenet201-16,1_efficientnet_b6-8
mps-uncap,1.0,632.3885926959928,432.97781125768006
