mode,load,0_llama-16,1_mobilenet_v3_small-32,2_densenet201-8,3_resnet18-8
mps-uncap,1.0,628.7778615951538,5.745172500610352,27.111530303955078,3.699779510498047
