mode,load,0_llama-16,1_mobilenet_v3_small-32,2_densenet201-8,3_resnet18-8
mps-uncap,1.0,628.7781000137329,5.745410919189453,27.11176872253418,3.699779510498047
