mode,load,0_efficientnet_b5-2,1_vgg16-4
mps-uncap,1.0,16.457474231719967,3.8688755035400377
