mode,load,0_efficientnet_b6-2,1_vgg11-16,2_vgg11-16
mps-uncap,1.0,105.77170848846436,11.461830139160156,12.141714096069336
