mode,load,0_densenet121-8,1_squeezenet1_1-4
mps-uncap,1.0,7.187128067016602,1.0533332824707031
