mode,load,0_resnet152-16,1_resnet34-16,2_resnet34-2
mps-uncap,1.0,17.916202545166016,6.59632682800293,4.442691802978516
