mode,load,0_densenet201-32,1_vgg19-8
mps-uncap,1.0,66.29323959350586,8.57996940612793
