mode,load,0_densenet201-32,1_vgg19-8
mps-uncap,1.0,68.04585456848145,10.364890098571777
