mode,load,0_efficientnet_b7-16,1_squeezenet1_0-4,2_vgg11-2
mps-uncap,1.0,45.48383712768555,7.0543766021728445,5.254554748535157
