mode,load,0_efficientnet_b7-16,1_squeezenet1_0-4,2_vgg11-2
mps-uncap,1.0,45.48400163650512,7.0543861389160085,5.254697799682618
