mode,load,0_squeezenet1_0-4,1_squeezenet1_0-4
mig,1.0,2.1622180938720703,2.086639404296875
