mode,load,0_squeezenet1_0-4,1_squeezenet1_0-4
mig,1.0,0.005245208740234375,0.003337860107421875
