mode,load,0_squeezenet1_0-4,1_squeezenet1_0-4
mig,1.0,1.5528202056884766,1.8646717071533203
