mode,load,0_alexnet-4,1_densenet201-4,2_mobilenet_v2-32,3_resnet34-32
mps-uncap,1.0,2.101421356201172,49.15785789489746,11.2152099609375,13.600349426269531
