mode,load,0_alexnet-4,1_densenet201-4,2_mobilenet_v2-32,3_resnet34-32
mps-uncap,1.0,0.0054836273193359375,0.000476837158203125,0.0007152557373046875,0.00095367431640625
