mode,load,0_densenet121-4,1_mobilenet_v2-32,2_mobilenet_v3_large-16,3_resnet152-32
mps-uncap,1.0,115.25450203730844,2485.381399283488,1219.2037945074223,635.3974715205125
