mode,load,0_resnet18-8,1_vgg16-16
mps-uncap,1.0,5.717754364013672,9.892702102661133
