mode,load,0_resnet18-8,1_vgg16-16
mps-uncap,1.0,9.078621864318848,10.712862014770508
