mode,load,0_densenet121-8,1_mobilenet_v2-32,2_mobilenet_v2-32,3_resnet34-8
mps-uncap,1.0,34.783124923706055,14.389276504516602,14.557838439941406,17.009973526000977
