mode,load,0_alexnet-16,1_mobilenet_v2-32,2_mobilenet_v3_small-32,3_resnet152-32
mps-uncap,1.0,1.7447471618652344,11.647224426269531,10.262250900268555,56.534528732299805
