mode,load,0_resnet101-16,1_vgg13-2
mps-uncap,1.0,17.808103561401367,4.140138626098633
