mode,load,0_mobilenet_v2-32,1_mobilenet_v2-32,2_resnet152-4,3_squeezenet1_1-2
mps-uncap,1.0,11.405491828918457,11.421680450439453,33.12966823577881,8.55872631072998
