mode,load,0_mobilenet_v2-32,1_mobilenet_v2-32,2_resnet152-4,3_squeezenet1_1-2
mps-uncap,1.0,11.405491828918457,11.421918869018555,33.12973976135254,8.558964729309082
