mode,load,0_vgg11-16,1_vgg16-32
mps-uncap,1.0,20.66934108734131,27.033448219299316
