mode,load,0_alexnet-4,1_densenet169-32,2_mobilenet_v2-32,3_mobilenet_v3_small-16
mps-uncap,1.0,4.913091659545898,53.629350662231445,18.4481143951416,12.703895568847656
