mode,load,0_alexnet-4,1_densenet169-32,2_mobilenet_v2-32,3_mobilenet_v3_small-16
mps-uncap,1.0,2.338886260986328,52.906036376953125,11.836647987365723,9.440183639526367
