mode,load,0_densenet121-32,1_mobilenet_v2-32,2_resnet18-32,3_resnet18-4
mps-uncap,1.0,52.22816944122313,22.86524534225464,19.290094375610348,16.075532436370853
