mode,load,0_densenet201-32,1_mobilenet_v3_small-32
mps-uncap,1.0,34.77740287780762,9.414434432983398
