mode,load,0_densenet201-32,1_mobilenet_v3_small-32
mps-uncap,1.0,34.28187847137451,8.613097667694094
