mode,load,0_densenet201-32,1_mobilenet_v3_small-32
mps-uncap,1.0,951.4764655733388,5985.891514057205
