mode,load,0_alexnet-32,1_resnet18-8,2_vgg13-4
mps-uncap,1.0,4.554986953735352,7.923388481140137,5.451202392578125
