mode,load,0_efficientnet_b5-4,1_mobilenet_v2-32,2_vgg11-32,3_vgg13-4
mps-uncap,1.0,0.00667572021484375,0.0007152557373046875,0.0007152557373046875,0.000476837158203125
