mode,load,0_bert-2,1_densenet201-4
mps-uncap,1.0,4.073381423950195,13.563361167907715
