mode,load,0_bert-2,1_densenet201-4
mps-uncap,1.0,1762.8161531162823,322.7222273301925
