mode,load,0_densenet169-32,1_mobilenet_v2-32,2_mobilenet_v3_small-4,3_vgg13-8
mps-uncap,1.0,81.0462236404419,16.812801361083984,13.54074478149414,7.936596870422363
