mode,load,0_mobilenet_v2-2,1_resnet101-16
mps-uncap,1.0,0.019073486328125,0.000476837158203125
