mode,load,0_mobilenet_v2-32,1_mobilenet_v2-32,2_vgg19-4
mps-uncap,1.0,13.891410827636719,13.724660873413086,11.346817016601562
