mode,load,0_efficientnet_b6-32,1_vgg16-32
mps-uncap,1.0,96.75192832946777,20.1113224029541
