mode,load,0_densenet169-2,1_mobilenet_v2-32,2_resnet152-32,3_vgg11-4
mps-uncap,1.0,46.18191719055176,12.199878692626953,48.813819885253906,2.9273033142089844
