mode,load,0_resnet101-16,1_resnet152-16,2_squeezenet1_1-2
mps-uncap,1.0,19.125699996948242,26.044011116027832,3.063678741455078
