mode,load,0_densenet161-2,1_densenet201-8,2_mobilenet_v2-32,3_vgg11-32
mps-uncap,1.0,92.55027770996094,118.36984157562256,25.48348903656006,14.449644088745117
