mode,load,0_densenet161-2,1_densenet201-8,2_mobilenet_v2-32,3_vgg11-32
mps-uncap,1.0,0.0002384185791015625,0.0002384185791015625,0.0,0.0
