mode,load,0_densenet161-2,1_densenet201-8,2_mobilenet_v2-32,3_vgg11-32
mps-uncap,1.0,98.04534912109375,122.85661697387695,27.382850646972656,15.555858612060547
