mode,load,0_mobilenet_v2-32,1_mobilenet_v3_large-2,2_resnet101-16,3_vgg11-32
mps-uncap,1.0,1164.5633054687048,79.85125584827695,237.11770085602848,2013.1708451282516
