mode,load,0_alexnet-8,1_densenet121-8,2_resnet34-16
mps-uncap,1.0,4506.1812000319605,493.34149522310327,2060.333531950794
