mode,load,0_densenet161-4,1_resnet152-2,2_vgg19-32
mps-uncap,1.0,81.19463920593262,61.392784118652344,23.308634757995605
