mode,load,0_densenet121-2,1_efficientnet_b7-32,2_inception_v3-32,3_mobilenet_v2-32
mps-uncap,1.0,55.399179458618164,91.16411209106445,50.382375717163086,27.28724479675293
