mode,load,0_densenet121-2,1_efficientnet_b7-32,2_inception_v3-32,3_mobilenet_v2-32
mps-uncap,1.0,32.68289566040039,62.54076957702637,32.4246883392334,11.066436767578125
