mode,load,0_efficientnet_b6-8,1_efficientnet_b6-8,2_efficientnet_b6-8,3_efficientnet_b6-8
mig,1.0,47.928571701049805,38.37227821350098,37.92924880981445,46.21396064758301
