mode,load,0_efficientnet_b6-8,1_efficientnet_b6-8,2_efficientnet_b6-8,3_efficientnet_b6-8
mig,1.0,47.928571701049805,38.37242126464844,37.929534912109375,46.21419906616211
