mode,load,0_efficientnet_b7-4,1_vgg11-4
mps-uncap,1.0,27.137041091918945,4.050731658935547
