mode,load,0_efficientnet_b7-4,1_vgg11-4
mps-uncap,1.0,24.678468704223633,2.4356842041015625
