mode,load,0_densenet201-16,1_mobilenet_v2-32,2_resnet18-2,3_vgg13-32
mps-uncap,1.0,179.0505790710449,41.754727363586426,25.032920837402347,25.36470651626587
