mode,load,0_mobilenet_v2-32,1_mobilenet_v3_small-16,2_resnet34-8,3_vgg13-32
mps-uncap,1.0,35.41648864746093,34.8878812789917,42.80056953430171,20.541906356811523
