mode,load,0_mobilenet_v2-4,1_vgg13-32
mps-uncap,1.0,2.473115921020508,15.02370834350586
