mode,load,0_densenet169-4,1_densenet201-8,2_mobilenet_v2-32,3_resnet34-32
mps-uncap,1.0,41.74070358276367,50.92368125915527,11.844921112060549,14.426469802856445
