mode,load,0_densenet169-4,1_densenet201-8,2_mobilenet_v2-32,3_resnet34-32
mps-uncap,1.0,42.99016714096069,52.171392440795906,12.6665735244751,15.477833747863771
