mode,load,0_vgg16-2,1_efficientnet_b5-2,2_squeezenet1_1-2
mps-uncap,1.0,0.0002384185791015625,0.0002384185791015625,0.0002384185791015625
mig,1.0,0.0002384185791015625,0.0002384185791015625,0.0002384185791015625
