mode,load,0_densenet161-32,1_mobilenet_v2-32,2_squeezenet1_1-2,3_vgg16-16
mps-uncap,1.0,86.37690544128418,17.945289611816406,3.4630298614501953,12.21919059753418
