mode,load,0_densenet161-32,1_mobilenet_v2-32,2_squeezenet1_1-2,3_vgg16-16
mps-uncap,1.0,0.000476837158203125,0.0007152557373046875,0.0007152557373046875,0.0007152557373046875
