mode,load,0_mobilenet_v2-4,1_resnet101-2,2_resnet50-2
mps-uncap,1.0,2.258777618408203,5.243062973022461,3.01361083984375
