mode,load,0_mobilenet_v2-4,1_resnet101-2,2_resnet50-2
mps-uncap,1.0,2.4366378784179688,6.168603897094727,3.7088394165039062
