mode,load,0_mobilenet_v2-32,1_mobilenet_v2-32,2_mobilenet_v3_large-2,3_vgg19-16
mps-uncap,1.0,29.987764358520508,30.241594314575195,28.83046865463257,22.374730110168457
