mode,load,0_inception_v3-2,1_squeezenet1_0-2
mps-uncap,1.0,7.711172103881836,2.1867752075195312
