mode,load,0_densenet121-32,1_mobilenet_v2-32,2_squeezenet1_0-32,3_squeezenet1_1-2
mps-uncap,1.0,53.56907844543457,15.935659408569336,13.59248161315918,8.094429969787598
