mode,load,0_mobilenet_v2-2,1_resnet50-32,2_vgg19-2
mps-uncap,1.0,6.421089172363281,15.90263843536377,6.14619255065918
