mode,load,0_resnet34-16,1_squeezenet1_0-2
mps-uncap,1.0,3632.9781975009055,1346.3503776476302
