mode,load,0_inception_v3-32,1_mobilenet_v2-32,2_resnet101-8,3_vgg13-4
mps-uncap,1.0,44.06385898590088,20.100598335266106,39.43913459777832,12.491071224212648
