mode,load,0_inception_v3-32,1_mobilenet_v2-32,2_resnet101-8,3_vgg13-4
mps-uncap,1.0,34.82937812805176,12.384176254272461,20.939111709594727,3.317594528198242
