mode,load,0_resnet101-8,1_resnet18-8
mps-uncap,1.0,7.645368576049805,2.0432472229003906
