mode,load,0_resnet101-8,1_resnet18-8
mps-uncap,1.0,9.502887725830078,2.299070358276367
