mode,load,0_mobilenet_v3_large-32,1_resnet101-2,2_resnet34-8
mps-uncap,1.0,7.08460807800293,12.451314926147461,7.026910781860352
