mode,load,0_mobilenet_v3_large-32,1_resnet101-2,2_resnet34-8
mps-uncap,1.0,6.919264793395996,10.866880416870117,6.770133972167969
