mode,load,0_densenet169-32,1_densenet201-32,2_mobilenet_v2-32,3_resnet18-4
mps-uncap,1.0,72.16292381286621,88.2738947868347,24.5758056640625,16.767714023590088
