mode,load,0_densenet201-16,1_vgg11-4
mps-uncap,1.0,30.878663063049316,3.4074783325195312
