mode,load,0_densenet201-16,1_vgg11-4
mps-uncap,1.0,531.8980993955577,1414.3610684088637
