mode,load,0_resnet50-32,1_resnet50-32
mig,1.0,80.19065856933594,67.95454025268555
