mode,load,0_resnet50-32,1_resnet50-32
mig,1.0,23.291826248168945,20.31731605529785
