mode,load,0_inception_v3-32,1_inception_v3-32
mig,1.0,16.513586044311523,19.379615783691406
