mode,load,0_alexnet-16,1_efficientnet_b5-32
mps-uncap,1.0,2.670407295227051,37.64009475708008
