mode,load,0_densenet161-32,1_efficientnet_b6-4,2_mobilenet_v2-32,3_mobilenet_v2-4
mps-uncap,1.0,65.67564010620117,54.050254821777344,19.507908821105957,14.306211471557617
