mode,load,0_densenet169-4,1_inception_v3-32,2_mobilenet_v2-32,3_resnet34-2
mps-uncap,1.0,33.50710868835449,25.091171264648438,10.288238525390625,8.325695991516113
