mode,load,0_densenet169-32,1_mobilenet_v2-32,2_mobilenet_v2-32,3_resnet50-4
mps-uncap,1.0,61.97667121887207,14.032125473022461,14.010906219482422,15.404701232910156
