mode,load,0_densenet169-32,1_mobilenet_v2-32,2_mobilenet_v2-32,3_resnet50-4
mps-uncap,1.0,47.11008071899414,11.791467666625977,12.19320297241211,11.220455169677734
