mode,load,0_densenet169-32,1_mobilenet_v2-32,2_mobilenet_v2-32,3_resnet50-4
mps-uncap,1.0,510.90228656574385,2199.4320972806263,2199.427266806575,245.36317616725003
