mode,load,0_alexnet-32,1_efficientnet_b5-8
mps-uncap,1.0,0.0007152557373046875,0.000476837158203125
