mode,load,0_alexnet-32,1_efficientnet_b5-8
mps-uncap,1.0,2.5849342346191406,18.2950496673584
