mode,load,0_squeezenet1_0-4,1_vgg16-32,2_vgg16-4
mps-uncap,1.0,22.91727066040039,24.515151977539062,23.211956024169922
