mode,load,0_squeezenet1_0-4,1_vgg16-32,2_vgg16-4
mps-uncap,1.0,286.05212435526477,1444.046706897481,208.1790440599225
