mode,load,0_mobilenet_v3_small-32,1_vgg19-2
mps-uncap,1.0,6.081819534301758,4.4155120849609375
