mode,load,0_resnet101-16,1_squeezenet1_0-2,2_vgg16-8
mps-uncap,1.0,32.69833326339722,8.472399711608887,8.919534683227539
