mode,load,0_resnet101-16,1_squeezenet1_0-2,2_vgg16-8
mps-uncap,1.0,34.19208526611328,10.006427764892578,10.100603103637695
