mode,load,0_densenet169-8,1_mobilenet_v2-32,2_mobilenet_v2-32,3_mobilenet_v3_large-8
mps-uncap,1.0,40.084218978881836,15.591049194335938,15.560388565063477,14.7935152053833
