mode,load,0_densenet169-8,1_mobilenet_v2-32,2_mobilenet_v2-32,3_mobilenet_v3_large-8
mps-uncap,1.0,41.337013244628906,19.886493682861328,19.665002822875977,16.178131103515625
