mode,load,0_inception_v3-4,1_mobilenet_v2-32,2_mobilenet_v2-32,3_resnet152-8
mps-uncap,1.0,194.10999174677082,2173.544744272126,2173.554493731888,232.62797098256175
