mode,load,0_mobilenet_v2-32,1_resnet152-32,2_resnet18-2,3_resnet50-8
mps-uncap,1.0,10.953426361083984,34.307241439819336,2.454996109008789,13.994455337524414
