mode,load,0_mobilenet_v2-32,1_resnet152-32,2_resnet18-2,3_resnet50-8
mps-uncap,1.0,2368.6928685786925,607.542117577579,275.3447131414319,466.75790817913014
