mode,load,0_densenet161-32,1_resnet18-2,2_vgg16-16
mps-uncap,1.0,313.65813566849926,196.05472823315228,1183.7424898657728
