mode,load,0_inception_v3-32,1_resnet34-8,2_squeezenet1_0-16
mps-uncap,1.0,21.43845558166504,10.793972015380861,7.0223331451416025
