mode,load,0_inception_v3-32,1_resnet34-8,2_squeezenet1_0-16
mps-uncap,1.0,23.868560791015625,12.064695358276367,8.31747055053711
