mode,load,0_densenet121-32,1_efficientnet_b6-32,2_mobilenet_v2-32,3_mobilenet_v2-8
mps-uncap,1.0,57.34729766845703,77.51274108886719,16.66545867919922,13.411164283752441
