mode,load,0_densenet121-32,1_efficientnet_b6-32,2_mobilenet_v2-32,3_mobilenet_v2-8
mps-uncap,1.0,47.71733283996582,50.23384094238281,11.706113815307617,6.58726692199707
