mode,load,0_efficientnet_b6-2,1_efficientnet_b6-8,2_mobilenet_v2-32,3_resnet34-32
mps-uncap,1.0,35.561323165893555,25.091171264648438,9.857654571533203,12.98069953918457
