mode,load,0_efficientnet_b7-2,1_mobilenet_v3_small-2
mps-uncap,1.0,12.758493423461914,2.3670196533203125
