mode,load,0_resnet152-8,1_squeezenet1_0-8,2_squeezenet1_1-16
mps-uncap,1.0,22.150940895080566,4.593372344970703,4.932518005371094
