mode,load,0_densenet121-8,1_resnet18-16,2_resnet34-8
mps-uncap,1.0,7.560253143310547,3.2434463500976562,4.852771759033203
