mode,load,0_densenet121-8,1_resnet18-16,2_resnet34-8
mps-uncap,1.0,13.283967971801758,3.884553909301758,6.014704704284668
