mode,load,0_densenet121-16,1_densenet201-4,2_efficientnet_b6-32
mps-uncap,1.0,36.271095275878906,57.35969543457031,50.301313400268555
