mode,load,0_alexnet-4,1_resnet50-32
mps-uncap,1.0,3.756868839263916,13.84878158569336
