mode,load,0_mobilenet_v2-32,1_mobilenet_v2-32,2_resnet50-4,3_resnet50-4
mps-uncap,1.0,12.546300888061523,12.546062469482422,12.576103210449219,12.56871223449707
