mode,load,0_densenet201-32,1_efficientnet_b7-8,2_mobilenet_v2-2,3_mobilenet_v2-32
mps-uncap,1.0,70.57766914367676,63.11769485473633,11.938834190368654,16.851639747619632
