mode,load,0_densenet169-2,1_mobilenet_v2-32,2_resnet152-32,3_vgg16-16
mps-uncap,1.0,118.68186950683594,36.33517265319824,118.04193019866943,21.809825897216797
