mode,load,0_densenet169-2,1_mobilenet_v2-32,2_resnet152-32,3_vgg16-16
mps-uncap,1.0,111.29593849182129,28.54633331298828,112.13135719299316,17.18306541442871
