mode,load,0_densenet121-32,1_densenet161-2,2_mobilenet_v2-32,3_vgg19-16
mps-uncap,1.0,88.40727806091309,106.66894912719727,33.036231994628906,24.319152832031246
