mode,load,0_densenet169-4,1_mobilenet_v2-32,2_mobilenet_v3_small-32,3_resnet18-32
mps-uncap,1.0,41.92161560058594,10.938644409179688,10.766029357910156,8.741378784179688
