mode,load,0_densenet169-4,1_mobilenet_v2-32,2_mobilenet_v3_small-32,3_resnet18-32
mps-uncap,1.0,45.475006103515625,12.820720672607422,13.11349868774414,11.467456817626953
