mode,load,0_efficientnet_b7-4,1_mobilenet_v2-2,2_resnet34-32
mps-uncap,1.0,29.651665687561035,5.242824554443359,9.108400344848633
