mode,load,0_densenet121-32,1_squeezenet1_0-32
mps-uncap,1.0,35.991668701171875,12.099742889404297
