mode,load,0_densenet121-32,1_squeezenet1_0-32
mps-uncap,1.0,955.6850924404682,3821.7268635678597
