mode,load,0_efficientnet_b6-32,1_vgg11-8
mps-uncap,1.0,483.1156197714153,1364.3126277761908
