mode,load,0_densenet201-8,1_mobilenet_v2-32,2_mobilenet_v3_small-2,3_vgg11-32
mps-uncap,1.0,120.48530578613281,27.96030044555664,25.775909423828125,15.743017196655273
