mode,load,0_efficientnet_b6-8,1_resnet34-8
mps-uncap,1.0,15.905904769897461,5.819034576416016
