mode,load,0_efficientnet_b6-8,1_resnet34-8
mps-uncap,1.0,514.8798545744331,1731.8858924532137
