mode,load,0_densenet201-2,1_inception_v3-4
mps-uncap,1.0,0.005245208740234375,0.000476837158203125
