mode,load,0_densenet201-16,1_densenet201-32,2_squeezenet1_0-8
mps-uncap,1.0,46.450748443603516,48.98076772689819,9.506120681762686
