mode,load,0_densenet201-16,1_densenet201-32,2_squeezenet1_0-8
mps-uncap,1.0,46.863555908203125,49.88837242126465,11.124372482299805
