mode,load,0_densenet169-32,1_efficientnet_b6-16,2_mobilenet_v2-32,3_resnet18-8
mps-uncap,1.0,63.86864185333252,57.66725540161133,13.539552688598633,8.617162704467773
