mode,load,0_densenet169-32,1_efficientnet_b6-16,2_mobilenet_v2-32,3_resnet18-8
mps-uncap,1.0,67.44813919067383,61.101675033569336,21.581172943115234,16.883134841918945
