mode,load,0_densenet169-32,1_efficientnet_b6-16,2_mobilenet_v2-32,3_resnet18-8
mps-uncap,1.0,65.50326347351074,58.840036392211914,17.26212501525879,11.62409782409668
