mode,load,0_densenet169-32,1_efficientnet_b6-16,2_mobilenet_v2-32,3_resnet18-8
mps-uncap,1.0,501.08253108587286,278.7120494305191,2271.1365776604885,903.185950196418
