mode,load,0_densenet169-32,1_mobilenet_v3_small-8,2_vgg11-32
mps-uncap,1.0,96.26928329467773,25.566978454589844,15.755236148834229
