mode,load,0_densenet169-32,1_mobilenet_v3_small-8,2_vgg11-32
mps-uncap,1.0,88.34719657897949,13.862848281860352,12.155413627624512
