mode,load,0_alexnet-32,1_resnet101-2
mps-uncap,1.0,2.4399757385253906,8.654999732971191
