mode,load,0_efficientnet_b5-2,1_mobilenet_v2-32,2_mobilenet_v3_large-4,3_vgg13-32
mps-uncap,1.0,96.21846675872803,31.660103797912598,33.039021492004395,19.41075325012207
