mode,load,0_efficientnet_b5-2,1_mobilenet_v2-32,2_mobilenet_v3_large-4,3_vgg13-32
mps-uncap,1.0,102.03145742416382,33.360533714294434,34.32186365127564,19.747815132141113
