mode,load,0_efficientnet_b5-2,1_mobilenet_v2-32,2_mobilenet_v3_large-4,3_vgg13-32
mps-uncap,1.0,96.21882438659668,31.6603422164917,33.039236068725586,19.41089630126953
