mode,load,0_efficientnet_b7-4,1_resnet152-16,2_vgg19-16
mps-uncap,1.0,88.83631229400635,67.40927696228027,14.337539672851562
