mode,load,0_densenet161-8,1_resnet34-2,2_resnet50-32
mps-uncap,1.0,37.74649143218994,12.549471855163578,16.345982551574707
