mode,load,0_densenet201-32,1_resnet18-16,2_resnet34-16
mps-uncap,1.0,50.14756917953491,9.863681793212889,14.62172746658325
