mode,load,0_densenet121-32,1_vgg19-16
mps-uncap,1.0,564.8151804292104,1129.633406213151
