mode,load,0_densenet121-32,1_resnet50-4,2_vgg13-8
mps-uncap,1.0,49.29792881011963,21.67797088623047,10.421121120452883
