mode,load,0_densenet161-32,1_mobilenet_v2-32,2_mobilenet_v3_small-8,3_squeezenet1_1-2
mps-uncap,1.0,57.10101127624512,9.469747543334961,4.272699356079102,1.6727447509765625
