mode,load,0_densenet161-32,1_mobilenet_v2-32,2_mobilenet_v3_small-8,3_squeezenet1_1-2
mps-uncap,1.0,62.64853477478027,24.75285530090332,18.955469131469727,15.782594680786133
