mode,load,0_densenet169-32,1_resnet50-16
mps-uncap,1.0,31.525135040283203,8.517980575561523
