mode,load,0_densenet169-32,1_resnet50-16
mps-uncap,1.0,31.525373458862305,8.518218994140625
