mode,load,0_llama-4,1_llama-16,2_bert-2,3_densenet169-32
mps-uncap,1.0,189.43583965301514,723.0791568756104,14.804325103759766,36.494362354278564
