mode,load,0_inception_v3-8,1_vgg13-2,2_vgg13-2
mps-uncap,1.0,15.793323516845703,3.1266212463378906,3.1898021697998047
