mode,load,0_inception_v3-8,1_vgg13-2,2_vgg13-2
mps-uncap,1.0,16.75868034362793,3.4873485565185547,3.5762786865234375
