mode,load,0_inception_v3-32,1_resnet101-8,2_resnet34-16
mps-uncap,1.0,22.467851638793945,17.08388328552246,9.642839431762695
mig,1.0,20.71845531463623,19.325971603393555,12.152791023254395
