mode,load,0_inception_v3-32,1_resnet101-8,2_resnet34-16
mps-uncap,1.0,24.365592002868652,19.413316249847412,13.214426040649416
mig,1.0,23.00415277481079,20.33649444580078,13.307855129241943
