mode,load,0_inception_v3-32,1_resnet101-8,2_resnet34-16
mps-uncap,1.0,22.468090057373047,17.08400249481201,9.643077850341797
mig,1.0,20.71857452392578,19.325971603393555,12.152910232543945
