mode,load,0_inception_v3-32,1_resnet101-8,2_resnet34-16
mps-uncap,1.0,23.40524196624756,18.271923065185547,11.74626350402832
mig,1.0,21.311426162719727,19.5950984954834,12.55030632019043
