mode,load,0_efficientnet_b6-16,1_resnet18-32
mps-uncap,1.0,34.34906005859375,8.632206916809084
