mode,load,0_efficientnet_b6-16,1_resnet18-32
mps-uncap,1.0,34.71848487854004,9.2946457862854
