mode,load,0_densenet169-8,1_densenet201-4,2_squeezenet1_0-4
mps-uncap,1.0,13.159036636352539,16.861319541931152,1.8928050994873047
