mode,load,0_densenet121-2,1_efficientnet_b5-16,2_resnet18-8
mps-uncap,1.0,16.2503719329834,20.600557327270508,6.089735031127931
