mode,load,0_mobilenet_v2-32,1_mobilenet_v2-32,2_mobilenet_v3_large-2,3_resnet34-8
mps-uncap,1.0,14.767761230468748,14.774723052978514,13.435535430908203,14.46833848953247
