mode,load,0_inception_v3-4,1_mobilenet_v2-32,2_resnet34-32,3_vgg11-4
mps-uncap,1.0,30.660629272460938,16.395926475524902,19.888019561767578,8.225202560424805
