mode,load,0_densenet161-4,1_densenet201-2,2_vgg13-2
mps-uncap,1.0,22.22275733947754,20.91050148010254,3.8971900939941406
