mode,load,0_densenet161-4,1_densenet201-2,2_vgg13-2
mps-uncap,1.0,19.443559646606445,18.749332427978516,2.5653839111328125
