mode,load,0_alexnet-8,1_densenet161-8,2_densenet201-32,3_mobilenet_v2-32
mps-uncap,1.0,0.00667572021484375,0.000476837158203125,0.000476837158203125,0.0007152557373046875
