mode,load,0_alexnet-8,1_densenet161-8,2_densenet201-32,3_mobilenet_v2-32
mps-uncap,1.0,15.327215194702148,61.54227256774902,88.81831169128418,27.529001235961914
