mode,load,0_efficientnet_b5-16,1_vgg16-16
mps-uncap,1.0,59.50820446014404,11.612892150878906
