mode,load,0_mobilenet_v2-32,1_resnet101-32,2_resnet101-4,3_resnet152-4
mps-uncap,1.0,17.255306243896484,37.711381912231445,32.92989730834961,47.3942756652832
