mode,load,0_mobilenet_v2-32,1_resnet101-32,2_resnet101-4,3_resnet152-4
mps-uncap,1.0,9.74273681640625,32.73916244506836,17.202138900756836,38.43069076538086
