mode,load,0_alexnet-16,1_densenet161-32,2_mobilenet_v2-32,3_resnet18-8
mps-uncap,1.0,9.595193862915037,80.35818099975586,25.40414333343506,18.738710880279537
