mode,load,0_alexnet-16,1_densenet161-32,2_mobilenet_v2-32,3_resnet18-8
mps-uncap,1.0,1.8451213836669922,41.838884353637695,11.516094207763672,2.871274948120117
