mode,load,0_vgg16-4,1_vgg16-4
mig,1.0,5.172491073608398,6.740808486938477
mps-uncap,1.0,5.442142486572266,5.444765090942383
