mode,load,0_vgg16-4,1_vgg16-4
mig,1.0,5.23731231689453,6.820917129516602
