mode,load,0_efficientnet_b5-8,1_mobilenet_v2-32,2_squeezenet1_1-4,3_vgg19-32
mps-uncap,1.0,106.97078704833984,28.731822967529297,15.898466110229492,27.138710021972656
