mode,load,0_alexnet-16,1_resnet152-32
mps-uncap,1.0,3.0185222625732426,37.45746612548828
