mode,load,0_llama-8,1_bert-2,2_mobilenet_v2-32
mps-uncap,1.0,152.374267578125,9.588003158569336,7.442951202392578
