mode,load,0_llama-8,1_bert-2,2_mobilenet_v2-32
mps-uncap,1.0,404.75664138793945,13.644933700561523,8.563995361328125
