mode,load,0_efficientnet_b6-4,1_mobilenet_v3_small-2,2_resnet50-2
mps-uncap,1.0,329.10757821806425,820.1603170796365,585.6257409824607
