mode,load,0_efficientnet_b6-32,1_inception_v3-8
mps-uncap,1.0,41.90802574157715,26.017189025878906
