mode,load,0_densenet169-16,1_mobilenet_v3_large-2,2_vgg16-32
mps-uncap,1.0,95.69835662841797,34.51418876647949,23.252010345458984
