mode,load,0_densenet169-16,1_mobilenet_v3_large-2,2_vgg16-32
mps-uncap,1.0,0.000476837158203125,0.000476837158203125,0.000476837158203125
