mode,load,0_vgg11-8,1_vgg11-8
mig,1.0,22.474050521850586,25.644302368164062
