mode,load,0_densenet161-8,1_resnet101-16
mps-uncap,1.0,22.496531009674072,15.630548000335695
