mode,load,0_densenet121-4,1_inception_v3-4,2_mobilenet_v2-32,3_vgg13-32
mps-uncap,1.0,84.07119750976562,64.74310159683228,36.084380149841316,23.66154193878174
