mode,load,0_densenet201-32,1_resnet18-16
mps-uncap,1.0,39.148807525634766,8.317902088165283
