mode,load,0_alexnet-4,1_efficientnet_b6-32,2_mobilenet_v2-2
mps-uncap,1.0,5.802154541015625,44.85058784484863,15.62643051147461
