mode,load,0_mobilenet_v2-16,1_resnet18-32
mps-uncap,1.0,6.115548610687256,6.022803783416748
