mode,load,0_mobilenet_v2-16,1_resnet18-32
mps-uncap,1.0,5.920171737670898,5.92041015625
