mode,load,0_mobilenet_v2-16,1_resnet18-32
mps-uncap,1.0,2696.7375577715316,5393.513538188861
