mode,load,0_densenet121-32,1_efficientnet_b5-4,2_mobilenet_v2-32,3_resnet50-32
mps-uncap,1.0,55.30142784118652,59.91506576538086,20.044517517089844,27.688837051391605
