mode,load,0_densenet161-4,1_densenet169-32,2_vgg16-4
mps-uncap,1.0,35.53283214569092,40.71831703186035,5.430459976196289
