mode,load,0_densenet161-2,1_squeezenet1_1-32,2_vgg11-32
mps-uncap,1.0,74.94997978210449,15.617852210998537,13.594369888305664
