mode,load,0_densenet161-16,1_mobilenet_v3_large-8,2_resnet101-4
mps-uncap,1.0,27.0749568939209,8.410844802856445,14.675736427307129
