mode,load,0_densenet161-16,1_mobilenet_v3_large-8,2_resnet101-4
mps-uncap,1.0,27.899980545043945,9.017705917358398,16.373395919799805
