mode,load,0_resnet152-8,1_vgg16-32
mps-uncap,1.0,62.049150466918945,18.280982971191406
