mode,load,0_resnet152-32,1_densenet121-4,2_resnet18-16
mps-uncap,1.0,0.0002384185791015625,0.0002384185791015625,0.0002384185791015625
mig,1.0,0.0002384185791015625,0.0002384185791015625,0.0002384185791015625
