mode,load,0_mobilenet_v2-32,1_mobilenet_v3_large-2,2_resnet34-32,3_resnet50-4
mps-uncap,1.0,11.586072444915771,11.560678482055664,14.84059095382691,15.164973735809323
