mode,load,0_densenet169-2,1_resnet101-32,2_resnet152-2
mps-uncap,1.0,28.45956802368164,21.59285545349121,21.493377685546875
