mode,load,0_densenet169-2,1_resnet101-32,2_resnet152-2
mps-uncap,1.0,28.45956802368164,21.593093872070312,21.493427753448486
