mode,load,0_densenet201-32,1_mobilenet_v2-32,2_squeezenet1_0-2,3_vgg19-2
mps-uncap,1.0,68.52798461914062,15.360879898071289,8.127546310424805,9.341955184936523
