mode,load,0_efficientnet_b6-4,1_inception_v3-4,2_mobilenet_v2-32,3_vgg11-32
mps-uncap,1.0,100.97158432006835,55.626211166381836,26.241290569305423,14.771623611450192
