mode,load,0_densenet201-16,1_resnet50-16
mps-uncap,1.0,18.633365631103516,8.046388626098633
