mode,load,0_efficientnet_b7-16,1_mobilenet_v2-32,2_resnet101-8,3_vgg11-32
mps-uncap,1.0,157.03916549682617,29.886364936828613,73.86434078216553,15.247941017150879
