mode,load,0_efficientnet_b7-16,1_mobilenet_v2-32,2_resnet101-8,3_vgg11-32
mps-uncap,1.0,54.36992645263672,21.633386611938477,62.88957595825195,12.597084045410156
