mode,load,0_densenet169-2,1_densenet201-32,2_squeezenet1_0-16
mps-uncap,1.0,29.879331588745117,48.01011085510254,4.940032958984375
