mode,load,0_inception_v3-4,1_vgg16-16
mps-uncap,1.0,27.344942092895508,11.492013931274414
