mode,load,0_inception_v3-4,1_vgg16-16
mps-uncap,1.0,22.169947624206543,10.201692581176758
