mode,load,0_llama-4,1_bert-8,2_densenet161-8
mps-uncap,1.0,0.00095367431640625,0.00095367431640625,0.0045299530029296875
