mode,load,0_efficientnet_b5-8,1_inception_v3-16,2_mobilenet_v2-32,3_resnet101-32
mps-uncap,1.0,51.66611671447754,37.00611591339111,16.51320457458496,39.3129825592041
