mode,load,0_alexnet-16,1_mobilenet_v3_large-16
mps-uncap,1.0,2.2950172424316406,5.303397178649902
