mode,load,0_efficientnet_b6-2,1_resnet18-16,2_squeezenet1_1-16
mps-uncap,1.0,10.720252990722656,3.1185150146484375,3.469228744506836
