mode,load,0_efficientnet_b6-2,1_resnet18-16,2_squeezenet1_1-16
mps-uncap,1.0,0.0002384185791015625,0.0002384185791015625,0.0002384185791015625
