mode,load,0_resnet18-2,1_squeezenet1_1-4,2_vgg16-8
mps-uncap,1.0,4.4814348220825195,4.831790924072266,6.350040435791016
