mode,load,0_resnet18-2,1_squeezenet1_1-4,2_vgg16-8
mps-uncap,1.0,5.896091461181641,6.706714630126953,7.638692855834961
