mode,load,0_densenet169-16,1_efficientnet_b5-8,2_vgg16-8
mps-uncap,1.0,52.405500411987305,44.75726127624512,9.620981216430662
