mode,load,0_densenet169-16,1_efficientnet_b5-8,2_vgg16-8
mps-uncap,1.0,51.348304748535156,43.86024475097656,8.622932434082031
