mode,load,0_alexnet-8,1_mobilenet_v2-32,2_resnet18-32,3_squeezenet1_0-2
mps-uncap,1.0,0.0064373016357421875,0.0007152557373046875,0.003337860107421875,0.000476837158203125
