mode,load,0_densenet161-16,1_densenet161-16
mig,1.0,501.92827330481185,578.5843956176702
