mode,load,0_vgg19-8,1_vgg19-8
mig,1.0,11.229093074798582,13.920252323150635
mps-uncap,1.0,11.865382194519045,11.906425952911379
