mode,load,0_densenet121-16,1_densenet201-2,2_vgg16-32
mps-uncap,1.0,67.6986789703369,103.55389356613159,22.514734268188477
