mode,load,0_resnet34-16,1_vgg11-2
mps-uncap,1.0,0.0007152557373046875,0.0057220458984375
