mode,load,0_alexnet-32,1_densenet201-8,2_resnet18-2
mps-uncap,1.0,2.5086402893066406,22.013425827026367,1.6903877258300781
