mode,load,0_alexnet-32,1_densenet201-8,2_resnet18-2
mps-uncap,1.0,3.8764476776123047,26.632308959960938,4.672527313232422
