mode,load,0_densenet161-16,1_densenet169-32,2_mobilenet_v2-16,3_mobilenet_v2-32
mps-uncap,1.0,46.78177833557129,36.339759826660156,6.812572479248047,10.45680046081543
