mode,load,0_densenet161-16,1_densenet169-32,2_mobilenet_v2-16,3_mobilenet_v2-32
mps-uncap,1.0,64.79859352111816,65.87157249450684,15.407752990722656,17.249488830566406
