mode,load,0_alexnet-2,1_resnet152-16,2_vgg13-2
mps-uncap,1.0,2.6685428619384766,31.15077495574951,4.6938323974609375
