mode,load,0_densenet161-8,1_resnet152-32
mps-uncap,1.0,30.071067810058594,33.14566612243652
