mode,load,0_densenet161-8,1_resnet152-32
mps-uncap,1.0,29.337763786315918,32.49835968017578
