mode,load,0_alexnet-16,1_resnet18-8,2_squeezenet1_1-8
mps-uncap,1.0,3.5409927368164062,4.75621223449707,4.464864730834961
