mode,load,0_densenet161-16,1_mobilenet_v3_large-16,2_mobilenet_v3_large-16
mps-uncap,1.0,30.220508575439453,6.757497787475586,6.758928298950195
