mode,load,0_alexnet-16,1_alexnet-16
mig,1.0,2.382040023803711,2.8629302978515625
