mode,load,0_densenet121-32,1_densenet201-4,2_efficientnet_b5-16,3_mobilenet_v2-32
mps-uncap,1.0,47.68400192260742,70.75691223144531,50.67119598388672,20.374608039855957
