mode,load,0_densenet169-32,1_mobilenet_v2-4
mps-uncap,1.0,23.417949676513672,2.1941661834716797
