mode,load,0_efficientnet_b6-32,1_efficientnet_b7-4,2_mobilenet_v2-32,3_resnet34-32
mps-uncap,1.0,61.34819984436035,40.79103469848633,11.253833770751953,15.07425308227539
