mode,load,0_densenet161-2,1_vgg11-2
mps-uncap,1.0,14.562606811523438,2.817392349243164
