mode,load,0_densenet161-2,1_vgg11-2
mps-uncap,1.0,13.145685195922852,1.6736984252929688
