mode,load,0_mobilenet_v2-32,1_resnet101-8,2_resnet50-4,3_vgg11-32
mps-uncap,1.0,14.301061630249023,46.65732383728027,13.459920883178711,13.340950012207031
