mode,load,0_densenet169-2,1_efficientnet_b5-32,2_mobilenet_v2-32,3_mobilenet_v2-32
mps-uncap,1.0,64.34726715087889,62.63198614120483,21.7354679107666,21.89504623413086
