mode,load,0_mobilenet_v2-32,1_mobilenet_v2-4
mps-uncap,1.0,5.928993225097656,2.155303955078125
