mode,load,0_mobilenet_v2-32,1_mobilenet_v2-4
mps-uncap,1.0,6.2007904052734375,5.522902011871338
