mode,load,0_densenet201-16,1_vgg19-8
mps-uncap,1.0,51.709651947021484,8.827710151672363
