mode,load,0_efficientnet_b7-4,1_squeezenet1_0-8,2_vgg13-4
mps-uncap,1.0,109.26794947057296,1703.9268760710556,947.6403042115904
