mode,load,0_efficientnet_b5-32,1_mobilenet_v2-2
mps-uncap,1.0,0.000476837158203125,0.000476837158203125
