mode,load,0_resnet34-16,1_vgg19-8
mps-uncap,1.0,9.855031967163086,6.69550895690918
