mode,load,0_resnet34-16,1_vgg19-8
mps-uncap,1.0,15.49220085144043,9.274005889892578
