mode,load,0_resnet34-16,1_vgg19-8
mps-uncap,1.0,9.855270385742188,6.695747375488281
