mode,load,0_densenet121-32,1_densenet121-8,2_mobilenet_v2-32,3_vgg11-2
mps-uncap,1.0,42.401371002197266,38.03630352020264,17.38780975341797,9.267959594726562
