mode,load,0_alexnet-8,1_densenet161-32,2_mobilenet_v2-32,3_mobilenet_v3_small-8
mps-uncap,1.0,10.74671745300293,76.22075080871582,24.515628814697266,21.094799041748047
