mode,load,0_alexnet-8,1_densenet161-32,2_mobilenet_v2-32,3_mobilenet_v3_small-8
mps-uncap,1.0,6.089735031127931,70.09377479553223,20.758581161499023,16.551494598388683
