mode,load,0_resnet101-32,1_vgg11-2
mps-uncap,1.0,23.511886596679688,2.0246505737304688
