mode,load,0_resnet101-32,1_vgg11-2
mps-uncap,1.0,1266.41549586461,633.7070756960676
