mode,load,0_efficientnet_b5-2,1_mobilenet_v2-32,2_resnet34-2,3_resnet34-32
mps-uncap,1.0,31.35538101196289,10.524272918701172,9.585142135620117,12.55953311920166
