mode,load,0_mobilenet_v3_large-4,1_resnet18-2,2_vgg19-8
mps-uncap,1.0,0.000476837158203125,0.000476837158203125,0.000476837158203125
