mode,load,0_inception_v3-2,1_mobilenet_v2-32,2_resnet152-8,3_resnet34-32
mps-uncap,1.0,22.144794464111328,11.186361312866211,37.80555725097656,13.672113418579102
