mode,load,0_inception_v3-2,1_mobilenet_v2-32,2_resnet152-8,3_resnet34-32
mps-uncap,1.0,10.902881622314453,8.997201919555664,34.51967239379883,12.146472930908203
