mode,load,0_mobilenet_v3_small-2,1_resnet50-32,2_vgg11-4
mps-uncap,1.0,10.927224159240723,17.425847053527832,6.2747955322265625
