mode,load,0_mobilenet_v3_small-2,1_resnet50-32,2_vgg11-4
mps-uncap,1.0,11.55853271484375,17.71275043487549,7.444460391998291
