mode,load,0_inception_v3-16,1_resnet18-2,2_vgg16-2
mps-uncap,1.0,0.0002384185791015625,0.0002384185791015625,0.0002384185791015625
