mode,load,0_mobilenet_v2-32,1_resnet152-8,2_resnet34-8,3_vgg13-32
mps-uncap,1.0,23.35357666015625,59.85593795776367,24.037599563598633,17.160415649414062
