mode,load,0_efficientnet_b5-4,1_inception_v3-32,2_mobilenet_v2-32,3_squeezenet1_1-16
mps-uncap,1.0,27.28128433227539,15.03610610961914,9.286165237426758,3.2215118408203125
