mode,load,0_alexnet-8,1_densenet121-32,2_resnet50-4
mps-uncap,1.0,2.0689964294433594,26.153564453125,8.70203971862793
