mode,load,0_densenet121-2,1_densenet161-8,2_mobilenet_v2-32,3_resnet101-32
mps-uncap,1.0,40.062665939331055,55.483341217041016,19.903182983398438,37.85538673400879
