mode,load,0_densenet161-8,1_densenet169-4,2_resnet152-4
mps-uncap,1.0,16.964197158813477,15.619754791259766,12.224197387695312
