mode,load,0_densenet161-32,1_efficientnet_b7-8,2_mobilenet_v2-32,3_vgg16-2
mps-uncap,1.0,76.53421401977539,82.35534429550171,22.136206626892093,14.925212860107422
