mode,load,0_efficientnet_b7-4,1_inception_v3-8
mps-uncap,1.0,15.209293365478516,7.392406463623047
