mode,load,0_efficientnet_b7-4,1_inception_v3-8
mps-uncap,1.0,13.986349105834961,5.378246307373047
