mode,load,0_mobilenet_v3_large-32,1_vgg19-4
mps-uncap,1.0,9.648990631103516,6.964120864868164
