mode,load,0_mobilenet_v3_large-32,1_vgg19-4
mps-uncap,1.0,9.320974349975586,6.438255310058594
