mode,load,0_inception_v3-16,1_resnet34-2
mps-uncap,1.0,0.000476837158203125,0.0054836273193359375
