mode,load,0_inception_v3-16,1_resnet34-2
mps-uncap,1.0,8.00264835357666,3.5333633422851562
