mode,load,0_densenet121-32,1_mobilenet_v2-8,2_vgg19-32
mps-uncap,1.0,357.22201999264684,396.5896090552786,1229.1046072754978
