mode,load,0_inception_v3-4,1_mobilenet_v2-32,2_mobilenet_v2-32,3_mobilenet_v3_small-8
mps-uncap,1.0,21.13199234008789,10.736703872680664,10.736703872680664,8.153676986694336
