mode,load,0_densenet121-2,1_mobilenet_v2-32,2_resnet152-8,3_resnet50-32
mps-uncap,1.0,35.222530364990234,16.17109775543213,48.02978038787842,23.604393005371094
