mode,load,0_efficientnet_b5-2,1_mobilenet_v2-32,2_resnet152-16,3_resnet152-32
mps-uncap,1.0,57.89685249328613,26.883840560913086,61.18202209472656,65.4458999633789
