mode,load,0_resnet18-16,1_vgg19-4
mps-uncap,1.0,4.832267761230469,5.00035285949707
