mode,load,0_densenet201-32,1_densenet201-4,2_inception_v3-16,3_mobilenet_v2-32
mps-uncap,1.0,68.01304817199707,57.31644630432129,31.396007537841797,17.777013778686527
