mode,load,0_mobilenet_v2-16,1_resnet34-8,2_squeezenet1_0-8
mps-uncap,1.0,5.593776702880859,6.644010543823242,3.866434097290039
