mode,load,0_densenet169-32,1_inception_v3-8
mps-uncap,1.0,26.433467864990234,14.96124267578125
