mode,load,0_densenet201-32,1_densenet201-8,2_mobilenet_v2-32,3_resnet34-32
mps-uncap,1.0,81.8033218383789,71.63405418395996,20.184993743896484,23.69832992553711
