mode,load,0_densenet121-32,1_efficientnet_b5-32,2_mobilenet_v2-32,3_mobilenet_v3_small-32
mps-uncap,1.0,58.2574987411499,68.40813159942627,25.001010894775387,24.824142456054684
