mode,load,0_densenet169-16,1_densenet201-32,2_mobilenet_v2-32,3_resnet101-2
mps-uncap,1.0,32.746315002441406,33.080101013183594,8.497238159179688,15.61737060546875
