mode,load,0_mobilenet_v3_large-32,1_resnet101-8,2_squeezenet1_0-16
mps-uncap,1.0,11.544485092163086,22.031173706054688,7.671570777893066
