mode,load,0_inception_v3-8,1_mobilenet_v2-32,2_resnet101-32,3_squeezenet1_0-8
mps-uncap,1.0,35.75301170349121,17.533540725708008,39.70456123352051,13.870477676391602
