mode,load,0_inception_v3-8,1_mobilenet_v2-32,2_resnet101-32,3_squeezenet1_0-8
mps-uncap,1.0,33.75208377838135,16.267681121826172,38.35947513580322,10.52558422088623
