mode,load,0_vgg13-2,1_vgg19-32
mps-uncap,1.0,18.87566089630127,24.1976261138916
