mode,load,0_vgg13-2,1_vgg19-32
mps-uncap,1.0,20.13564109802246,25.292396545410156
