mode,load,0_alexnet-8,1_mobilenet_v3_large-4
mps-uncap,1.0,1.089334487915039,2.8438568115234375
