mode,load,0_llama-8,1_mobilenet_v3_small-32,2_efficientnet_b5-8,3_resnet18-8
mps-uncap,1.0,345.14904022216797,6.274938583374023,21.67534828186035,4.076480865478516
