mode,load,0_llama-8,1_mobilenet_v3_small-32,2_efficientnet_b5-8,3_resnet18-8
mps-uncap,1.0,347.1830368041992,7.514238357543945,22.52507209777832,5.118370056152344
