mode,load,0_mobilenet_v2-32,1_resnet101-4,2_resnet50-32,3_squeezenet1_0-2
mps-uncap,1.0,12.098073959350586,23.537158966064453,21.058320999145508,2.3970603942871094
