mode,load,0_resnet50-2,1_squeezenet1_0-4
mps-uncap,1.0,4.473447799682617,2.8107166290283203
