mode,load,0_densenet121-4,1_inception_v3-2
mps-uncap,1.0,9.96541976928711,6.485939025878906
