mode,load,0_efficientnet_b5-16,1_efficientnet_b6-4,2_mobilenet_v2-32,3_resnet34-32
mps-uncap,1.0,55.14748573303223,59.86438274383544,20.29651403427124,24.35259342193604
