mode,load,0_efficientnet_b5-16,1_efficientnet_b6-4,2_mobilenet_v2-32,3_resnet34-32
mps-uncap,1.0,42.60420799255371,43.75648498535156,10.802745819091797,13.434410095214844
