mode,load,0_efficientnet_b6-4,1_mobilenet_v2-32,2_resnet18-32,3_vgg13-8
mps-uncap,1.0,79.25009727478027,19.29450035095215,14.357328414916992,8.581161499023438
