mode,load,0_efficientnet_b7-32,1_mobilenet_v3_small-8
mps-uncap,1.0,53.689002990722656,14.009475708007812
