mode,load,0_efficientnet_b7-32,1_mobilenet_v3_small-8
mps-uncap,1.0,51.283836364746094,13.128576278686525
