mode,load,0_resnet152-32,1_resnet34-4
mps-uncap,1.0,28.794527053833008,5.784273147583008
