mode,load,0_efficientnet_b5-4,1_inception_v3-32
mps-uncap,1.0,14.490604400634766,13.92364501953125
