mode,load,0_efficientnet_b5-4,1_inception_v3-32
mps-uncap,1.0,11.126995086669922,12.384653091430664
