mode,load,0_resnet101-32,1_squeezenet1_1-8
mps-uncap,1.0,21.429896354675293,3.374934196472168
