mode,load,0_densenet121-16,1_efficientnet_b5-2
mps-uncap,1.0,10.598449707031248,11.475081443786621
