mode,load,0_mobilenet_v2-32,1_mobilenet_v3_small-4,2_resnet101-32,3_squeezenet1_1-32
mps-uncap,1.0,13.847827911376953,11.170148849487305,39.78288173675537,10.433435440063477
