mode,load,0_densenet121-2,1_mobilenet_v3_small-32,2_squeezenet1_0-4
mps-uncap,1.0,0.000476837158203125,0.000476837158203125,0.000476837158203125
