mode,load,0_densenet161-4,1_mobilenet_v2-32,2_mobilenet_v3_small-32,3_resnet152-32
mps-uncap,1.0,52.83703804016113,15.267443656921385,15.263366699218752,51.338911056518555
