mode,load,0_resnet101-8,1_squeezenet1_0-32,2_squeezenet1_0-4
mps-uncap,1.0,23.491859436035156,9.719610214233398,7.909536361694336
