mode,load,0_efficientnet_b7-32,1_squeezenet1_0-16
mps-uncap,1.0,66.71671867370605,12.083768844604492
