mode,load,0_efficientnet_b6-2,1_efficientnet_b7-32,2_inception_v3-32,3_mobilenet_v2-32
mps-uncap,1.0,78.4604549407959,101.91512107849121,60.00375747680664,33.17070007324219
