mode,load,0_squeezenet1_0-32,1_vgg11-8
mps-uncap,1.0,10.899710655212402,5.604863166809082
