mode,load,0_alexnet-4,1_densenet121-32,2_vgg11-32
mps-uncap,1.0,11.722822189331055,76.53050422668457,15.720424652099608
