mode,load,0_alexnet-4,1_densenet121-32,2_vgg11-32
mps-uncap,1.0,0.7848739624023438,31.230449676513672,11.193513870239258
