mode,load,0_densenet169-8,1_densenet201-2,2_mobilenet_v2-16
mps-uncap,1.0,19.112825393676758,20.303010940551758,5.920886993408203
