mode,load,0_densenet169-8,1_densenet201-2,2_mobilenet_v2-16
mps-uncap,1.0,17.57645606994629,17.789363861083984,4.006385803222656
