mode,load,0_mobilenet_v2-32,1_mobilenet_v2-32,2_resnet101-4,3_resnet152-8
mps-uncap,1.0,13.029098510742188,13.029098510742188,17.67706871032715,30.20453453063965
