mode,load,0_efficientnet_b6-4,1_mobilenet_v2-32,2_resnet152-32,3_resnet34-4
mps-uncap,1.0,39.97611999511719,10.380268096923828,34.4235897064209,7.87663459777832
