mode,load,0_efficientnet_b6-4,1_mobilenet_v2-32,2_resnet152-32,3_resnet34-4
mps-uncap,1.0,39.97635841369629,10.380268096923828,34.4235897064209,7.876873016357422
