mode,load,0_densenet201-8,1_resnet34-8
mps-uncap,1.0,12.388467788696289,3.1042098999023438
