mode,load,0_densenet161-8,1_mobilenet_v2-32,2_squeezenet1_1-2,3_vgg11-32
mps-uncap,1.0,99.44090843200684,26.723575592041016,15.387511253356934,14.599204063415527
