mode,load,0_densenet161-8,1_mobilenet_v2-32,2_squeezenet1_1-2,3_vgg11-32
mps-uncap,1.0,83.89079988221813,1346.1458414603003,156.85895571626028,2375.3020145212495
