mode,load,0_densenet121-32,1_densenet121-4,2_mobilenet_v2-32,3_resnet34-8
mps-uncap,1.0,0.000476837158203125,0.000476837158203125,0.000476837158203125,0.000476837158203125
