mode,load,0_densenet121-32,1_densenet121-4,2_mobilenet_v2-32,3_resnet34-8
mps-uncap,1.0,39.345383644104004,27.969837188720703,11.039257049560547,11.486053466796875
