mode,load,0_densenet161-4,1_mobilenet_v2-32,2_mobilenet_v3_small-2,3_resnet152-32
mps-uncap,1.0,46.11849784851074,10.819673538208008,8.19408893585205,46.13947868347168
