mode,load,0_densenet161-4,1_mobilenet_v2-32,2_mobilenet_v3_small-2,3_resnet152-32
mps-uncap,1.0,86.92265566395852,2732.570821335998,229.78621339745715,695.3841640204812
