mode,load,0_mobilenet_v3_large-16,1_squeezenet1_1-32,2_vgg19-8
mps-uncap,1.0,16.4947509765625,10.297274589538574,10.484695434570312
