mode,load,0_densenet201-2,1_efficientnet_b5-32,2_vgg16-4
mps-uncap,1.0,58.90642166137696,44.3059754371643,11.537799835205078
