mode,load,0_efficientnet_b5-32,1_inception_v3-32,2_mobilenet_v2-16,3_mobilenet_v2-32
mps-uncap,1.0,75.23890495300293,54.90255355834961,24.361019134521488,28.096163272857666
