mode,load,0_squeezenet1_1-2,1_vgg11-8,2_vgg19-32
mps-uncap,1.0,0.0002384185791015625,0.0002384185791015625,0.0002384185791015625
