mode,load,0_efficientnet_b7-16,1_efficientnet_b7-2,2_inception_v3-16
mps-uncap,1.0,38.311433792114265,36.24241352081299,21.20071411132812
