mode,load,0_efficientnet_b7-16,1_efficientnet_b7-2,2_inception_v3-16
mps-uncap,1.0,28.4116268157959,30.640363693237305,13.72838020324707
