mode,load,0_efficientnet_b7-4,1_mobilenet_v2-32,2_resnet101-8,3_resnet34-32
mps-uncap,1.0,62.605857849121094,14.593839645385742,31.6164493560791,18.469810485839844
