mode,load,0_mobilenet_v3_large-2,1_resnet152-2,2_squeezenet1_1-16
mps-uncap,1.0,0.000476837158203125,0.000476837158203125,0.000476837158203125
