mode,load,0_efficientnet_b6-2,1_efficientnet_b7-4,2_mobilenet_v2-32,3_vgg16-32
mps-uncap,1.0,123.29647064208983,155.50118446350098,35.17073631286621,24.063234329223633
