mode,load,0_efficientnet_b6-8,1_mobilenet_v2-32,2_mobilenet_v3_small-8,3_resnet152-32
mps-uncap,1.0,55.32097816467285,17.62557029724121,16.608715057373047,53.75409126281738
