mode,load,0_efficientnet_b6-8,1_mobilenet_v2-32,2_mobilenet_v3_small-8,3_resnet152-32
mps-uncap,1.0,52.83312797546387,15.81695079803467,12.641739845275879,52.106261253356934
