mode,load,0_efficientnet_b6-8,1_mobilenet_v2-32,2_mobilenet_v3_small-8,3_resnet152-32
mps-uncap,1.0,51.73635482788086,12.917757034301758,10.117769241333008,51.72908306121826
