mode,load,0_densenet201-32,1_inception_v3-8,2_mobilenet_v2-32,3_resnet50-8
mps-uncap,1.0,80.83391189575195,35.04490852355957,26.57485008239746,28.1679630279541
