mode,load,0_densenet201-32,1_inception_v3-8,2_mobilenet_v2-32,3_resnet50-8
mps-uncap,1.0,74.04058694839478,33.49340438842774,19.932069778442383,23.087930679321286
