mode,load,0_densenet161-8,1_mobilenet_v2-32,2_resnet152-32,3_vgg11-4
mps-uncap,1.0,37.24932670593262,12.471675872802734,39.80207443237305,3.4546852111816406
