mode,load,0_densenet161-8,1_mobilenet_v2-32,2_resnet152-32,3_vgg11-4
mps-uncap,1.0,64.01419639587402,14.640569686889648,64.08405303955078,6.009101867675781
