mode,load,0_densenet169-4,1_efficientnet_b5-2,2_mobilenet_v2-32,3_vgg19-32
mps-uncap,1.0,89.4547700881958,69.20599937438965,30.359983444213867,30.353665351867676
