mode,load,0_densenet121-4,1_mobilenet_v2-32,2_mobilenet_v3_large-32,3_resnet18-32
mps-uncap,1.0,38.99669647216797,15.816450119018555,18.610000610351562,12.10474967956543
