mode,load,0_densenet201-4,1_efficientnet_b6-2,2_mobilenet_v2-32,3_resnet101-32
mps-uncap,1.0,60.381412506103516,49.77273941040039,15.645027160644531,35.401105880737305
