mode,load,0_mobilenet_v2-4,1_mobilenet_v3_small-16
mps-uncap,1.0,2.4542808532714844,2.4776864051818843
