mode,load,0_resnet101-32,1_squeezenet1_1-4
mps-uncap,1.0,22.782087326049805,7.565021514892578
