mode,load,0_resnet101-32,1_squeezenet1_1-4
mps-uncap,1.0,20.10035514831543,2.6564598083496094
