mode,load,0_resnet101-32,1_squeezenet1_1-4
mps-uncap,1.0,1590.4522393211473,1198.1456600335596
