mode,load,0_densenet161-2,1_mobilenet_v2-32,2_resnet152-32,3_resnet152-8
mps-uncap,1.0,0.0040531158447265625,0.0007152557373046875,0.000476837158203125,0.000476837158203125
