mode,load,0_mobilenet_v2-32,1_resnet152-32,2_resnet34-8,3_resnet50-32
mps-uncap,1.0,23.75034093856812,77.09465980529785,27.30842590332031,31.835391521453857
