mode,load,0_alexnet-2,1_vgg16-4,2_vgg19-4
mps-uncap,1.0,3.879070281982422,8.19849967956543,9.91201400756836
