mode,load,0_alexnet-8,1_densenet121-32,2_efficientnet_b7-2,3_mobilenet_v2-32
mps-uncap,1.0,2.861618995666504,42.83785820007324,52.17158794403076,12.28022575378418
