mode,load,0_alexnet-8,1_densenet121-32,2_efficientnet_b7-2,3_mobilenet_v2-32
mps-uncap,1.0,5.8411359786987305,43.598175048828125,58.55238437652588,19.321298599243164
