mode,load,0_densenet201-32,1_efficientnet_b7-16
mps-uncap,1.0,56.25748634338379,46.483755111694336
