mode,load,0_densenet169-8,1_efficientnet_b5-8
mps-uncap,1.0,15.018119812011719,12.589597702026367
