mode,load,0_inception_v3-2,1_mobilenet_v2-32,2_mobilenet_v2-32,3_vgg16-8
mps-uncap,1.0,33.4857702255249,22.22919464111328,22.232770919799805,10.398268699645996
