mode,load,0_densenet121-4,1_mobilenet_v3_large-16
mps-uncap,1.0,8.364677429199219,3.5066604614257812
