mode,load,0_densenet121-4,1_mobilenet_v3_large-16
mps-uncap,1.0,0.006198883056640625,0.000476837158203125
