mode,load,0_mobilenet_v2-32,1_resnet152-32,2_resnet18-4,3_resnet50-2
mps-uncap,1.0,11.705160140991211,48.77936840057373,6.727337837219238,13.1150484085083
