mode,load,0_mobilenet_v2-32,1_resnet152-32,2_resnet18-4,3_resnet50-2
mps-uncap,1.0,16.625404357910156,52.12259292602539,12.737512588500977,20.146608352661133
