mode,load,0_mobilenet_v2-32,1_resnet152-32,2_resnet18-4,3_resnet50-2
mps-uncap,1.0,2566.3001060641686,658.4862866550611,567.8174458377537,144.32794591616366
