mode,load,0_alexnet-16,1_squeezenet1_1-8
mps-uncap,1.0,1.8069744110107422,2.3124217987060547
