mode,load,0_alexnet-16,1_squeezenet1_1-8
mps-uncap,1.0,9408.946275483242,3674.5169022286723
