mode,load,0_resnet34-32,1_squeezenet1_1-2
mps-uncap,1.0,6.721019744873047,0.9219646453857422
