mode,load,0_resnet34-32,1_squeezenet1_1-2
mps-uncap,1.0,4617.602226282188,1049.9871387721057
