mode,load,0_densenet169-16,1_mobilenet_v2-2,2_mobilenet_v2-32,3_resnet101-32
mps-uncap,1.0,59.40425395965576,9.798288345336914,14.653921127319336,39.75319862365723
