mode,load,0_efficientnet_b6-8,1_inception_v3-16
mps-uncap,1.0,0.000476837158203125,0.0057220458984375
