mode,load,0_densenet121-2,1_mobilenet_v2-32,2_mobilenet_v2-32,3_resnet18-2
mps-uncap,1.0,21.159648895263672,13.323068618774414,13.331413269042969,3.5724639892578125
