mode,load,0_densenet169-2,1_mobilenet_v3_large-8
mps-uncap,1.0,0.0054836273193359375,0.0007152557373046875
