mode,load,0_resnet101-2,1_resnet152-2
mps-uncap,1.0,6.488561630249023,9.104728698730469
