mode,load,0_inception_v3-2,1_mobilenet_v2-32,2_resnet50-2,3_vgg19-32
mps-uncap,1.0,32.41610527038574,28.395891189575195,11.015653610229492,28.41663360595703
