mode,load,0_inception_v3-8,1_vgg19-8
mps-uncap,1.0,15.484094619750977,6.489753723144531
