mode,load,0_inception_v3-8,1_vgg19-8
mps-uncap,1.0,19.558048248291016,7.375969886779785
