mode,load,0_densenet201-4,1_mobilenet_v3_large-16,2_squeezenet1_0-2
mps-uncap,1.0,15.782356262207031,3.9467811584472656,1.919388771057129
