mode,load,0_resnet101-8,1_squeezenet1_1-4
mps-uncap,1.0,7.9822540283203125,1.4374256134033203
