mode,load,0_densenet121-32,1_inception_v3-2,2_mobilenet_v2-32,3_mobilenet_v2-8
mps-uncap,1.0,34.027910232543945,23.939847946166992,14.258408546447754,12.581348419189453
