mode,load,0_densenet161-32,1_densenet201-2,2_mobilenet_v3_large-4
mps-uncap,1.0,913.5491529346102,81.65105222541604,742.8174320301158
