mode,load,0_mobilenet_v2-32,1_resnet152-8,2_resnet34-32,3_vgg19-8
mps-uncap,1.0,0.0002384185791015625,0.0002384185791015625,0.0002384185791015625,0.0002384185791015625
