mode,load,0_resnet34-16,1_vgg19-16
mps-uncap,1.0,23.533344268798828,16.385316848754883
