mode,load,0_efficientnet_b5-2,1_mobilenet_v2-32,2_mobilenet_v3_large-4,3_resnet101-32
mps-uncap,1.0,19.76180076599121,10.49494743347168,4.962682723999023,33.06150436401367
