mode,load,0_efficientnet_b5-2,1_mobilenet_v2-32,2_mobilenet_v3_large-4,3_resnet101-32
mps-uncap,1.0,19.762039184570312,10.49494743347168,4.962921142578125,33.06150436401367
