mode,load,0_densenet161-2,1_mobilenet_v2-32,2_resnet18-32,3_resnet50-16
mps-uncap,1.0,55.568695068359375,16.093015670776367,12.590169906616211,21.666288375854492
