mode,load,0_densenet161-2,1_mobilenet_v2-32,2_resnet18-32,3_resnet50-16
mps-uncap,1.0,52.15489864349365,13.825297355651855,10.306358337402344,18.144845962524414
