mode,load,0_mobilenet_v3_large-32,1_resnet18-2
mps-uncap,1.0,5.543947219848633,3.5293102264404297
