mode,load,0_densenet121-8,1_efficientnet_b7-2
mps-uncap,1.0,7.796764373779297,15.014076232910158
