mode,load,0_densenet121-32,1_densenet169-32,2_efficientnet_b6-2
mps-uncap,1.0,31.916141510009766,44.46816444396973,35.01272201538086
