mode,load,0_densenet169-4,1_mobilenet_v2-32,2_resnet34-32,3_vgg13-4
mps-uncap,1.0,58.31575393676758,16.0062313079834,22.665977478027344,10.898828506469727
