mode,load,0_densenet169-4,1_mobilenet_v2-32,2_resnet34-32,3_vgg13-4
mps-uncap,1.0,52.83820629119873,14.075517654418945,17.58897304534912,6.7348480224609375
