mode,load,0_densenet169-4,1_mobilenet_v2-32,2_resnet34-32,3_vgg13-4
mps-uncap,1.0,55.21655082702637,14.8484468460083,19.14992332458496,8.885765075683594
