mode,load,0_efficientnet_b6-8,1_inception_v3-32,2_mobilenet_v2-32,3_resnet101-2
mps-uncap,1.0,41.83006286621094,28.587985038757324,12.44194507598877,23.09660911560059
