mode,load,0_resnet18-32,1_resnet34-4
mps-uncap,1.0,4.578590393066406,3.7679672241210938
