mode,load,0_efficientnet_b7-16,1_mobilenet_v3_large-32,2_vgg11-16
mps-uncap,1.0,100.48186779022217,27.315235137939453,9.818434715270996
