mode,load,0_densenet121-32,1_mobilenet_v2-32,2_resnet101-4,3_resnet34-8
mps-uncap,1.0,40.9700870513916,11.735796928405762,24.894237518310547,11.760473251342773
