mode,load,0_densenet121-32,1_mobilenet_v2-32,2_resnet101-4,3_resnet34-8
mps-uncap,1.0,41.8789005279541,18.79721879959106,31.12940788269043,20.153017044067383
