mode,load,0_mobilenet_v2-16,1_mobilenet_v2-32,2_mobilenet_v3_large-16,3_vgg16-32
mps-uncap,1.0,546.6708563610595,977.617657668308,434.6056781427145,1337.3634373305988
