mode,load,0_efficientnet_b5-2,1_vgg11-4
mps-uncap,1.0,14.82689380645752,2.621810436248779
