mode,load,0_vgg11-2,1_vgg13-8
mps-uncap,1.0,3.8216114044189453,5.867481231689453
