mode,load,0_densenet201-4,1_mobilenet_v2-32,2_mobilenet_v2-32,3_vgg13-4
mps-uncap,1.0,43.205976486206055,15.034675598144531,15.094757080078125,3.337383270263672
