mode,load,0_densenet121-2,1_efficientnet_b5-8,2_vgg19-2
mps-uncap,1.0,15.268087387084961,21.553516387939453,5.134344100952148
