mode,load,0_densenet121-2,1_efficientnet_b5-8,2_vgg19-2
mps-uncap,1.0,0.022649765014648438,0.000476837158203125,0.000476837158203125
