mode,load,0_mobilenet_v3_small-8,1_resnet34-16
mps-uncap,1.0,2.362966537475586,3.991842269897461
