mode,load,0_densenet121-32,1_inception_v3-32,2_mobilenet_v2-32,3_resnet18-4
mps-uncap,1.0,0.000476837158203125,0.000476837158203125,0.0016689300537109375,0.000476837158203125
