mode,load,0_densenet121-32,1_efficientnet_b6-4,2_mobilenet_v2-32,3_mobilenet_v2-8
mps-uncap,1.0,881.178136074963,92.28429107626278,2771.422614393062,907.7078634603262
