mode,load,0_densenet121-32,1_squeezenet1_1-2
mps-uncap,1.0,15.620946884155273,0.9257793426513672
