mode,load,0_resnet34-32,1_vgg13-8
mps-uncap,1.0,17.51399040222168,5.871295928955078
