mode,load,0_mobilenet_v3_large-4,1_resnet101-32,2_vgg13-32
mps-uncap,1.0,29.4191837310791,91.30275249481201,17.92013645172119
