mode,load,0_densenet161-32,1_mobilenet_v2-32,2_mobilenet_v2-4,3_resnet50-8
mps-uncap,1.0,64.79954719543457,17.112016677856445,14.62709903717041,21.55900001525879
