mode,load,0_vgg16-8,1_vgg16-8,2_vgg16-8,3_vgg16-8
mig,1.0,18.448829650878906,18.55301856994629,18.540620803833008,36.21387481689453
