mode,load,0_resnet152-8,1_squeezenet1_1-2,2_vgg13-32
mps-uncap,1.0,40.384531021118164,1.5835762023925781,15.398740768432617
