mode,load,0_bert-2,1_vgg11-2,2_squeezenet1_0-16
mps-uncap,1.0,7.22503662109375,2.05230712890625,3.7653446197509766
