mode,load,0_efficientnet_b5-32,1_vgg16-8
mps-uncap,1.0,0.0002384185791015625,0.0002384185791015625
