mode,load,0_densenet201-32,1_vgg13-4,2_vgg16-2
mps-uncap,1.0,67.14117527008057,6.868410110473634,7.182765007019043
