mode,load,0_resnet50-2,1_vgg13-2
mps-uncap,1.0,4.583883285522461,2.108335494995117
