mode,load,0_resnet50-2,1_vgg13-2
mps-uncap,1.0,5.86247444152832,3.393888473510742
