mode,load,0_efficientnet_b7-32,1_mobilenet_v2-32,2_resnet152-32,3_resnet50-4
mps-uncap,1.0,113.32688331604004,25.52194595336914,83.34589004516602,31.055736541748047
