mode,load,0_densenet169-4,1_mobilenet_v2-32,2_resnet152-32,3_resnet18-4
mps-uncap,1.0,31.305313110351562,10.262489318847656,34.113168716430664,3.0243396759033203
