mode,load,0_mobilenet_v2-32,1_mobilenet_v2-32,2_resnet101-2,3_vgg11-2
mps-uncap,1.0,12.100458145141602,12.310981750488281,14.668464660644531,2.0575523376464844
