mode,load,0_mobilenet_v2-32,1_mobilenet_v2-32,2_resnet101-2,3_vgg11-2
mps-uncap,1.0,12.100696563720703,12.311220169067383,14.668464660644531,2.057790756225586
