mode,load,0_mobilenet_v2-8,1_resnet50-16
mps-uncap,1.0,5.068349838256836,8.353948593139648
