mode,load,0_inception_v3-8,1_resnet101-8,2_squeezenet1_0-8
mps-uncap,1.0,11.444616317749023,13.56210708618164,3.6249160766601562
