mode,load,0_densenet201-8,1_efficientnet_b6-16
mps-uncap,1.0,25.366783142089844,22.356033325195312
