mode,load,0_densenet201-8,1_efficientnet_b6-16
mps-uncap,1.0,28.72745990753174,24.00491237640381
