mode,load,0_densenet169-32,1_mobilenet_v2-32,2_resnet50-4,3_vgg19-2
mps-uncap,1.0,63.45260143280029,18.813800811767578,19.681406021118164,10.91420650482178
