mode,load,0_mobilenet_v2-4,1_resnet101-4,2_resnet18-32
mps-uncap,1.0,5.8304572105407715,15.159924030303955,5.635237693786621
