mode,load,0_mobilenet_v2-4,1_resnet101-4,2_resnet18-32
mps-uncap,1.0,3.2379627227783203,9.035825729370117,5.013227462768555
