mode,load,0_vgg11-2,1_vgg19-32
mps-uncap,1.0,2.5510787963867188,21.828174591064453
