mode,load,0_vgg11-2,1_vgg19-32
mps-uncap,1.0,13.828563690185547,24.092674255371094
