mode,load,0_vgg11-2,1_vgg19-32
mps-uncap,1.0,2.5513172149658203,21.828413009643555
