mode,load,0_alexnet-32,1_resnet50-2
mps-uncap,1.0,13479.13938697612,421.2610540151659
