mode,load,0_densenet121-2,1_mobilenet_v2-32,2_resnet18-32,3_squeezenet1_0-4
mps-uncap,1.0,25.34317970275879,10.459184646606445,8.52060317993164,5.327463150024414
