mode,load,0_densenet169-2,1_efficientnet_b6-8,2_resnet34-8
mps-uncap,1.0,15.835499763488768,17.027950286865234,6.440210342407227
