mode,load,0_densenet169-2,1_efficientnet_b6-8,2_resnet34-8
mps-uncap,1.0,16.11485242843628,17.361087799072266,6.747312545776367
