mode,load,0_alexnet-2,1_densenet169-32,2_vgg11-16
mps-uncap,1.0,3.1218528747558594,72.3729133605957,7.443904876708984
