mode,load,0_densenet169-2,1_efficientnet_b7-8,2_vgg19-4
mps-uncap,1.0,27.49180793762207,36.43631935119629,7.826805114746094
