mode,load,0_densenet169-2,1_resnet152-4,2_resnet18-32
mps-uncap,1.0,23.227214813232422,20.524024963378906,6.64520263671875
