mode,load,0_inception_v3-16,1_resnet18-8,2_vgg11-4
mps-uncap,1.0,15.323400497436523,2.7201175689697266,2.4590492248535156
