mode,load,0_alexnet-8,1_efficientnet_b5-2
mps-uncap,1.0,2.4967193603515625,13.021707534790039
