mode,load,0_mobilenet_v2-16,1_mobilenet_v2-32,2_resnet152-32,3_squeezenet1_1-8
mps-uncap,1.0,8.428812026977539,10.057687759399414,44.078826904296875,3.7021636962890625
