mode,load,0_efficientnet_b6-8,1_mobilenet_v2-32,2_mobilenet_v2-32,3_resnet50-4
mps-uncap,1.0,48.26951026916504,12.711167335510254,12.686967849731445,13.597726821899414
