mode,load,0_vgg13-4,1_vgg13-8,2_vgg16-8
mps-uncap,1.0,11.743879318237305,11.618084907531737,14.485564231872557
