mode,load,0_vgg13-4,1_vgg13-8,2_vgg16-8
mps-uncap,1.0,10.365724563598633,10.596036911010742,12.954950332641602
