mode,load,0_densenet121-8,1_resnet18-16,2_squeezenet1_1-32
mps-uncap,1.0,20.09923934936523,6.972236633300781,6.98399543762207
