mode,load,0_densenet121-8,1_resnet18-16,2_squeezenet1_1-32
mps-uncap,1.0,20.789146423339844,7.113218307495117,7.98797607421875
