mode,load,0_squeezenet1_1-32,1_vgg13-4
mps-uncap,1.0,7.477760314941406,6.862163543701172
