mode,load,0_mobilenet_v3_small-32,1_resnet50-32
mps-uncap,1.0,9.176254272460938,13.875961303710938
