mode,load,0_mobilenet_v3_small-32,1_resnet50-32
mps-uncap,1.0,6.963133811950684,13.792276382446289
