mode,load,0_efficientnet_b7-32,1_inception_v3-2
mps-uncap,1.0,49.9422550201416,16.682982444763184
