mode,load,0_inception_v3-2,1_resnet152-4
mps-uncap,1.0,5.605292320251466,7.9850053787231445
