mode,load,0_inception_v3-2,1_resnet152-4
mps-uncap,1.0,378.95996909174227,522.6178716168604
