mode,load,0_densenet201-4,1_mobilenet_v2-32,2_mobilenet_v2-32,3_resnet101-4
mps-uncap,1.0,16.896486282348633,10.735034942626953,10.783195495605469,15.097618103027344
