mode,load,0_resnet18-32,1_vgg19-4
mps-uncap,1.0,6.7386627197265625,6.7272186279296875
