mode,load,0_densenet121-32,1_efficientnet_b7-2,2_mobilenet_v2-32,3_resnet34-2
mps-uncap,1.0,32.523488998413086,49.95989799499512,13.946533203125,13.558745384216309
