mode,load,0_densenet121-4,1_resnet152-2,2_resnet34-8
mps-uncap,1.0,8.97831916809082,9.443807601928711,4.19909954071045
