mode,load,0_densenet121-4,1_resnet152-2,2_resnet34-8
mps-uncap,1.0,8.978509902954102,9.443807601928711,4.19926643371582
