mode,load,0_resnet18-2,1_vgg16-2
mps-uncap,1.0,0.0073909759521484375,0.0050067901611328125
