mode,load,0_resnet18-2,1_vgg16-2
mps-uncap,1.0,1.4009475708007812,2.145051956176758
