mode,load,0_alexnet-2,1_mobilenet_v2-32,2_resnet101-32,3_vgg19-16
mps-uncap,1.0,5.804300308227539,29.499530792236328,82.21828937530518,20.659923553466797
