mode,load,0_alexnet-2,1_mobilenet_v2-32,2_resnet101-32,3_vgg19-16
mps-uncap,1.0,14.920473098754883,38.16652297973633,86.54594421386719,27.347087860107422
