mode,load,0_alexnet-2,1_mobilenet_v2-32,2_resnet101-32,3_vgg19-16
mps-uncap,1.0,11.641623973846436,36.626338958740234,85.23547887802123,25.4967212677002
