mode,load,0_inception_v3-32,1_resnet34-32
mps-uncap,1.0,19.240198135375977,10.83160400390625
