mode,load,0_efficientnet_b6-32,1_vgg11-16
mps-uncap,1.0,89.21957015991211,11.966466903686523
