mode,load,0_inception_v3-8,1_squeezenet1_1-8
mps-uncap,1.0,7.956743240356445,3.1824111938476562
