mode,load,0_vgg13-8,1_vgg19-32
mps-uncap,1.0,538.3207558515272,1107.36871119215
