mode,load,0_resnet18-16,1_vgg11-4
mps-uncap,1.0,4.248499870300293,2.804994583129883
