mode,load,0_resnet18-16,1_vgg11-4
mps-uncap,1.0,4.673242568969727,3.240609169006348
