mode,load,0_resnet101-16,1_vgg11-16
mps-uncap,1.0,36.10992431640625,6.796598434448242
