mode,load,0_mobilenet_v2-32,1_resnet34-2,2_resnet50-4,3_vgg19-32
mps-uncap,1.0,20.656824111938477,16.318321228027344,18.62311363220215,24.703502655029297
