mode,load,0_bert-16,1_efficientnet_b5-32,2_resnet152-8,3_efficientnet_b7-2
mps-uncap,1.0,0.000476837158203125,0.000476837158203125,0.000476837158203125,0.000476837158203125
