mode,load,0_bert-16,1_efficientnet_b5-32,2_resnet152-8,3_efficientnet_b7-2
mps-uncap,1.0,0.008106231689453125,0.00095367431640625,0.0035762786865234375,0.00095367431640625
