mode,load,0_bert-16,1_efficientnet_b5-32,2_resnet152-8,3_efficientnet_b7-2
mps-uncap,1.0,21.227359771728516,44.88825798034668,36.2849235534668,47.876834869384766
