mode,load,0_densenet201-8,1_mobilenet_v2-32,2_resnet152-32,3_squeezenet1_1-2
mps-uncap,1.0,130.66297620619045,2303.51018968495,603.5488649446085,301.43594529588023
