mode,load,0_densenet169-16,1_inception_v3-2,2_mobilenet_v2-32,3_resnet18-32
mps-uncap,1.0,54.50892448425293,30.25197982788086,19.966602325439453,18.17917823791504
