mode,load,0_densenet161-2,1_densenet169-32,2_mobilenet_v2-32,3_vgg13-2
mps-uncap,1.0,46.337127685546875,58.34078788757324,13.360261917114258,5.02777099609375
