mode,load,0_densenet121-32,1_resnet34-16
mps-uncap,1.0,18.085002899169922,4.784107208251953
