mode,load,0_densenet161-8,1_densenet201-4,2_mobilenet_v2-32,3_vgg13-32
mps-uncap,1.0,129.9896240234375,157.38065242767334,34.67376232147217,20.283937454223633
