mode,load,0_densenet161-8,1_densenet201-4,2_mobilenet_v2-32,3_vgg13-32
mps-uncap,1.0,65.09628186381823,26.505609986743718,1065.866441545244,1673.2684006967818
