mode,load,0_densenet121-8,1_efficientnet_b5-16,2_mobilenet_v2-32,3_resnet18-32
mps-uncap,1.0,42.172536849975586,52.4045991897583,17.429118156433105,13.428230285644531
