mode,load,0_densenet121-8,1_efficientnet_b5-16,2_mobilenet_v2-32,3_resnet18-32
mps-uncap,1.0,43.020009994506836,53.42531204223633,18.475055694580078,14.044523239135742
