mode,load,0_resnet18-32,1_vgg16-32,2_vgg16-8
mps-uncap,1.0,15.846490859985352,24.149179458618164,13.595104217529297
