mode,load,0_densenet161-32,1_efficientnet_b5-16,2_inception_v3-16
mps-uncap,1.0,50.08244514465332,29.82473373413086,18.120765686035156
