mode,load,0_mobilenet_v2-32,1_resnet18-16,2_resnet18-32,3_resnet34-2
mps-uncap,1.0,12.900733947753906,9.438037872314453,9.959864616394043,13.297700881958008
