mode,load,0_mobilenet_v2-32,1_resnet18-16,2_resnet18-32,3_resnet34-2
mps-uncap,1.0,9.371042251586914,4.673957824707031,6.684303283691406,8.063793182373047
