mode,load,0_densenet161-8,1_vgg11-8
mps-uncap,1.0,33.97146224975586,4.907150268554687
