mode,load,0_resnet101-32,1_squeezenet1_0-8,2_vgg19-32
mps-uncap,1.0,48.636436462402344,5.324125289916992,25.056838989257812
