mode,load,0_efficientnet_b6-8,1_mobilenet_v2-2
mps-uncap,1.0,13.392257690429688,3.4488129615783687
