mode,load,0_efficientnet_b7-8,1_mobilenet_v2-32,2_resnet18-32,3_resnet18-8
mps-uncap,1.0,67.21901893615723,16.337871551513672,12.392044067382812,12.140750885009766
