mode,load,0_efficientnet_b5-4,1_vgg16-32
mps-uncap,1.0,69.93614705595316,1657.1945877070116
