mode,load,0_efficientnet_b7-2,1_efficientnet_b7-2,2_efficientnet_b7-2,3_efficientnet_b7-2
mig,1.0,22.90630340576172,20.311594009399414,20.229816436767578,23.175716400146484
