mode,load,0_efficientnet_b7-2,1_efficientnet_b7-2,2_efficientnet_b7-2,3_efficientnet_b7-2
mig,1.0,104.10122847098629,111.9279812142808,110.45988161261577,103.60293120886053
