mode,load,0_resnet152-32,1_alexnet-4,2_inception_v3-8
mps-uncap,1.0,50.093650817871094,14.458179473876953,29.580116271972656
mig,1.0,70.10626792907715,16.498088836669922,26.236772537231445
