mode,load,0_efficientnet_b6-16,1_efficientnet_b6-8,2_vgg13-16
mps-uncap,1.0,85.40940284729004,86.75241470336914,10.834217071533203
