mode,load,0_efficientnet_b7-2,1_squeezenet1_0-4
mps-uncap,1.0,15.184521675109867,1.6467571258544922
