mode,load,0_densenet121-8,1_mobilenet_v3_large-16,2_vgg11-4
mps-uncap,1.0,19.187235832214355,7.369279861450195,3.795409202575684
