mode,load,0_mobilenet_v2-2,1_resnet152-2,2_vgg11-8
mps-uncap,1.0,4.937291145324707,23.22840690612793,3.767251968383789
