mode,load,0_resnet152-2,1_squeezenet1_0-16,2_squeezenet1_0-4
mps-uncap,1.0,17.292499542236328,4.112720489501953,2.826213836669922
