mode,load,0_resnet152-2,1_squeezenet1_0-16,2_squeezenet1_0-4
mps-uncap,1.0,19.458532333374023,5.351543426513672,4.510164260864258
