mode,load,0_squeezenet1_0-32,1_vgg11-8,2_vgg16-2
mps-uncap,1.0,13.556551933288574,7.310199737548829,10.032820701599123
