mode,load,0_efficientnet_b6-4,1_resnet152-4,2_vgg13-32
mps-uncap,1.0,0.0002384185791015625,0.0002384185791015625,0.0002384185791015625
