mode,load,0_efficientnet_b6-4,1_resnet152-4,2_vgg13-32
mps-uncap,1.0,83.8470983505249,77.21343040466309,17.646207809448242
