mode,load,0_densenet169-16,1_densenet169-16
mig,1.0,21.027565002441406,18.451690673828125
mps-uncap,1.0,21.37470245361328,21.46601676940918
