mode,load,0_densenet201-32,1_mobilenet_v2-32,2_resnet34-2,3_vgg13-4
mps-uncap,1.0,54.862260818481445,11.058568954467773,7.2574615478515625,4.035711288452148
