mode,load,0_densenet201-32,1_mobilenet_v2-32,2_resnet34-2,3_vgg13-4
mps-uncap,1.0,424.4172228224016,2304.8614499832697,150.3852587152266,586.4043833600397
