mode,load,0_alexnet-4,1_vgg13-8
mps-uncap,1.0,2.0189285278320312,5.2204132080078125
