mode,load,0_densenet121-32,1_densenet121-32,2_mobilenet_v2-32,3_mobilenet_v3_large-2
mps-uncap,1.0,37.6124382019043,38.12265396118164,7.98797607421875,4.538536071777344
