mode,load,0_resnet152-16,1_vgg16-2
mps-uncap,1.0,23.029088973999023,2.740621566772461
