mode,load,0_densenet169-16,1_efficientnet_b6-32,2_mobilenet_v2-32,3_vgg11-32
mps-uncap,1.0,163.20108890533447,167.22124099731445,44.772987365722656,19.81830596923828
