mode,load,0_densenet169-16,1_efficientnet_b6-32,2_mobilenet_v2-32,3_vgg11-32
mps-uncap,1.0,84.39779281616211,89.00880813598633,24.65200424194336,12.781858444213867
