mode,load,0_densenet169-16,1_efficientnet_b6-32,2_mobilenet_v2-32,3_vgg11-32
mps-uncap,1.0,164.66951370239258,167.4673557281494,47.59573936462402,20.99013328552246
