mode,load,0_densenet169-2,1_efficientnet_b5-2,2_squeezenet1_0-2
mps-uncap,1.0,11.144125461578371,10.33987045288086,1.3692378997802734
