mode,load,0_mobilenet_v3_large-2,1_resnet50-16,2_squeezenet1_0-16
mps-uncap,1.0,6.261229515075684,11.260747909545898,5.3348541259765625
