mode,load,0_mobilenet_v3_large-2,1_resnet50-16,2_squeezenet1_0-16
mps-uncap,1.0,320.65828054408325,1416.2378476157203,2863.5259578602413
