mode,load,0_resnet101-32,1_resnet50-4
mps-uncap,1.0,21.88365936279297,12.493422031402588
