mode,load,0_alexnet-4,1_resnet50-8
mps-uncap,1.0,1.336884498596192,5.732440948486328
