mode,load,0_mobilenet_v2-32,1_mobilenet_v2-32,2_mobilenet_v3_large-8,3_resnet18-32
mps-uncap,1.0,11.21377944946289,11.362314224243164,9.002447128295898,6.993770599365234
