mode,load,0_alexnet-16,1_densenet169-4
mps-uncap,1.0,1.7838478088378906,12.54667043685913
