mode,load,0_alexnet-16,1_densenet169-4
mps-uncap,1.0,1.5583038330078125,11.92021369934082
