mode,load,0_densenet161-32,1_densenet169-2,2_mobilenet_v2-32,3_resnet18-32
mps-uncap,1.0,72.10814952850342,57.653188705444336,14.102697372436523,10.652303695678711
