mode,load,0_densenet169-4,1_efficientnet_b5-4,2_inception_v3-32,3_mobilenet_v2-32
mps-uncap,1.0,33.33079814910889,28.890371322631836,23.66495132446289,9.17959213256836
