mode,load,0_densenet169-4,1_efficientnet_b5-4,2_inception_v3-32,3_mobilenet_v2-32
mps-uncap,1.0,27.461767196655273,16.02005958557129,21.271228790283203,7.774591445922852
