mode,load,0_densenet121-16,1_resnet152-4,2_squeezenet1_1-2
mps-uncap,1.0,12.887215614318848,14.692878723144531,3.2057523727416997
