mode,load,0_alexnet-32,1_resnet101-4
mps-uncap,1.0,3.762960433959961,11.207342147827148
