mode,load,0_densenet121-2,1_mobilenet_v3_large-2
mps-uncap,1.0,7.061958312988281,2.789735794067383
