mode,load,0_densenet121-2,1_mobilenet_v3_large-2
mps-uncap,1.0,284.6609341688987,721.4313104590595
