mode,load,0_densenet121-32,1_mobilenet_v2-2,2_mobilenet_v2-32,3_mobilenet_v3_small-32
mps-uncap,1.0,30.895709991455078,4.105329513549805,7.848501205444336,4.983186721801758
