mode,load,0_densenet169-8,1_efficientnet_b6-2
mps-uncap,1.0,9.920835494995117,10.05101203918457
