mode,load,0_densenet161-2,1_mobilenet_v3_large-2,2_mobilenet_v3_large-8
mps-uncap,1.0,10.262727737426758,2.819061279296875,3.1070709228515625
