mode,load,0_alexnet-2,1_vgg11-2
mps-uncap,1.0,1.0879039764404297,1.9631385803222656
