mode,load,0_efficientnet_b6-2,1_squeezenet1_0-32
mps-uncap,1.0,23.084163665771484,6.025552749633789
