mode,load,0_efficientnet_b5-2,1_mobilenet_v2-32,2_mobilenet_v3_large-8,3_resnet34-32
mps-uncap,1.0,34.53433036804199,11.60029411315918,11.77525520324707,14.748692512512209
