mode,load,0_efficientnet_b5-2,1_mobilenet_v2-32,2_mobilenet_v3_large-8,3_resnet34-32
mps-uncap,1.0,16.180038452148438,8.587360382080078,7.500171661376953,11.118650436401367
