mode,load,0_mobilenet_v3_large-8,1_resnet18-32,2_vgg16-2
mps-uncap,1.0,5.676031112670898,6.119966506958008,2.851247787475586
