mode,load,0_mobilenet_v3_large-8,1_resnet18-32,2_vgg16-2
mps-uncap,1.0,11.19375228881836,8.366107940673828,6.862640380859375
