mode,load,0_mobilenet_v3_large-8,1_resnet18-32,2_vgg16-2
mps-uncap,1.0,1021.4484439688874,4687.9681898871895,455.4518858927041
