mode,load,0_densenet161-32,1_mobilenet_v2-32,2_resnet18-8,3_squeezenet1_1-4
mps-uncap,1.0,61.444950103759766,15.955257415771484,11.004209518432617,8.93254280090333
