mode,load,0_densenet161-2,1_mobilenet_v2-32,2_mobilenet_v3_small-16,3_resnet152-32
mps-uncap,1.0,49.66583251953125,16.845536231994632,14.582133293151854,53.69992256164551
