mode,load,0_densenet161-2,1_mobilenet_v2-32,2_mobilenet_v3_small-16,3_resnet152-32
mps-uncap,1.0,42.75152770933321,2323.4039155544965,1408.4392630258126,612.6295265510942
