mode,load,0_densenet161-32,1_efficientnet_b7-2,2_mobilenet_v2-32,3_mobilenet_v3_small-32
mps-uncap,1.0,61.335997581481934,59.70365524291992,18.010425567626957,18.249320983886715
