mode,load,0_densenet169-2,1_densenet201-32
mps-uncap,1.0,12.477874755859375,27.571678161621094
