mode,load,0_resnet101-2,1_resnet50-2
mps-uncap,1.0,5.619254112243652,3.270711898803711
