mode,load,0_resnet101-2,1_resnet50-2
mps-uncap,1.0,378.0697386831,680.8652229586546
