mode,load,0_densenet121-2,1_densenet169-32,2_efficientnet_b6-2,3_mobilenet_v2-32
mps-uncap,1.0,26.27573013305664,43.64771842956543,36.30118370056152,12.911963462829592
