mode,load,0_densenet121-2,1_densenet169-32,2_efficientnet_b6-2,3_mobilenet_v2-32
mps-uncap,1.0,28.23310852050781,44.28577661514282,37.65857219696045,13.666024208068848
