mode,load,0_resnet101-16,1_vgg11-2,2_vgg19-32
mps-uncap,1.0,57.45077133178711,3.6993026733398438,23.557424545288086
