mode,load,0_efficientnet_b5-32,1_inception_v3-16,2_mobilenet_v3_large-2
mps-uncap,1.0,0.0002384185791015625,0.0002384185791015625,0.0002384185791015625
