mode,load,0_squeezenet1_0-4,1_squeezenet1_1-4
mps-uncap,1.0,1.5194416046142578,1.4231204986572266
