mode,load,0_efficientnet_b5-8,1_resnet50-2,2_vgg13-8
mps-uncap,1.0,40.8329963684082,15.796899795532227,7.80487060546875
