mode,load,0_efficientnet_b5-8,1_resnet50-2,2_vgg13-8
mps-uncap,1.0,39.43734169006348,13.536834716796877,6.398677825927734
