mode,load,0_mobilenet_v3_large-16,1_resnet152-2,2_resnet152-8
mps-uncap,1.0,4.324197769165039,13.988494873046875,17.2421932220459
