mode,load,0_mobilenet_v2-16,1_mobilenet_v2-32,2_resnet101-32,3_resnet101-4
mps-uncap,1.0,11.994600296020508,13.788700103759766,39.12830352783203,32.23133087158203
