mode,load,0_mobilenet_v2-16,1_mobilenet_v2-32,2_resnet101-32,3_resnet101-4
mps-uncap,1.0,1261.8621627704722,2210.173471700036,823.7079332127996,124.27152716107649
