mode,load,0_efficientnet_b7-16,1_resnet101-32,2_vgg19-2
mps-uncap,1.0,69.40197944641113,42.532920837402344,14.323711395263672
