mode,load,0_mobilenet_v2-16,1_mobilenet_v3_large-4,2_resnet101-32
mps-uncap,1.0,11.442697048187254,12.380123138427734,25.8858060836792
