mode,load,0_densenet121-8,1_vgg19-16
mps-uncap,1.0,33.8139533996582,12.262105941772461
