mode,load,0_inception_v3-32,1_mobilenet_v2-32,2_mobilenet_v2-8,3_vgg16-16
mps-uncap,1.0,68.80879402160645,30.17115592956543,26.44658088684082,20.262956619262695
