mode,load,0_resnet101-8,1_resnet152-32,2_resnet50-32
mps-uncap,1.0,39.699649810791016,59.037113189697266,24.66135025024414
