mode,load,0_mobilenet_v2-32,1_vgg19-2
mps-uncap,1.0,4126.518235679536,433.0388912929636
