mode,load,0_densenet121-16,1_mobilenet_v2-32,2_mobilenet_v2-8,3_resnet50-32
mps-uncap,1.0,46.74649238586426,19.035840034484863,14.843297004699705,25.484418869018555
