mode,load,0_densenet121-16,1_mobilenet_v2-32,2_mobilenet_v2-8,3_resnet50-32
mps-uncap,1.0,48.313217163085945,19.42877769470215,17.897050380706784,25.755670070648193
