mode,load,0_efficientnet_b6-2,1_vgg19-4
mps-uncap,1.0,114.15183188170141,984.4371817156348
