mode,load,0_densenet121-8,1_resnet101-2,2_squeezenet1_1-4
mps-uncap,1.0,11.522769927978516,7.952213287353516,3.6432743072509766
