mode,load,0_efficientnet_b6-2,1_resnet50-8,2_vgg11-4
mps-uncap,1.0,24.35151576995849,9.64935302734375,3.8971233367919926
