mode,load,0_alexnet-2,1_densenet121-32,2_efficientnet_b7-8
mps-uncap,1.0,0.000476837158203125,0.000476837158203125,0.000476837158203125
