mode,load,0_alexnet-2,1_densenet121-32,2_efficientnet_b7-8
mps-uncap,1.0,1178.028745309603,1155.7193560597627,221.41778759501346
