mode,load,0_vgg13-32,1_vgg16-2
mps-uncap,1.0,15.43879508972168,6.152629852294922
