mode,load,0_vgg13-32,1_vgg16-2
mps-uncap,1.0,18.059492111206055,21.653413772583008
