mode,load,0_mobilenet_v2-32,1_resnet152-32,2_resnet152-8,3_squeezenet1_1-16
mps-uncap,1.0,11.77072525024414,29.532194137573242,45.95828056335449,4.339933395385742
