mode,load,0_densenet121-8,1_densenet169-8,2_resnet152-2
mps-uncap,1.0,10.459089279174805,13.914346694946289,11.563229560852053
