mode,load,0_densenet121-8,1_densenet169-8,2_resnet152-2
mps-uncap,1.0,8.8348388671875,12.323379516601562,8.377790451049805
