mode,load,0_alexnet-16,1_alexnet-4
mps-uncap,1.0,2.9282569885253906,2.764463424682617
