mode,load,0_alexnet-16,1_alexnet-4
mps-uncap,1.0,1.7278194427490234,1.1665821075439453
