mode,load,0_alexnet-16,1_alexnet-4
mps-uncap,1.0,0.000476837158203125,0.000476837158203125
