mode,load,0_mobilenet_v3_large-8,1_vgg19-2
mps-uncap,1.0,5.078554153442383,4.090309143066406
