mode,load,0_mobilenet_v3_large-8,1_vgg19-2
mps-uncap,1.0,2.9304027557373047,2.518177032470703
