mode,load,0_densenet201-32,1_densenet201-32,2_mobilenet_v3_large-2
mps-uncap,1.0,51.093339920043945,51.39422416687012,15.268325805664062
