mode,load,0_vgg11-16,1_vgg11-32
mps-uncap,1.0,10.245323181152344,13.67044448852539
