mode,load,0_densenet121-32,1_densenet161-32,2_mobilenet_v2-32,3_mobilenet_v3_large-2
mps-uncap,1.0,48.182010650634766,69.51642036437988,13.837099075317383,12.9547119140625
