mode,load,0_densenet121-32,1_densenet161-32,2_mobilenet_v2-32,3_mobilenet_v3_large-2
mps-uncap,1.0,32.72509574890137,54.63671684265137,9.053945541381836,5.669832229614258
