mode,load,0_densenet121-32,1_densenet161-32,2_mobilenet_v2-32,3_mobilenet_v3_large-2
mps-uncap,1.0,52.20555305480957,74.01928186416626,23.35488796234131,23.713505268096917
