mode,load,0_efficientnet_b6-32,1_vgg13-32
mps-uncap,1.0,221.70517596101033,1694.1312280382476
