mode,load,0_densenet169-16,1_vgg13-32
mps-uncap,1.0,92.7260446548462,18.514440059661865
