mode,load,0_densenet169-16,1_vgg13-32
mps-uncap,1.0,88.82424831390381,18.191170692443848
