mode,load,0_mobilenet_v2-16,1_mobilenet_v2-32,2_resnet152-8
mps-uncap,1.0,2005.9227817585781,3613.8681488015245,248.63370405135896
