mode,load,0_densenet161-32,1_squeezenet1_0-16,2_vgg11-2
mps-uncap,1.0,0.000476837158203125,0.000476837158203125,0.000476837158203125
