mode,load,0_densenet161-32,1_densenet161-4,2_mobilenet_v2-32,3_vgg13-8
mps-uncap,1.0,103.0731201171875,93.73259544372559,28.68032455444336,17.72308349609375
