mode,load,0_densenet161-16,1_densenet201-32,2_mobilenet_v2-32,3_resnet18-2
mps-uncap,1.0,65.89531898498535,83.46247673034668,23.673057556152344,18.47219467163086
