mode,load,0_mobilenet_v2-4,1_squeezenet1_1-4
mps-uncap,1.0,2.2482872009277344,0.9944438934326172
