mode,load,0_resnet101-32,1_resnet101-32
mig,1.0,36.79156303405762,31.385421752929688
