mode,load,0_densenet169-32,1_mobilenet_v2-32,2_resnet18-4,3_vgg11-8
mps-uncap,1.0,80.48755645751953,21.395349502563477,15.460548400878913,10.760128498077393
