mode,load,0_squeezenet1_0-16,1_vgg19-4
mps-uncap,1.0,4.256725311279297,4.994392395019531
