mode,load,0_squeezenet1_0-16,1_vgg19-4
mps-uncap,1.0,2880.3800157725736,704.1130609816669
