mode,load,0_mobilenet_v3_large-16,1_mobilenet_v3_small-8,2_vgg19-8
mps-uncap,1.0,1499.7170578803766,1012.7462933863679,1038.0632616395626
