mode,load,0_densenet121-8,1_resnet152-16
mps-uncap,1.0,13.469400405883787,19.297151565551758
