mode,load,0_densenet161-2,1_mobilenet_v3_large-4,2_resnet34-8
mps-uncap,1.0,11.852502822875977,3.070354461669922,4.046216011047362
