mode,load,0_vgg19-32,1_vgg19-4,2_inception_v3-8
mps-uncap,1.0,29.84762191772461,25.943946838378906,71.50428295135498
mig,1.0,51.88345909118652,13.670492172241213,10.90841293334961
