mode,load,0_densenet161-8,1_efficientnet_b7-32,2_resnet152-8
mps-uncap,1.0,54.85963821411133,69.76509094238281,48.743247985839844
