mode,load,0_densenet161-8,1_efficientnet_b7-32,2_resnet152-8
mps-uncap,1.0,53.936758041381836,68.52505207061768,48.1090784072876
