mode,load,0_efficientnet_b6-16,1_squeezenet1_0-2,2_vgg11-4
mps-uncap,1.0,36.70823574066162,6.00709915161133,4.913139343261719
