mode,load,0_efficientnet_b6-16,1_squeezenet1_0-2,2_vgg11-4
mps-uncap,1.0,37.4484658241272,6.872677803039551,5.481271743774414
