mode,load,0_alexnet-16,1_densenet161-32,2_mobilenet_v2-8
mps-uncap,1.0,1.7859935760498047,44.97694969177246,4.024028778076172
