mode,load,0_efficientnet_b6-8,1_vgg13-2
mps-uncap,1.0,22.30115413665771,3.47137451171875
