mode,load,0_densenet161-32,1_efficientnet_b7-32,2_mobilenet_v2-32,3_resnet152-2
mps-uncap,1.0,94.39334869384766,107.97533988952635,24.65224266052246,68.11673641204834
