mode,load,0_alexnet-16,1_mobilenet_v3_small-8
mps-uncap,1.0,1.5740394592285156,2.485513687133789
