mode,load,0_alexnet-16,1_mobilenet_v3_small-8
mps-uncap,1.0,10076.032208270508,3169.730796196701
