mode,load,0_efficientnet_b7-32,1_mobilenet_v2-2
mps-uncap,1.0,51.18849754333496,12.153711318969725
