mode,load,0_densenet169-16,1_efficientnet_b7-32
mps-uncap,1.0,358.3032499646745,553.1830070747104
