mode,load,0_resnet152-16,1_resnet152-16,2_resnet152-16,3_resnet152-16
mig,1.0,88.36984634399414,73.17686080932617,98.86693954467773,97.54610061645508
