mode,load,0_resnet152-16,1_resnet152-16,2_resnet152-16,3_resnet152-16
mig,1.0,45.891761779785156,46.26607894897461,46.26893997192383,89.32280540466309
