mode,load,0_resnet152-16,1_resnet152-16,2_resnet152-16,3_resnet152-16
mig,1.0,45.43781280517578,45.789480209350586,45.79496383666992,88.86547088623047
