mode,load,0_resnet152-16,1_resnet34-32,2_vgg19-2
mps-uncap,1.0,34.471750259399414,11.399507522583008,4.600763320922852
