mode,load,0_alexnet-32,1_resnet101-4,2_vgg13-8
mps-uncap,1.0,5.235338211059571,34.652066230773926,7.06024169921875
