mode,load,0_efficientnet_b5-16,1_vgg11-4
mps-uncap,1.0,26.687979698181152,3.0748844146728516
