mode,load,0_densenet161-4,1_densenet201-2,2_mobilenet_v2-32,3_vgg11-32
mps-uncap,1.0,95.63314914703369,107.07173347473145,24.573755264282227,14.300727844238281
