mode,load,0_densenet161-4,1_densenet201-2,2_mobilenet_v2-32,3_vgg11-32
mps-uncap,1.0,43.71458756435361,19.463291140801687,1441.8424538358381,2423.7607725009525
