mode,load,0_vgg11-32,1_vgg16-32,2_vgg19-16
mps-uncap,1.0,0.000476837158203125,0.000476837158203125,0.000476837158203125
