mode,load,0_resnet152-16,1_resnet152-16
mig,1.0,0.000476837158203125,0.0021457672119140625
