mode,load,0_resnet152-16,1_resnet152-16
mig,1.0,62.636613845825195,52.87063121795654
