mode,load,0_densenet169-32,1_efficientnet_b7-4,2_mobilenet_v2-32,3_vgg11-4
mps-uncap,1.0,67.58804321289062,70.8479642868042,19.42429542541504,8.336830139160158
