mode,load,0_mobilenet_v2-32,1_resnet18-32,2_squeezenet1_1-4,3_vgg13-8
mps-uncap,1.0,19.954299926757812,15.317797660827637,12.147045135498047,10.194778442382812
