mode,load,0_mobilenet_v3_small-16,1_resnet18-2
mps-uncap,1.0,3.51715087890625,2.4938583374023438
