mode,load,0_mobilenet_v3_small-16,1_resnet18-2
mps-uncap,1.0,0.024318695068359375,0.0050067901611328125
