mode,load,0_mobilenet_v3_small-16,1_resnet18-2
mps-uncap,1.0,6742.620329237839,1685.5826251416495
