mode,load,0_densenet169-4,1_mobilenet_v2-32,2_mobilenet_v2-4,3_resnet50-32
mps-uncap,1.0,46.59903049468994,14.686942100524902,10.232686996459961,21.95906639099121
