mode,load,0_densenet169-4,1_mobilenet_v2-32,2_mobilenet_v2-4,3_resnet50-32
mps-uncap,1.0,56.96564912796021,18.64478588104248,15.99069595336914,24.957647323608395
