mode,load,0_mobilenet_v3_small-8,1_vgg16-16
mps-uncap,1.0,3.9680004119873047,9.515762329101562
