mode,load,0_mobilenet_v3_small-8,1_vgg16-16
mps-uncap,1.0,10.170698165893555,10.479507446289062
