mode,load,0_mobilenet_v3_small-8,1_vgg16-16
mps-uncap,1.0,10.530471801757812,11.604547500610352
