mode,load,0_mobilenet_v3_small-8,1_vgg16-16
mps-uncap,1.0,9.88154411315918,10.336875915527344
