mode,load,0_densenet161-4,1_efficientnet_b7-4,2_mobilenet_v2-32,3_vgg13-32
mps-uncap,1.0,98.2668399810791,133.98361206054688,23.03004264831543,16.656875610351562
