mode,load,0_densenet161-4,1_efficientnet_b7-4,2_mobilenet_v2-32,3_vgg13-32
mps-uncap,1.0,121.88148498535156,149.48773384094238,31.06558322906494,19.037961959838867
