mode,load,0_densenet121-32,1_mobilenet_v2-32,2_resnet34-8,3_vgg11-4
mps-uncap,1.0,44.78120803833008,11.04879379272461,7.230281829833984,2.814769744873047
