mode,load,0_densenet121-32,1_mobilenet_v2-32,2_resnet34-8,3_vgg11-4
mps-uncap,1.0,48.80070686340332,14.409780502319336,15.477776527404785,5.809783935546875
