mode,load,0_densenet121-32,1_mobilenet_v2-32,2_resnet34-8,3_vgg11-4
mps-uncap,1.0,48.80094528198242,14.409780502319336,15.478014945983887,5.810022354125977
