mode,load,0_efficientnet_b7-16,1_mobilenet_v2-32,2_mobilenet_v2-32,3_resnet101-4
mps-uncap,1.0,74.41174983978271,14.650344848632812,14.642953872680664,31.81743621826172
