mode,load,0_efficientnet_b7-16,1_mobilenet_v2-32,2_mobilenet_v2-32,3_resnet101-4
mps-uncap,1.0,50.804853439331055,12.330055236816406,12.273788452148438,23.560762405395508
