mode,load,0_efficientnet_b7-16,1_mobilenet_v2-32,2_mobilenet_v2-32,3_resnet101-4
mps-uncap,1.0,50.805091857910156,12.330293655395508,12.274026870727539,23.560762405395508
