mode,load,0_densenet161-2,1_densenet161-32,2_mobilenet_v2-32,3_mobilenet_v3_small-2
mps-uncap,1.0,50.302190636297595,593.6493315667558,2895.741038356345,253.95642701135446
