mode,load,0_densenet161-16,1_resnet34-2
mps-uncap,1.0,20.41921615600586,6.706423759460445
