mode,load,0_densenet161-16,1_resnet34-2
mps-uncap,1.0,20.07293701171875,3.2923221588134766
