mode,load,0_mobilenet_v3_small-16,1_resnet101-2
mps-uncap,1.0,2.4242401123046875,5.422353744506836
