mode,load,0_mobilenet_v3_small-16,1_resnet101-2
mps-uncap,1.0,2.5054931640625,5.574178695678711
