mode,load,0_densenet169-8,1_mobilenet_v2-32,2_squeezenet1_1-8,3_vgg16-32
mps-uncap,1.0,116.8360710144043,24.91903305053711,4.065275192260742,20.779848098754883
