mode,load,0_densenet169-8,1_mobilenet_v2-32,2_squeezenet1_1-8,3_vgg16-32
mps-uncap,1.0,64.19801800077805,1084.8809175751362,476.17118926594065,1377.0395869275844
