mode,load,0_alexnet-32,1_densenet161-32
mps-uncap,1.0,3.2902956008911133,45.850515365600586
