mode,load,0_alexnet-32,1_densenet161-32
mps-uncap,1.0,2.5434494018554688,40.63916206359863
