mode,load,0_alexnet-16,1_alexnet-4,2_vgg13-8
mps-uncap,1.0,4.8947930335998535,4.521427154541015,7.180624008178711
