mode,load,0_densenet169-2,1_densenet169-8
mps-uncap,1.0,12.287139892578125,12.490987777709961
