mode,load,0_densenet161-2,1_resnet152-2,2_resnet34-32
mps-uncap,1.0,113.97924374833791,121.5267906194101,3996.7130977780566
