mode,load,0_densenet161-4,1_mobilenet_v3_large-2,2_squeezenet1_0-8
mps-uncap,1.0,14.932036399841309,3.3386945724487305,2.407073974609375
