mode,load,0_resnet50-16,1_vgg13-32
mps-uncap,1.0,43.61677169799805,19.6988582611084
