mode,load,0_bert-8,1_bert-32,2_resnet152-4,3_efficientnet_b5-16
mps-uncap,1.0,32.7153205871582,37.47081756591797,50.20308494567871,52.55556106567383
