mode,load,0_bert-8,1_bert-32,2_resnet152-4,3_efficientnet_b5-16
mps-uncap,1.0,31.082580089569095,36.51106834411621,48.46405029296875,51.4378547668457
