mode,load,0_bert-8,1_bert-32,2_resnet152-4,3_efficientnet_b5-16
mps-uncap,1.0,530.0239640542035,2193.428440644574,89.26137796260113,331.9894928487737
