mode,load,0_densenet201-16,1_mobilenet_v2-32,2_resnet152-32,3_resnet50-8
mps-uncap,1.0,85.00814437866211,20.895957946777344,61.510324478149414,26.318073272705078
