mode,load,0_vgg13-4,1_vgg13-4
mig,1.0,4.184246063232422,5.396366119384766
mps-uncap,1.0,3.3850669860839844,3.962993621826172
