mode,load,0_vgg13-4,1_vgg13-4
mig,1.0,917.8758736879623,711.3768947832895
mps-uncap,1.0,869.6720239844243,869.298027225271
