mode,load,0_mobilenet_v3_small-2,1_resnet101-32,2_resnet152-16
mps-uncap,1.0,11.335611343383789,27.467050552368164,38.400163650512695
