mode,load,0_mobilenet_v3_small-2,1_resnet101-32,2_resnet152-16
mps-uncap,1.0,5.417346954345703,26.780128479003906,35.108089447021484
