mode,load,0_efficientnet_b7-16,1_efficientnet_b7-16,2_efficientnet_b7-16,3_efficientnet_b7-16
mig,1.0,118.26622486114502,99.37083721160889,102.16426849365234,119.7350025177002
