mode,load,0_densenet121-32,1_densenet169-4,2_resnet50-2
mps-uncap,1.0,20.350170135498047,26.248826980590813,11.215162277221678
