mode,load,0_mobilenet_v3_small-4,1_resnet34-4,2_resnet50-32
mps-uncap,1.0,8.718228340148926,10.763959884643555,13.712902069091797
