mode,load,0_densenet161-8,1_resnet152-16,2_squeezenet1_0-8
mps-uncap,1.0,33.22649002075195,28.486251831054688,7.4253082275390625
