mode,load,0_densenet161-8,1_resnet152-16,2_squeezenet1_0-8
mps-uncap,1.0,14.638423919677734,24.915456771850586,3.2913684844970703
