mode,load,0_squeezenet1_0-8,1_vgg11-32,2_vgg11-4
mps-uncap,1.0,5.86247444152832,11.542320251464844,4.747152328491211
