mode,load,0_squeezenet1_0-8,1_vgg11-32,2_vgg11-4
mps-uncap,1.0,13.4877347946167,13.360233306884767,13.316326141357422
