mode,load,0_vgg16-4,1_alexnet-16,2_vgg19-16
mps-uncap,1.0,17.328262329101562,18.95904541015625,26.25870704650879
mig,1.0,19.17743682861328,11.815309524536133,48.75946044921875
