mode,load,0_efficientnet_b5-2,1_mobilenet_v2-32,2_resnet50-32,3_squeezenet1_0-16
mps-uncap,1.0,39.40224647521973,10.252237319946289,21.270275115966797,4.567384719848633
