mode,load,0_densenet121-16,1_mobilenet_v2-32,2_resnet101-16,3_resnet152-32
mps-uncap,1.0,326.5143879619802,1982.3664244296308,396.1767978321124,510.111737061394
