mode,load,0_densenet121-4,1_squeezenet1_1-16
mps-uncap,1.0,7.079124450683594,2.1364688873291016
