mode,load,0_densenet121-4,1_squeezenet1_1-16
mps-uncap,1.0,480.05818875490974,6873.427084465598
