mode,load,0_resnet34-16,1_squeezenet1_0-8,2_squeezenet1_1-32
mps-uncap,1.0,0.000476837158203125,0.0054836273193359375,0.000476837158203125
