mode,load,0_alexnet-4,1_mobilenet_v2-32,2_mobilenet_v3_small-32,3_resnet101-32
mps-uncap,1.0,8.461952209472656,17.052173614501953,18.292903900146484,39.26587104797363
