mode,load,0_resnet101-2,1_vgg11-4
mps-uncap,1.0,8.549928665161133,2.2754669189453125
