mode,load,0_resnet101-2,1_vgg11-4
mps-uncap,1.0,9.819140434265137,2.610831260681153
