mode,load,0_inception_v3-32,1_resnet152-2,2_vgg16-2
mps-uncap,1.0,19.331884384155273,20.516514778137207,5.249118804931641
