mode,load,0_mobilenet_v2-32,1_mobilenet_v3_large-2,2_resnet101-32,3_squeezenet1_1-32
mps-uncap,1.0,18.094444274902344,18.575177192687985,41.08802318572998,14.508702754974367
