mode,load,0_densenet169-8,1_mobilenet_v2-8,2_vgg19-32
mps-uncap,1.0,87.62226104736328,22.32496738433838,24.60918426513672
