mode,load,0_resnet152-4,1_resnet34-2,2_vgg19-16
mps-uncap,1.0,51.02682113647461,15.969276428222656,15.902519226074219
