mode,load,0_llama-8,1_densenet121-16
mps-uncap,1.0,213.19913864135742,13.005495071411133
