mode,load,0_llama-8,1_densenet121-16
mps-uncap,1.0,77.83432441956853,1251.7714699796475
