mode,load,0_efficientnet_b7-16,1_mobilenet_v2-32,2_resnet101-32,3_resnet34-4
mps-uncap,1.0,102.21505165100098,27.302265167236328,56.54120445251465,31.966209411621094
