mode,load,0_densenet169-16,1_resnet50-2,2_vgg19-2
mps-uncap,1.0,26.480355262756348,8.921754360198975,5.976440906524659
