mode,load,0_alexnet-32,1_mobilenet_v3_small-2,2_resnet18-2
mps-uncap,1.0,13065.316159582682,701.0068218066883,816.575831194363
