mode,load,0_alexnet-16,1_densenet121-2
mps-uncap,1.0,1.6295909881591797,7.699990272521973
