mode,load,0_alexnet-16,1_densenet121-2
mps-uncap,1.0,0.030755996704101562,0.000476837158203125
