mode,load,0_alexnet-16,1_densenet121-2
mps-uncap,1.0,1.5225410461425781,7.397770881652832
