mode,load,0_efficientnet_b7-16,1_mobilenet_v3_large-4
mps-uncap,1.0,27.419328689575195,3.0825138092041016
