mode,load,0_efficientnet_b5-4,1_inception_v3-32,2_mobilenet_v2-32,3_resnet101-2
mps-uncap,1.0,14.167547225952148,21.91948890686035,7.921934127807617,13.225078582763672
