mode,load,0_efficientnet_b5-4,1_inception_v3-32,2_mobilenet_v2-32,3_resnet101-2
mps-uncap,1.0,32.46410369873047,25.774497985839844,11.800794601440428,20.910835266113285
