mode,load,0_resnet101-8,1_resnet18-32
mps-uncap,1.0,16.96300506591797,6.499290466308594
