mode,load,0_densenet169-4,1_densenet201-8,2_efficientnet_b6-8
mps-uncap,1.0,16.643481254577633,23.128323554992676,19.01249885559082
