mode,load,0_inception_v3-4,1_mobilenet_v2-32,2_resnet152-2,3_resnet50-32
mps-uncap,1.0,25.907039642333984,13.177633285522461,38.838982582092285,19.63973045349121
