mode,load,0_densenet161-2,1_densenet169-16,2_mobilenet_v2-32,3_vgg19-32
mps-uncap,1.0,110.48710346221924,124.94564056396484,30.388474464416504,30.7161808013916
