mode,load,0_densenet161-2,1_densenet169-16,2_mobilenet_v2-32,3_vgg19-32
mps-uncap,1.0,71.53129577636719,98.81401062011719,20.81441879272461,28.469085693359375
