mode,load,0_densenet161-2,1_densenet169-16,2_mobilenet_v2-32,3_vgg19-32
mps-uncap,1.0,138.44728469848633,149.6584415435791,44.7382926940918,36.00597381591797
