mode,load,0_densenet121-16,1_resnet101-2,2_squeezenet1_1-8
mps-uncap,1.0,0.000476837158203125,0.000476837158203125,0.000476837158203125
