mode,load,0_densenet121-16,1_resnet101-2,2_squeezenet1_1-8
mps-uncap,1.0,1110.6322301529813,223.70784486657783,3068.567223414641
