mode,load,0_densenet169-32,1_efficientnet_b7-16,2_inception_v3-8,3_mobilenet_v2-32
mps-uncap,1.0,75.41155815124512,83.61935615539551,47.17659950256348,29.708147048950195
