mode,load,0_alexnet-4,1_resnet18-32
mps-uncap,1.0,0.000476837158203125,0.005245208740234375
