mode,load,0_alexnet-4,1_resnet18-32
mps-uncap,1.0,2.7074813842773438,5.017757415771484
