mode,load,0_alexnet-4,1_resnet18-32
mps-uncap,1.0,2.882242202758789,5.063836574554443
