mode,load,0_densenet201-32,1_resnet50-16,2_vgg13-4
mps-uncap,1.0,71.10652923583984,21.291255950927734,10.329723358154299
