mode,load,0_mobilenet_v3_large-8,1_resnet152-4,2_resnet152-8
mps-uncap,1.0,3.5071372985839844,11.220216751098633,12.100696563720703
