mode,load,0_efficientnet_b6-2,1_resnet152-32,2_vgg11-2
mps-uncap,1.0,30.80761432647705,38.01882266998291,3.114938735961914
