mode,load,0_densenet161-32,1_resnet152-16,2_squeezenet1_1-8
mps-uncap,1.0,47.89137840270996,18.735647201538086,2.688884735107422
