mode,load,0_alexnet-2,1_inception_v3-8,2_vgg11-2
mps-uncap,1.0,1.0709762573242188,11.681795120239258,2.1686553955078125
