mode,load,0_alexnet-2,1_inception_v3-8,2_vgg11-2
mps-uncap,1.0,1.6322278976440425,12.933716773986816,2.696990966796875
