mode,load,0_densenet121-32,1_resnet152-4
mps-uncap,1.0,17.951250076293945,11.651277542114258
