mode,load,0_densenet201-16,1_resnet152-8,2_squeezenet1_1-2
mps-uncap,1.0,26.34786367416382,18.14443588256836,4.287242889404297
