mode,load,0_resnet18-4,1_vgg11-4
mps-uncap,1.0,2.6378631591796875,2.561807632446289
