mode,load,0_resnet18-4,1_vgg11-4
mps-uncap,1.0,2.490997314453125,2.4099349975585938
