mode,load,0_densenet169-16,1_mobilenet_v2-32,2_resnet101-32,3_resnet18-8
mps-uncap,1.0,63.79637718200684,16.631007194519043,40.2554988861084,11.876583099365234
