mode,load,0_squeezenet1_1-32,1_squeezenet1_1-32,2_squeezenet1_1-32,3_squeezenet1_1-32
mig,1.0,10.874271392822266,10.917425155639648,10.932493209838867,20.198464393615723
