mode,load,0_squeezenet1_1-32,1_squeezenet1_1-32,2_squeezenet1_1-32,3_squeezenet1_1-32
mig,1.0,12.402772903442383,12.408256530761719,12.437820434570312,20.456790924072266
