mode,load,0_mobilenet_v2-32,1_mobilenet_v3_large-8,2_resnet152-32,3_squeezenet1_1-4
mps-uncap,1.0,16.165494918823242,17.35997200012207,49.727678298950195,11.64698600769043
