mode,load,0_mobilenet_v2-32,1_mobilenet_v3_large-8,2_resnet152-32,3_squeezenet1_1-4
mps-uncap,1.0,10.179281234741211,8.129596710205078,43.29705238342285,2.9511451721191406
