mode,load,0_densenet169-4,1_densenet201-4,2_mobilenet_v2-32,3_vgg16-32
mps-uncap,1.0,111.98139190673828,135.68973541259766,26.213407516479492,22.7508544921875
