mode,load,0_mobilenet_v2-32,1_vgg11-4
mps-uncap,1.0,8.953094482421875,4.829907417297363
