mode,load,0_densenet121-32,1_densenet169-4,2_mobilenet_v2-32,3_resnet152-2
mps-uncap,1.0,34.26671028137207,43.65897178649902,15.08951187133789,33.81013870239258
