mode,load,0_densenet161-32,1_mobilenet_v2-32,2_mobilenet_v3_large-16,3_resnet18-2
mps-uncap,1.0,70.17850875854492,26.180028915405273,25.809526443481445,17.731428146362305
