mode,load,0_alexnet-2,1_inception_v3-16
mps-uncap,1.0,0.9124279022216797,9.198832511901855
