mode,load,0_mobilenet_v2-32,1_resnet18-32,2_resnet50-2,3_squeezenet1_1-16
mps-uncap,1.0,10.529041290283203,6.4220428466796875,9.836673736572266,3.936290740966797
