mode,load,0_densenet121-4,1_resnet152-4,2_vgg19-32
mps-uncap,1.0,25.980234146118164,50.72307586669922,21.809816360473633
