mode,load,0_inception_v3-32,1_mobilenet_v2-2,2_mobilenet_v2-32,3_resnet34-4
mps-uncap,1.0,24.572134017944336,7.93318748474121,11.023139953613281,10.984396934509277
