mode,load,0_squeezenet1_0-4,1_vgg11-8,2_vgg16-16
mps-uncap,1.0,15.91947317123413,11.734254360198975,15.270729064941406
