mode,load,0_efficientnet_b6-2,1_resnet18-32,2_resnet50-16
mps-uncap,1.0,16.353845596313477,5.883693695068359,8.311986923217773
