mode,load,0_efficientnet_b6-2,1_resnet18-32,2_resnet50-16
mps-uncap,1.0,35.47654151916504,7.682943344116211,13.242650032043457
