mode,load,0_efficientnet_b6-2,1_resnet18-32,2_resnet50-16
mps-uncap,1.0,16.354084014892578,5.883932113647461,8.311986923217773
