mode,load,0_alexnet-2,1_resnet18-2,2_vgg11-4
mps-uncap,1.0,1.6050577163696302,3.409428596496582,3.322601318359375
