mode,load,0_alexnet-2,1_resnet18-2,2_vgg11-4
mps-uncap,1.0,1.2233257293701172,2.7904510498046875,2.907276153564453
