mode,load,0_densenet161-4,1_squeezenet1_1-2
mps-uncap,1.0,9.997367858886719,1.0344982147216797
