mode,load,0_llama-8,1_bert-4,2_inception_v3-32,3_mobilenet_v3_large-4
mps-uncap,1.0,0.000476837158203125,0.0247955322265625,0.0007152557373046875,0.003814697265625
