mode,load,0_llama-8,1_bert-4,2_inception_v3-32,3_mobilenet_v3_large-4
mps-uncap,1.0,0.0002384185791015625,0.0002384185791015625,0.0002384185791015625,0.0002384185791015625
