mode,load,0_llama-8,1_bert-4,2_inception_v3-32,3_mobilenet_v3_large-4
mps-uncap,1.0,39.224863052368164,7.40814208984375,14.996051788330078,2.8564929962158203
