mode,load,0_llama-8,1_bert-4,2_inception_v3-32,3_mobilenet_v3_large-4
mps-uncap,1.0,301.6544818878174,11.08187675476074,17.122516632080078,7.729141712188722
