mode,load,0_mobilenet_v3_small-8,1_squeezenet1_0-2
mps-uncap,1.0,2.285480499267578,0.9608268737792969
