mode,load,0_squeezenet1_0-16,1_vgg19-2
mps-uncap,1.0,0.0064373016357421875,0.000476837158203125
