mode,load,0_efficientnet_b5-2,1_efficientnet_b6-4
mps-uncap,1.0,11.361122131347656,12.595176696777344
