mode,load,0_resnet50-16,1_vgg16-16
mps-uncap,1.0,25.91562271118164,13.095617294311523
