mode,load,0_efficientnet_b5-4,1_vgg11-8
mps-uncap,1.0,24.019408226013184,3.9184093475341797
