mode,load,0_resnet34-2,1_resnet34-8
mps-uncap,1.0,2.4871826171875,3.271341323852539
