mode,load,0_inception_v3-4,1_vgg13-4
mps-uncap,1.0,10.753488540649414,3.10516357421875
