mode,load,0_vgg19-2,1_vgg19-2,2_vgg19-2,3_vgg19-2
mig,1.0,11.819219589233398,8.498191833496094,7.102012634277344,7.163524627685547
