mode,load,0_vgg19-2,1_vgg19-2,2_vgg19-2,3_vgg19-2
mig,1.0,7.096290588378906,7.146120071411133,7.146596908569336,14.604568481445312
