mode,load,0_mobilenet_v2-16,1_resnet101-16,2_resnet152-4
mps-uncap,1.0,8.58163833618164,20.23768424987793,26.903390884399414
