mode,load,0_mobilenet_v2-16,1_resnet101-16,2_resnet152-4
mps-uncap,1.0,7.534432411193848,18.47984790802002,25.148677825927734
