mode,load,0_mobilenet_v2-16,1_resnet101-16,2_resnet152-4
mps-uncap,1.0,0.0002384185791015625,0.0002384185791015625,0.0002384185791015625
