mode,load,0_mobilenet_v2-32,1_mobilenet_v3_large-2,2_resnet18-32,3_vgg13-4
mps-uncap,1.0,11.420726776123047,5.398750305175781,7.47370719909668,3.755807876586914
