mode,load,0_mobilenet_v2-32,1_mobilenet_v3_large-2,2_resnet18-32,3_vgg13-4
mps-uncap,1.0,2326.325914641878,158.7810313334124,3066.622777247051,592.1388892823531
