mode,load,0_densenet201-16,1_densenet201-4,2_resnet50-8
mps-uncap,1.0,27.85801887512207,26.010990142822266,7.30586051940918
