mode,load,0_densenet201-16,1_densenet201-4,2_resnet50-8
mps-uncap,1.0,28.244900703430176,26.582956314086914,8.84857177734375
