mode,load,0_densenet121-16,1_densenet169-8,2_mobilenet_v2-32,3_vgg19-32
mps-uncap,1.0,38.9409065246582,27.08292007446289,10.844945907592773,24.64580535888672
