mode,load,0_densenet201-16,1_densenet201-32,2_mobilenet_v2-32,3_mobilenet_v3_small-2
mps-uncap,1.0,269.2423080167437,480.6561831417973,2406.9501294951915,226.80799954876483
