mode,load,0_densenet121-32,1_mobilenet_v2-32,2_mobilenet_v3_small-4,3_resnet101-2
mps-uncap,1.0,1040.8598902598378,3121.943336602649,576.5591443885012,100.36558517244758
