mode,load,0_densenet169-32,1_mobilenet_v2-32,2_mobilenet_v2-4,3_squeezenet1_1-16
mps-uncap,1.0,52.327871322631836,14.548206329345705,11.56768798828125,9.750318527221681
