mode,load,0_densenet169-32,1_mobilenet_v2-32,2_mobilenet_v2-4,3_squeezenet1_1-16
mps-uncap,1.0,53.00493240356445,15.704727172851564,14.027278423309328,12.515544891357422
