mode,load,0_resnet34-16,1_resnet50-8,2_vgg19-2
mps-uncap,1.0,8.054733276367188,7.383108139038086,3.927946090698242
