mode,load,0_inception_v3-4,1_mobilenet_v3_large-8
mps-uncap,1.0,5.126476287841797,2.7861595153808594
