mode,load,0_inception_v3-4,1_mobilenet_v3_large-8
mps-uncap,1.0,5.45306921005249,2.9237508773803706
