mode,load,0_inception_v3-4,1_vgg13-8
mps-uncap,1.0,18.044919967651367,5.147135257720947
