mode,load,0_efficientnet_b6-8,1_mobilenet_v2-32,2_resnet101-32,3_vgg11-16
mps-uncap,1.0,118.90215873718262,31.352758407592773,78.46927642822266,13.304948806762695
