mode,load,0_efficientnet_b6-8,1_mobilenet_v2-32,2_resnet101-32,3_vgg11-16
mps-uncap,1.0,123.64673614501953,36.55433654785156,81.8023681640625,18.873214721679688
