mode,load,0_efficientnet_b6-8,1_mobilenet_v2-32,2_resnet101-32,3_vgg11-16
mps-uncap,1.0,69.74674237627093,1155.5317459476305,423.92512907892984,1403.02288609398
