mode,load,0_efficientnet_b7-2,1_mobilenet_v2-32,2_mobilenet_v3_large-2,3_vgg19-32
mps-uncap,1.0,92.04661846160889,30.111074447631836,27.466773986816406,30.08139133453369
