mode,load,0_densenet121-16,1_vgg19-2
mps-uncap,1.0,16.58463478088379,3.2407045364379883
