mode,load,0_mobilenet_v2-8,1_squeezenet1_0-2,2_vgg16-4
mps-uncap,1.0,4.807639122009277,3.7221908569335938,4.728984832763673
