mode,load,0_efficientnet_b7-2,1_vgg11-8
mps-uncap,1.0,31.290292739868164,3.5581588745117188
