mode,load,0_efficientnet_b7-2,1_mobilenet_v2-32,2_resnet34-32,3_resnet50-8
mps-uncap,1.0,53.94601821899414,12.22538948059082,14.648795127868652,14.495372772216797
