mode,load,0_densenet201-16,1_inception_v3-8,2_resnet101-16
mps-uncap,1.0,34.87658500671387,19.364118576049805,21.148204803466797
