mode,load,0_densenet201-16,1_inception_v3-8,2_resnet101-16
mps-uncap,1.0,481.5973602213079,515.1378361034041,893.5793326180763
