mode,load,0_resnet50-4,1_resnet50-4
mig,1.0,9.268999099731445,8.454084396362305
