mode,load,0_resnet50-4,1_resnet50-4
mig,1.0,3.6275386810302734,4.411220550537109
