mode,load,0_resnet50-4,1_resnet50-4
mig,1.0,3.5369396209716797,4.311084747314453
mps-uncap,1.0,3.477811813354492,3.5240650177001953
