mode,load,0_resnet50-4,1_resnet50-4
mig,1.0,13.555526733398438,12.994527816772461
