mode,load,0_resnet50-4,1_resnet50-4
mig,1.0,13.58795166015625,13.034820556640625
