mode,load,0_densenet121-4,1_densenet161-8,2_mobilenet_v2-32,3_resnet18-32
mps-uncap,1.0,23.778200149536133,34.11531448364258,8.677482604980469,6.465673446655273
