mode,load,0_densenet201-4,1_mobilenet_v2-32,2_resnet18-8,3_vgg11-32
mps-uncap,1.0,123.12009334564209,26.027679443359375,19.839048385620117,14.7050142288208
