mode,load,0_densenet161-4,1_mobilenet_v2-32,2_resnet18-32,3_squeezenet1_1-16
mps-uncap,1.0,49.74660873413086,12.942314147949219,10.193252563476564,9.438037872314453
