mode,load,0_efficientnet_b5-8,1_mobilenet_v2-32,2_resnet50-32,3_vgg13-4
mps-uncap,1.0,70.90833187103271,23.208212852478027,32.87065029144287,11.796116828918457
