mode,load,0_resnet34-2,1_vgg16-8
mps-uncap,1.0,3.3752918243408203,5.430936813354492
