mode,load,0_alexnet-32,1_densenet201-32,2_vgg13-16
mps-uncap,1.0,11.511802673339844,140.7630443572998,16.45183563232422
