mode,load,0_alexnet-32,1_densenet201-32,2_vgg13-16
mps-uncap,1.0,3.591299057006836,103.82318496704102,10.206937789916992
