mode,load,0_resnet18-32,1_resnet34-32,2_resnet50-2
mps-uncap,1.0,5.649328231811523,9.274721145629883,7.615804672241211
