mode,load,0_densenet121-4,1_efficientnet_b6-16,2_resnet50-4
mps-uncap,1.0,16.054153442382812,27.141094207763672,7.083654403686523
