mode,load,0_densenet121-4,1_efficientnet_b6-16,2_resnet50-4
mps-uncap,1.0,17.92006492614746,27.513456344604492,10.389995574951172
