mode,load,0_densenet169-16,1_mobilenet_v2-32,2_resnet50-32,3_vgg13-16
mps-uncap,1.0,143.48477840423584,35.19002199172973,48.63178968429565,18.00692081451416
