mode,load,0_alexnet-2,1_densenet121-32,2_vgg16-16
mps-uncap,1.0,0.6902217864990234,47.77812957763672,10.752201080322266
