mode,load,0_mobilenet_v2-8,1_vgg11-4
mps-uncap,1.0,0.000476837158203125,0.004291534423828125
