mode,load,0_alexnet-8,1_densenet201-4
mps-uncap,1.0,1.353881359100341,14.88370895385742
