mode,load,0_alexnet-8,1_densenet201-4
mps-uncap,1.0,6908.9842053578595,279.7488061433349
