mode,load,0_efficientnet_b6-16,1_squeezenet1_0-16
mps-uncap,1.0,33.25217008590698,7.736959457397461
