mode,load,0_efficientnet_b7-32,1_mobilenet_v2-2,2_mobilenet_v2-32,3_resnet101-32
mps-uncap,1.0,124.63665008544922,31.018495559692383,37.28365898132324,68.68672370910645
