mode,load,0_efficientnet_b7-32,1_mobilenet_v2-2,2_mobilenet_v2-32,3_resnet101-32
mps-uncap,1.0,77.05497741699219,4.185676574707031,10.064840316772461,47.066450119018555
