mode,load,0_vgg13-8,1_vgg13-8
mig,1.0,995.9652722343741,820.3296579452777
