mode,load,0_resnet101-4,1_squeezenet1_0-32,2_vgg19-16
mps-uncap,1.0,51.98931694030762,16.45374298095703,16.446590423583984
