mode,load,0_mobilenet_v3_large-4,1_resnet101-2,2_resnet50-32
mps-uncap,1.0,10.397672653198242,21.575927734375,14.825105667114258
