mode,load,0_densenet121-2,1_mobilenet_v3_small-32
mps-uncap,1.0,278.3962909049425,10904.79323564899
