mode,load,0_mobilenet_v2-16,1_squeezenet1_0-16
mps-uncap,1.0,4.826068878173828,3.528594970703125
