mode,load,0_densenet161-16,1_mobilenet_v3_large-32,2_vgg16-16
mps-uncap,1.0,51.471710205078125,16.800642013549805,11.356830596923828
