mode,load,0_densenet161-32,1_inception_v3-2,2_mobilenet_v2-32,3_resnet101-32
mps-uncap,1.0,89.28275108337402,43.20096969604492,23.88012409210205,54.00948524475097
