mode,load,0_densenet169-16,1_mobilenet_v2-32,2_resnet34-2,3_vgg16-32
mps-uncap,1.0,0.001430511474609375,0.000476837158203125,0.0007152557373046875,0.000476837158203125
