mode,load,0_densenet169-16,1_mobilenet_v2-8,2_vgg11-32
mps-uncap,1.0,24.191856384277344,5.428791046142578,11.073112487792969
