mode,load,0_densenet169-16,1_mobilenet_v2-8,2_vgg11-32
mps-uncap,1.0,84.35169219970703,21.682598590850827,13.920316696166992
