mode,load,0_alexnet-8,1_efficientnet_b5-32
mps-uncap,1.0,3.6307334899902366,35.247206687927246
