mode,load,0_alexnet-8,1_efficientnet_b5-32
mps-uncap,1.0,3260.0972518120075,916.9205538432514
