mode,load,0_densenet169-2,1_resnet18-16,2_vgg13-8
mps-uncap,1.0,31.523942947387695,6.722688674926758,4.938364028930664
