mode,load,0_densenet169-2,1_resnet18-16,2_vgg13-8
mps-uncap,1.0,45.52960395812988,10.566473007202148,7.218837738037109
