mode,load,0_efficientnet_b7-8,1_resnet18-4
mps-uncap,1.0,0.0002384185791015625,0.0002384185791015625
