mode,load,0_resnet18-16,1_vgg16-16
mps-uncap,1.0,11.279821395874023,11.280655860900879
