mode,load,0_resnet18-16,1_vgg16-16
mps-uncap,1.0,2.552032470703125,10.570287704467773
