mode,load,0_resnet18-16,1_vgg16-16
mps-uncap,1.0,11.35873794555664,11.48061752319336
