mode,load,0_efficientnet_b6-8,1_mobilenet_v3_large-16,2_resnet34-4
mps-uncap,1.0,22.115182876586914,6.30640983581543,6.428718566894531
