mode,load,0_densenet161-8,1_efficientnet_b6-2,2_mobilenet_v2-32,3_resnet101-32
mps-uncap,1.0,156.32673725111357,40.23869937828801,2445.654543511046,898.6032283234122
