mode,load,0_densenet161-2,1_densenet169-4,2_mobilenet_v2-32,3_resnet152-32
mps-uncap,1.0,51.81241035461426,53.18760871887207,21.651268005371094,54.19492721557617
