mode,load,0_efficientnet_b6-2,1_mobilenet_v2-32,2_resnet152-16,3_vgg11-32
mps-uncap,1.0,107.21588134765625,31.676197052001953,106.42387866973877,17.95611381530762
