mode,load,0_efficientnet_b6-2,1_mobilenet_v2-32,2_resnet152-16,3_vgg11-32
mps-uncap,1.0,36.400794982910156,19.766569137573242,86.090087890625,13.432979583740234
