mode,load,0_densenet161-16,1_densenet169-2,2_vgg11-2
mps-uncap,1.0,30.45344352722168,21.99864387512207,3.3723354339599623
