mode,load,0_mobilenet_v2-32,1_resnet18-4,2_resnet18-4
mps-uncap,1.0,7.367610931396484,3.5206079483032227,3.76284122467041
