mode,load,0_resnet50-16,1_vgg11-8
mps-uncap,1.0,16.153264045715332,5.311489105224609
