mode,load,0_resnet50-16,1_vgg11-8
mps-uncap,1.0,17.30966567993164,6.687402725219727
