mode,load,0_vgg13-2,1_vgg16-32
mps-uncap,1.0,16.850085258483887,20.93743324279785
