mode,load,0_densenet161-32,1_densenet169-32,2_inception_v3-16,3_mobilenet_v2-32
mps-uncap,1.0,75.9410572052002,73.80460262298584,46.17053270339966,24.9767804145813
