mode,load,0_densenet161-32,1_densenet169-32,2_inception_v3-16,3_mobilenet_v2-32
mps-uncap,1.0,435.79276595922204,450.4062453359578,414.5103459443113,2071.541004636606
