mode,load,0_efficientnet_b7-8,1_resnet101-2
mps-uncap,1.0,15.847444534301758,5.631685256958008
