mode,load,0_efficientnet_b6-16,1_resnet18-8
mps-uncap,1.0,24.915218353271484,5.704307556152345
