mode,load,0_densenet161-2,1_densenet161-32,2_mobilenet_v2-32,3_mobilenet_v3_small-4
mps-uncap,1.0,51.457881927490234,65.03772735595703,25.392532348632812,18.81265640258789
