mode,load,0_densenet161-2,1_densenet161-32,2_mobilenet_v2-32,3_mobilenet_v3_small-4
mps-uncap,1.0,46.44744074679817,532.9507506783264,2449.086378036439,434.9672126172191
