mode,load,0_densenet121-8,1_resnet152-4
mps-uncap,1.0,7.59124755859375,7.977962493896484
