mode,load,0_densenet201-32,1_efficientnet_b6-8,2_mobilenet_v2-32,3_resnet50-32
mps-uncap,1.0,83.94932746887207,65.83738327026367,12.193918228149414,21.538972854614258
