mode,load,0_resnet50-4,1_vgg11-2
mps-uncap,1.0,5.415678024291992,1.767873764038086
