mode,load,0_densenet121-16,1_mobilenet_v3_small-8,2_vgg11-16
mps-uncap,1.0,28.156518936157227,5.819559097290039,5.995750427246094
