mode,load,0_inception_v3-32,1_resnet34-8
mps-uncap,1.0,2416.294389916697,1667.1350487447796
