mode,load,0_alexnet-2,1_efficientnet_b7-2,2_inception_v3-32,3_mobilenet_v2-32
mps-uncap,1.0,1.8585920333862305,43.12705993652344,26.880264282226562,10.818719863891602
