mode,load,0_densenet121-32,1_densenet121-8,2_vgg16-2
mps-uncap,1.0,29.992341995239258,26.987075805664062,10.159730911254883
