mode,load,0_alexnet-2,1_mobilenet_v2-32,2_resnet18-32,3_resnet50-2
mps-uncap,1.0,6.976604461669922,17.492055892944336,16.365528106689453,17.021656036376953
