mode,load,0_alexnet-2,1_mobilenet_v2-32,2_resnet18-32,3_resnet50-2
mps-uncap,1.0,4.274797439575195,12.971949577331543,11.908960342407227,14.32769298553467
