mode,load,0_efficientnet_b6-2,1_mobilenet_v2-32,2_squeezenet1_0-4,3_vgg16-32
mps-uncap,1.0,96.10223770141602,21.933794021606445,3.680706024169922,20.35975456237793
