mode,load,0_resnet18-8,1_resnet34-16,2_vgg16-4
mps-uncap,1.0,3.465890884399414,8.054494857788086,4.192590713500977
