mode,load,0_alexnet-8,1_mobilenet_v2-32,2_resnet101-4,3_resnet18-32
mps-uncap,1.0,1.3170242309570312,11.152505874633789,7.055997848510742,7.364988327026367
