mode,load,0_alexnet-8,1_mobilenet_v2-32,2_resnet101-4,3_resnet18-32
mps-uncap,1.0,5.941371917724609,14.07137870788574,30.100643634796143,10.697216987609863
