mode,load,0_alexnet-8,1_mobilenet_v2-32,2_resnet101-4,3_resnet18-32
mps-uncap,1.0,4.953098297119142,13.591194152832031,29.010772705078125,10.365009307861328
