mode,load,0_densenet169-32,1_efficientnet_b5-8,2_mobilenet_v2-32,3_resnet50-8
mps-uncap,1.0,61.35702133178711,45.413970947265625,13.839006423950195,16.228318214416504
