mode,load,0_densenet121-8,1_resnet101-32,2_vgg16-8
mps-uncap,1.0,43.219804763793945,45.1664924621582,8.479475975036621
