mode,load,0_densenet201-32,1_efficientnet_b6-8,2_mobilenet_v2-32,3_squeezenet1_0-16
mps-uncap,1.0,400.8729764239321,138.10636300038712,2210.6159762590123,1690.241519525984
