mode,load,0_alexnet-8,1_densenet161-4,2_mobilenet_v3_small-32
mps-uncap,1.0,1.5268325805664062,20.766735076904297,4.580497741699219
