mode,load,0_resnet18-32,1_squeezenet1_0-8
mps-uncap,1.0,5.496740341186523,3.6063194274902344
