mode,load,0_densenet121-8,1_vgg19-32
mps-uncap,1.0,165.83482643170802,1403.9653269140902
