mode,load,0_efficientnet_b6-4,1_squeezenet1_1-2,2_vgg13-32
mps-uncap,1.0,53.092736826093244,239.736295434487,1942.0264975864327
