mode,load,0_llama-8,1_bert-2,2_vgg19-32
mps-uncap,1.0,277.39644050598145,17.824649810791016,24.394512176513672
