mode,load,0_llama-8,1_bert-2,2_vgg19-32
mps-uncap,1.0,1132.736096382141,41.368372440338135,29.238080978393555
