mode,load,0_densenet161-8,1_vgg16-32
mps-uncap,1.0,70.39260864257812,18.2497501373291
