mode,load,0_densenet161-8,1_vgg16-32
mps-uncap,1.0,79.41031455993652,19.610166549682617
