mode,load,0_efficientnet_b7-4,1_inception_v3-32,2_mobilenet_v2-32,3_vgg19-16
mps-uncap,1.0,118.38579177856445,62.60371208190918,23.01621437072754,17.006635665893555
