mode,load,0_efficientnet_b7-4,1_inception_v3-32,2_mobilenet_v2-32,3_vgg19-16
mps-uncap,1.0,104.74896430969238,42.061567306518555,18.696308135986328,13.81993293762207
