mode,load,0_densenet121-4,1_mobilenet_v2-32,2_mobilenet_v2-4,3_vgg13-32
mps-uncap,1.0,51.28094013500249,1158.33289604022,186.5093382237075,1701.0594449168755
