mode,load,0_densenet169-2,1_squeezenet1_0-8
mps-uncap,1.0,10.859251022338867,2.03704833984375
