mode,load,0_densenet169-2,1_squeezenet1_0-8
mps-uncap,1.0,11.094455718994142,2.0973682403564453
