mode,load,0_mobilenet_v3_small-2,1_vgg16-4,2_vgg16-8
mps-uncap,1.0,7.814645767211914,7.811784744262695,7.812023162841797
