mode,load,0_densenet161-32,1_densenet201-8,2_mobilenet_v2-32,3_resnet34-16
mps-uncap,1.0,76.66230201721191,77.72612571716309,25.709867477416992,28.986454010009766
