mode,load,0_densenet161-4,1_densenet169-32
mps-uncap,1.0,199.97975131074412,1297.334239082964
