mode,load,0_alexnet-8,1_squeezenet1_0-2
mps-uncap,1.0,1.3155937194824219,1.8296241760253906
