mode,load,0_densenet169-32,1_mobilenet_v2-32,2_mobilenet_v3_small-4,3_vgg11-8
mps-uncap,1.0,33.99801254272461,13.71908187866211,4.347562789916992,4.506349563598633
