mode,load,0_efficientnet_b7-4,1_vgg11-16,2_vgg19-4
mps-uncap,1.0,48.3220869548991,2008.5753808561599,343.6950138694197
