mode,load,0_resnet152-4,1_resnet34-4
mps-uncap,1.0,9.675023555755615,2.8226375579833984
