mode,load,0_resnet152-4,1_resnet34-4
mps-uncap,1.0,9.496402740478516,2.743029594421387
