mode,load,0_mobilenet_v2-32,1_mobilenet_v2-32,2_squeezenet1_0-4,3_vgg11-8
mps-uncap,1.0,1816.4267824209435,1816.4308585014517,417.1757153357786,1162.9813376492905
