mode,load,0_densenet161-16,1_inception_v3-8,2_mobilenet_v2-32,3_resnet50-32
mps-uncap,1.0,73.49655628204344,41.10186815261841,20.642354488372803,27.382001876831055
