mode,load,0_alexnet-8,1_densenet161-2,2_densenet161-32,3_mobilenet_v2-32
mps-uncap,1.0,13.048887252807617,60.22930145263672,78.72247695922852,24.445533752441406
