mode,load,0_alexnet-8,1_densenet161-2,2_densenet161-32,3_mobilenet_v2-32
mps-uncap,1.0,3.322720527648926,52.52385139465332,70.11914253234863,14.27006721496582
