mode,load,0_alexnet-8,1_densenet161-2,2_densenet161-32,3_mobilenet_v2-32
mps-uncap,1.0,3.3228397369384766,52.52408981323242,70.11914253234863,14.27006721496582
