mode,load,0_inception_v3-32,1_mobilenet_v2-32,2_mobilenet_v3_small-8,3_vgg19-8
mps-uncap,1.0,44.28672790527344,16.2661075592041,13.349533081054688,11.013269424438477
