mode,load,0_mobilenet_v2-8,1_squeezenet1_0-4,2_vgg19-32
mps-uncap,1.0,17.444491386413574,10.509490966796875,24.112224578857422
