mode,load,0_mobilenet_v2-32,1_resnet18-32,2_squeezenet1_0-2,3_squeezenet1_1-16
mps-uncap,1.0,14.018774032592773,10.68878173828125,9.58704948425293,10.722160339355469
