mode,load,0_efficientnet_b6-2,1_inception_v3-16,2_resnet50-4
mps-uncap,1.0,15.445470809936523,10.601997375488281,4.548311233520508
