mode,load,0_efficientnet_b6-2,1_inception_v3-16,2_resnet50-4
mps-uncap,1.0,17.722606658935547,12.933015823364258,6.122350692749023
