mode,load,0_efficientnet_b5-32,1_mobilenet_v2-32,2_resnet152-32,3_resnet34-8
mps-uncap,1.0,71.62308692932129,15.571832656860352,71.68269157409668,19.10114288330078
