mode,load,0_densenet201-32,1_mobilenet_v3_large-16
mps-uncap,1.0,899.3824559260227,2737.3272236856783
