mode,load,0_densenet201-8,1_mobilenet_v2-2,2_mobilenet_v2-32,3_vgg13-32
mps-uncap,1.0,150.0357151031494,28.510093688964847,36.512136459350586,22.774744033813477
