mode,load,0_densenet169-2,1_efficientnet_b5-4,2_resnet101-16
mps-uncap,1.0,19.513216018676758,18.599748611450195,13.840246200561523
