mode,load,0_densenet169-2,1_efficientnet_b5-4,2_resnet101-16
mps-uncap,1.0,112.57490116148429,234.10270875102776,1197.5309424882746
