mode,load,0_alexnet-4,1_resnet152-8
mps-uncap,1.0,0.0002384185791015625,0.0002384185791015625
