mode,load,0_alexnet-4,1_resnet152-8
mps-uncap,1.0,0.8289813995361328,9.088993072509766
