mode,load,0_mobilenet_v3_small-16,1_resnet101-16,2_resnet50-32
mps-uncap,1.0,11.780977249145508,30.265402793884277,17.84374713897705
