mode,load,0_mobilenet_v3_small-16,1_resnet101-16,2_resnet50-32
mps-uncap,1.0,5.415916442871094,23.928165435791016,15.353679656982422
