mode,load,0_densenet161-32,1_densenet201-16
mps-uncap,1.0,792.7657015469659,396.3808105859407
