mode,load,0_densenet121-16,1_resnet101-8,2_vgg11-8
mps-uncap,1.0,35.57153940200806,28.44982624053955,6.556987762451172
