mode,load,0_squeezenet1_0-8,1_vgg13-16
mps-uncap,1.0,865.0502512961802,1730.1078075757525
