mode,load,0_vgg16-4,1_vgg19-32
mps-uncap,1.0,22.10545539855957,25.571775436401367
