mode,load,0_vgg16-4,1_vgg19-32
mps-uncap,1.0,6.292819976806641,22.823810577392578
