mode,load,0_densenet169-32,1_mobilenet_v2-32,2_mobilenet_v3_large-2,3_resnet34-2
mps-uncap,1.0,59.47113037109375,21.61717414855957,21.27838134765625,17.93646812438965
