mode,load,0_mobilenet_v2-2,1_vgg11-8,2_vgg16-32
mps-uncap,1.0,23.784875869750977,12.903213500976562,23.81300926208496
