mode,load,0_mobilenet_v2-32,1_resnet34-4,2_resnet50-32,3_squeezenet1_1-32
mps-uncap,1.0,24.976491928100586,25.070667266845703,37.7957820892334,21.147489547729492
