mode,load,0_mobilenet_v2-32,1_resnet34-4,2_resnet50-32,3_squeezenet1_1-32
mps-uncap,1.0,21.98481559753418,21.720528602600098,30.347251892089844,18.410515785217285
