mode,load,0_densenet169-8,1_vgg11-8,2_vgg13-2
mps-uncap,1.0,48.51698875427246,5.761346817016601,5.882258415222167
