mode,load,0_densenet169-8,1_vgg11-8,2_vgg13-2
mps-uncap,1.0,179.1411088164257,1643.7774982676879,412.90194822214386
