mode,load,0_mobilenet_v3_small-16,1_resnet101-16,2_vgg11-32
mps-uncap,1.0,12.499570846557617,13.531684875488281,11.049747467041016
