mode,load,0_resnet101-32,1_squeezenet1_1-2,2_squeezenet1_1-8
mps-uncap,1.0,19.42300796508789,1.1126995086669922,2.1288394927978516
