mode,load,0_densenet201-16,1_vgg13-8
mps-uncap,1.0,299.5634015533239,1437.3260498456584
