mode,load,0_densenet201-16,1_efficientnet_b5-8
mps-uncap,1.0,24.88422393798828,15.95468521118164
