mode,load,0_mobilenet_v2-32,1_mobilenet_v2-4,2_squeezenet1_0-32
mps-uncap,1.0,11.349201202392578,9.683728218078613,9.773731231689453
