mode,load,0_densenet169-8,1_mobilenet_v2-32,2_resnet18-32,3_vgg16-16
mps-uncap,1.0,118.99878501892088,33.36488723754883,24.546985626220707,20.306766033172607
