mode,load,0_densenet161-32,1_efficientnet_b6-2,2_vgg19-2
mps-uncap,1.0,46.565914154052734,37.60421276092529,11.556963920593262
