mode,load,0_densenet161-2,1_densenet201-16,2_efficientnet_b6-8
mps-uncap,1.0,21.82873010635376,30.470972061157223,21.95168972015381
