mode,load,0_densenet169-2,1_densenet201-8,2_mobilenet_v2-32,3_vgg13-32
mps-uncap,1.0,78.63378524780273,111.65237426757812,23.551225662231445,18.481969833374023
