mode,load,0_densenet121-32,1_mobilenet_v2-32,2_resnet50-4,3_squeezenet1_1-8
mps-uncap,1.0,38.858890533447266,15.72108268737793,20.552635192871094,12.494325637817383
