mode,load,0_inception_v3-32,1_mobilenet_v2-32,2_resnet18-4,3_squeezenet1_0-32
mps-uncap,1.0,47.84965515136719,23.607730865478516,16.82734489440918,22.11308479309082
