mode,load,0_densenet161-2,1_mobilenet_v2-32,2_resnet34-32,3_squeezenet1_1-32
mps-uncap,1.0,32.073020935058594,10.573863983154297,8.404254913330078,5.939245223999023
