mode,load,0_densenet121-32,1_densenet121-4,2_mobilenet_v2-32,3_vgg11-2
mps-uncap,1.0,38.57231140136719,20.366907119750977,8.857965469360352,1.8038749694824219
