mode,load,0_densenet121-32,1_densenet121-4,2_mobilenet_v2-32,3_vgg11-2
mps-uncap,1.0,44.083595275878906,37.427663803100586,19.547510147094727,7.257699966430665
