mode,load,0_resnet101-32,1_resnet152-16,2_vgg11-16
mps-uncap,1.0,0.000476837158203125,0.000476837158203125,0.000476837158203125
