mode,load,0_resnet101-32,1_resnet152-16,2_vgg11-16
mps-uncap,1.0,62.198758125305176,83.24830532073975,10.75124740600586
