mode,load,0_densenet121-32,1_mobilenet_v2-32,2_resnet101-2,3_resnet50-8
mps-uncap,1.0,39.41988945007324,16.288042068481445,29.282331466674805,20.957231521606445
