mode,load,0_densenet121-32,1_mobilenet_v2-32,2_resnet101-2,3_resnet50-8
mps-uncap,1.0,37.92986869812012,15.37468433380127,27.2979736328125,18.03154945373535
