mode,load,0_densenet121-32,1_mobilenet_v2-32,2_resnet101-2,3_resnet50-8
mps-uncap,1.0,37.05000877380371,11.062145233154297,24.872541427612305,14.28842544555664
