mode,load,0_densenet161-4,1_resnet18-2
mps-uncap,1.0,10.550498962402344,1.2087821960449219
