mode,load,0_densenet161-4,1_resnet18-2
mps-uncap,1.0,10.975499153137207,1.64031982421875
