mode,load,0_resnet18-16,1_squeezenet1_0-4
mps-uncap,1.0,0.007152557373046875,0.00667572021484375
