mode,load,0_resnet101-4,1_vgg16-32,2_vgg16-32
mps-uncap,1.0,36.28266510806925,870.8182505224672,870.8347942367635
