mode,load,0_densenet201-8,1_vgg13-8
mps-uncap,1.0,44.23919200897217,5.74859619140625
