mode,load,0_densenet201-8,1_vgg13-8
mps-uncap,1.0,39.83426094055176,4.561662673950195
