mode,load,0_efficientnet_b7-4,1_resnet34-2,2_vgg11-8
mps-uncap,1.0,0.0002384185791015625,0.0002384185791015625,0.0002384185791015625
