mode,load,0_efficientnet_b7-4,1_resnet34-2,2_vgg11-8
mps-uncap,1.0,96.60085316746255,254.6355151246893,1959.895881871194
