mode,load,0_mobilenet_v2-32,1_mobilenet_v3_small-2,2_resnet50-16
mps-uncap,1.0,10.026309490203857,8.62666130065918,13.478622436523441
