mode,load,0_efficientnet_b6-32,1_mobilenet_v2-16,2_mobilenet_v3_large-4
mps-uncap,1.0,0.0007152557373046875,0.000476837158203125,0.000476837158203125
