mode,load,0_inception_v3-32,1_resnet50-16,2_vgg11-2
mps-uncap,1.0,25.857234001159668,14.910554885864258,4.764509201049806
