mode,load,0_mobilenet_v2-32,1_resnet34-32,2_resnet50-4,3_vgg13-8
mps-uncap,1.0,21.144919395446777,27.457056045532223,26.844294071197513,11.843476295471191
