mode,load,0_densenet169-2,1_resnet101-4,2_vgg19-32
mps-uncap,1.0,68.09639930725098,46.77391052246094,23.64528179168701
