mode,load,0_densenet169-2,1_resnet101-4,2_vgg19-32
mps-uncap,1.0,32.44919123844126,90.55992484414688,1375.1636729960755
