mode,load,0_densenet121-8,1_mobilenet_v2-32,2_resnet34-32,3_squeezenet1_1-8
mps-uncap,1.0,32.5312614440918,12.726783752441406,15.268683433532715,7.903575897216799
