mode,load,0_densenet121-8,1_mobilenet_v2-32,2_resnet34-32,3_squeezenet1_1-8
mps-uncap,1.0,10.313749313354492,8.604288101196289,12.518882751464844,2.602100372314453
