mode,load,0_densenet121-8,1_mobilenet_v2-32,2_resnet34-32,3_squeezenet1_1-8
mps-uncap,1.0,34.28206443786621,13.218746185302734,16.322755813598633,9.141387939453123
