mode,load,0_densenet121-8,1_mobilenet_v2-32,2_resnet34-32,3_squeezenet1_1-8
mps-uncap,1.0,259.41037480501717,2771.4218542209173,2233.4061934859483,1351.9697650810424
