mode,load,0_densenet121-2,1_densenet201-2,2_vgg16-16
mps-uncap,1.0,29.79609966278076,52.600393295288086,10.886728763580322
