mode,load,0_densenet201-32,1_squeezenet1_0-16
mps-uncap,1.0,45.74465751647949,9.237289428710938
