mode,load,0_densenet201-32,1_squeezenet1_0-16
mps-uncap,1.0,725.6150829063145,3038.9645165981387
