mode,load,0_efficientnet_b7-4,1_resnet18-32,2_resnet50-4
mps-uncap,1.0,18.561363220214844,5.369424819946289,6.254434585571289
