mode,load,0_mobilenet_v2-32,1_mobilenet_v3_small-4,2_resnet101-2,3_resnet34-32
mps-uncap,1.0,7.850885391235352,2.995014190673828,9.849309921264648,11.314868927001953
