mode,load,0_mobilenet_v2-32,1_mobilenet_v3_small-4,2_resnet101-2,3_resnet34-32
mps-uncap,1.0,3174.588138701126,570.7742938565826,100.08874213625252,2586.6846487176135
