mode,load,0_efficientnet_b7-8,1_efficientnet_b7-8,2_efficientnet_b7-8,3_efficientnet_b7-8
mig,1.0,45.165462493896484,45.29645919799805,45.31689167022705,89.07888174057007
