mode,load,0_efficientnet_b7-8,1_efficientnet_b7-8,2_efficientnet_b7-8,3_efficientnet_b7-8
mig,1.0,45.07637023925781,45.2265739440918,45.255184173583984,88.92929553985596
