mode,load,0_densenet161-16,1_vgg11-32
mps-uncap,1.0,85.13665199279785,13.129544258117676
