mode,load,0_efficientnet_b5-4,1_vgg19-32
mps-uncap,1.0,66.10393524169922,25.03824234008789
