mode,load,0_efficientnet_b5-4,1_vgg19-32
mps-uncap,1.0,62.58220672607422,23.322105407714844
