mode,load,0_alexnet-2,1_inception_v3-2,2_vgg16-16
mps-uncap,1.0,0.8130073547363281,21.94833755493164,10.05864143371582
