mode,load,0_densenet121-4,1_densenet121-8,2_densenet169-2
mps-uncap,1.0,10.948896408081055,9.516477584838867,12.817859649658203
