mode,load,0_densenet161-16,1_mobilenet_v2-32,2_mobilenet_v3_small-8,3_resnet50-32
mps-uncap,1.0,70.48592567443848,19.881181716918945,18.797233104705814,26.422395706176758
