mode,load,0_efficientnet_b5-8,1_resnet34-8
mps-uncap,1.0,12.971138954162598,5.475044250488281
