mode,load,0_densenet169-16,1_mobilenet_v3_large-16,2_squeezenet1_1-4
mps-uncap,1.0,0.000476837158203125,0.0057220458984375,0.006198883056640625
