mode,load,0_resnet18-2,1_vgg19-4
mps-uncap,1.0,2.691030502319336,4.307293891906738
