mode,load,0_densenet201-2,1_inception_v3-2,2_mobilenet_v2-32,3_vgg13-32
mps-uncap,1.0,128.62050533294678,60.039520263671875,31.31256103515625,19.33307647705078
