mode,load,0_resnet18-2,1_resnet34-4,2_vgg19-8
mps-uncap,1.0,4.667043685913086,9.553909301757812,7.42650032043457
