mode,load,0_alexnet-32,1_resnet34-2,2_vgg16-2
mps-uncap,1.0,4.4345855712890625,8.01849365234375,6.528139114379883
