mode,load,0_densenet121-4,1_resnet18-8,2_vgg13-4
mps-uncap,1.0,17.41635799407959,4.192829132080078,3.5598278045654297
