mode,load,0_densenet169-32,1_inception_v3-16
mps-uncap,1.0,24.258852005004883,10.007381439208984
