mode,load,0_mobilenet_v2-32,1_resnet18-4,2_squeezenet1_0-2,3_vgg13-32
mps-uncap,1.0,32.8416109085083,22.556257247924805,19.73731517791748,19.67620849609375
