mode,load,0_mobilenet_v2-32,1_resnet18-4,2_squeezenet1_0-2,3_vgg13-32
mps-uncap,1.0,27.963876724243164,19.40751075744629,18.016457557678223,18.883466720581055
