mode,load,0_alexnet-4,1_efficientnet_b7-4,2_mobilenet_v2-32,3_resnet34-32
mps-uncap,1.0,0.9822845458984375,41.92829132080078,8.359670639038086,13.152599334716797
