mode,load,0_densenet169-32,1_mobilenet_v2-32,2_mobilenet_v3_small-2,3_vgg19-16
mps-uncap,1.0,112.82062530517578,30.116558074951172,28.311729431152344,22.199392318725586
