mode,load,0_densenet169-32,1_mobilenet_v2-32,2_mobilenet_v3_small-2,3_vgg19-16
mps-uncap,1.0,82.9927921295166,17.271041870117188,5.569219589233398,13.757944107055664
