mode,load,0_efficientnet_b5-2,1_mobilenet_v2-32,2_resnet101-32,3_resnet50-32
mps-uncap,1.0,76.44319534301758,30.24005889892578,59.610843658447266,37.760019302368164
