mode,load,0_efficientnet_b5-2,1_mobilenet_v2-32,2_resnet101-32,3_resnet50-32
mps-uncap,1.0,30.66091511041644,1563.0178567790936,586.2031198660062,1071.2446204352177
