mode,load,0_densenet121-4,1_densenet169-32,2_densenet169-4,3_mobilenet_v2-32
mps-uncap,1.0,17.131567001342773,33.94889831542969,28.49578857421875,7.669687271118164
