mode,load,0_densenet121-4,1_densenet169-32,2_densenet169-4,3_mobilenet_v2-32
mps-uncap,1.0,28.60550880432129,45.21141052246094,38.227200508117676,13.180637359619142
