mode,load,0_mobilenet_v2-32,1_resnet34-32,2_squeezenet1_1-16
mps-uncap,1.0,13.519525527954102,16.58010482788086,9.8876953125
