mode,load,0_mobilenet_v2-32,1_resnet34-32,2_squeezenet1_1-16
mps-uncap,1.0,12.123727798461914,14.792680740356445,8.607339859008787
