mode,load,0_resnet34-16,1_vgg13-8
mps-uncap,1.0,14.184751510620115,6.1092376708984375
