mode,load,0_efficientnet_b6-32,1_vgg19-32
mps-uncap,1.0,148.21871757507324,31.946868896484375
