mode,load,0_inception_v3-2,1_mobilenet_v2-32,2_mobilenet_v3_large-2,3_vgg16-32
mps-uncap,1.0,9.47880744934082,13.743162155151367,4.779338836669922,22.142410278320312
