mode,load,0_inception_v3-2,1_mobilenet_v2-32,2_mobilenet_v3_large-2,3_vgg16-32
mps-uncap,1.0,51.892757415771484,25.31147003173828,25.075316429138184,25.03037452697754
