mode,load,0_densenet161-32,1_mobilenet_v2-32,2_mobilenet_v3_large-16,3_resnet18-32
mps-uncap,1.0,409.6497298375083,1972.0439926501717,917.065150796362,2664.864616583487
