mode,load,0_mobilenet_v2-32,1_resnet101-32,2_resnet34-4,3_squeezenet1_1-16
mps-uncap,1.0,18.84200572967529,43.00880432128906,18.280506134033203,14.227294921875002
