mode,load,0_mobilenet_v2-32,1_resnet101-32,2_resnet34-4,3_squeezenet1_1-16
mps-uncap,1.0,2029.7781991361612,775.3117985398708,263.6161311310142,1587.3449545165447
