mode,load,0_resnet101-4,1_vgg19-16
mps-uncap,1.0,9.287118911743164,11.1236572265625
