mode,load,0_mobilenet_v2-4,1_resnet50-8,2_vgg11-16
mps-uncap,1.0,7.120847702026367,15.437841415405273,6.086111068725586
