mode,load,0_densenet169-2,1_efficientnet_b5-16,2_vgg16-2
mps-uncap,1.0,76.66508322479194,649.5759033871332,485.3171445827154
