mode,load,0_densenet169-4,1_mobilenet_v2-32,2_resnet18-8
mps-uncap,1.0,14.136075973510742,6.919145584106445,2.051830291748047
