mode,load,0_densenet121-4,1_mobilenet_v2-32,2_resnet18-8,3_resnet50-32
mps-uncap,1.0,39.3679141998291,15.702009201049805,11.031150817871094,22.066354751586914
