mode,load,0_squeezenet1_1-2,1_squeezenet1_1-2
mig,1.0,0.9603500366210938,0.934600830078125
