mode,load,0_squeezenet1_1-2,1_squeezenet1_1-2
mig,1.0,3.258228302001953,3.2155513763427734
