mode,load,0_squeezenet1_1-2,1_squeezenet1_1-2
mig,1.0,7.508039474487305,7.202625274658203
