mode,load,0_squeezenet1_1-2,1_squeezenet1_1-2
mig,1.0,1.3723373413085938,1.3470649719238281
