mode,load,0_squeezenet1_1-2,1_squeezenet1_1-2
mig,1.0,5.530595779418945,5.2127838134765625
