mode,load,0_densenet169-32,1_efficientnet_b6-32,2_efficientnet_b7-8,3_mobilenet_v2-32
mps-uncap,1.0,83.96244049072266,82.4277400970459,92.89524555206299,22.554755210876465
