mode,load,0_densenet169-32,1_efficientnet_b6-32,2_efficientnet_b7-8,3_mobilenet_v2-32
mps-uncap,1.0,85.20379066467285,83.0789566040039,96.05745077133177,26.404263973236084
