mode,load,0_mobilenet_v2-32,1_vgg16-16
mps-uncap,1.0,19.949793815612793,13.08800220489502
