mode,load,0_mobilenet_v2-32,1_vgg16-16
mps-uncap,1.0,1761.7865975499587,1318.5347010047947
