mode,load,0_resnet34-8,1_vgg16-8
mps-uncap,1.0,8.220672607421875,5.527973175048828
