mode,load,0_efficientnet_b5-16,1_mobilenet_v3_small-32
mps-uncap,1.0,19.15764808654785,4.683852195739746
