mode,load,0_llama-8,1_bert-8,2_bert-32,3_inception_v3-32
mps-uncap,1.0,663.6415719985962,25.423765182495117,33.42151641845703,35.55631637573242
