mode,load,0_llama-8,1_bert-8,2_bert-32,3_inception_v3-32
mps-uncap,1.0,170.21799087524414,20.738601684570312,28.04732322692871,32.30571746826172
