mode,load,0_efficientnet_b6-32,1_mobilenet_v2-32,2_mobilenet_v3_small-8,3_resnet152-32
mps-uncap,1.0,57.4345588684082,12.130498886108398,4.307031631469727,67.42048263549805
