mode,load,0_efficientnet_b6-32,1_mobilenet_v2-32,2_mobilenet_v3_small-8,3_resnet152-32
mps-uncap,1.0,350.81894561552224,1571.685240143811,476.71939752029806,406.1897956441557
