mode,load,0_efficientnet_b5-2,1_mobilenet_v2-16,2_mobilenet_v2-32,3_resnet152-32
mps-uncap,1.0,44.643521308898926,11.285066604614258,12.801170349121094,53.55215072631836
