mode,load,0_efficientnet_b5-2,1_mobilenet_v2-16,2_mobilenet_v2-32,3_resnet152-32
mps-uncap,1.0,46.79412841796876,14.429020881652834,16.162395477294922,54.24928665161133
