mode,load,0_efficientnet_b7-2,1_inception_v3-32,2_mobilenet_v2-32,3_vgg11-16
mps-uncap,1.0,97.17864990234375,54.894208908081055,21.81682586669922,10.262489318847656
