mode,load,0_efficientnet_b7-2,1_vgg19-2
mps-uncap,1.0,18.706321716308594,3.063201904296875
