mode,load,0_efficientnet_b7-2,1_vgg19-2
mps-uncap,1.0,117.19689675645235,729.6475986898628
