mode,load,0_efficientnet_b6-8,1_squeezenet1_0-32
mps-uncap,1.0,33.24575424194336,8.291606903076174
