mode,load,0_densenet201-2,1_resnet152-16,2_vgg16-32
mps-uncap,1.0,105.9112548828125,87.84723281860352,20.79629898071289
