mode,load,0_efficientnet_b6-32,1_efficientnet_b7-16,2_vgg11-32
mps-uncap,1.0,0.0002384185791015625,0.0002384185791015625,0.0002384185791015625
