mode,load,0_densenet121-8,1_mobilenet_v2-32,2_mobilenet_v2-32,3_mobilenet_v3_large-2
mps-uncap,1.0,23.337602615356445,10.202407836914062,10.00523567199707,4.02522087097168
