mode,load,0_mobilenet_v2-32,1_resnet152-32,2_resnet50-4,3_vgg19-2
mps-uncap,1.0,19.10686492919922,61.110496520996094,24.153709411621094,14.307975769042969
