mode,load,0_efficientnet_b6-16,1_efficientnet_b7-4,2_squeezenet1_0-16
mps-uncap,1.0,25.195598602294922,29.78229522705078,4.41431999206543
