mode,load,0_densenet201-32,1_densenet201-8,2_efficientnet_b5-8,3_mobilenet_v2-32
mps-uncap,1.0,67.97456741333008,59.73599433898926,44.62602615356445,16.4686107635498
