mode,load,0_densenet201-32,1_densenet201-8,2_efficientnet_b5-8,3_mobilenet_v2-32
mps-uncap,1.0,51.10025405883789,29.53052520751953,34.8665714263916,8.921623229980469
