mode,load,0_densenet201-32,1_densenet201-8,2_efficientnet_b5-8,3_mobilenet_v2-32
mps-uncap,1.0,66.88785552978516,58.42323303222656,42.321014404296875,14.646482467651367
