mode,load,0_densenet161-16,1_efficientnet_b5-4,2_efficientnet_b5-4
mps-uncap,1.0,23.649215698242188,13.195991516113281,15.0146484375
