mode,load,0_densenet161-16,1_efficientnet_b5-4,2_efficientnet_b5-4
mps-uncap,1.0,26.061058044433594,17.78435707092285,18.887639045715332
