mode,load,0_densenet161-32,1_mobilenet_v2-32,2_resnet101-2,3_vgg16-8
mps-uncap,1.0,43.14613342285156,11.798620223999023,36.4377498626709,7.778644561767578
