mode,load,0_densenet161-32,1_mobilenet_v2-32,2_resnet101-2,3_vgg16-8
mps-uncap,1.0,98.54565858840941,26.039974689483646,50.118913650512695,17.52160072326659
