mode,load,0_mobilenet_v2-2,1_mobilenet_v2-32,2_resnet152-2
mps-uncap,1.0,5.776224136352538,6.610879898071289,18.52428436279297
