mode,load,0_densenet161-32,1_densenet169-8,2_mobilenet_v2-32,3_vgg19-2
mps-uncap,1.0,70.29509544372559,46.71311378479004,9.19485092163086,3.789663314819336
