mode,load,0_efficientnet_b6-16,1_mobilenet_v3_small-8,2_resnet152-2
mps-uncap,1.0,22.76897430419922,2.4497509002685547,13.200044631958008
