mode,load,0_resnet34-4,1_squeezenet1_0-2,2_vgg11-8
mps-uncap,1.0,10.345458984375,5.709648132324219,5.360126495361328
