mode,load,0_inception_v3-16,1_vgg16-8,2_vgg19-2
mps-uncap,1.0,32.86409378051758,7.725954055786133,7.812619209289551
