mode,load,0_densenet121-16,1_efficientnet_b6-16,2_vgg11-2
mps-uncap,1.0,19.806385040283203,35.923004150390625,2.046346664428711
