mode,load,0_densenet121-16,1_efficientnet_b6-16,2_vgg11-2
mps-uncap,1.0,27.14240550994873,38.22731971740723,3.2875537872314453
