mode,load,0_alexnet-8,1_vgg13-2,2_vgg13-2
mps-uncap,1.0,3.787517547607422,5.298137664794922,5.236387252807617
