mode,load,0_alexnet-8,1_vgg13-2,2_vgg13-2
mps-uncap,1.0,2.287626266479492,3.824472427368164,3.825664520263672
