mode,load,0_inception_v3-8,1_resnet50-8,2_vgg11-16
mps-uncap,1.0,32.90247917175293,21.22807502746582,8.764982223510742
