mode,load,0_densenet121-16,1_mobilenet_v2-32,2_resnet50-16,3_resnet50-32
mps-uncap,1.0,288.884816984515,1789.1568890860005,667.772373685149,1224.2386099742657
