mode,load,0_mobilenet_v2-32,1_mobilenet_v3_large-16,2_resnet152-32,3_vgg16-2
mps-uncap,1.0,14.194726943969727,15.370845794677734,60.43684482574463,7.549524307250977
