mode,load,0_densenet161-32,1_resnet152-32
mps-uncap,1.0,53.3747673034668,36.894798278808594
