mode,load,0_alexnet-16,1_densenet161-32,2_mobilenet_v2-32,3_resnet152-8
mps-uncap,1.0,7.249712944030762,80.04474639892578,22.889423370361328,60.61220169067383
