mode,load,0_efficientnet_b7-8,1_squeezenet1_1-2,2_vgg13-8
mps-uncap,1.0,59.85255241394044,7.372288703918454,6.756067276000977
