mode,load,0_resnet50-32,1_vgg16-8
mps-uncap,1.0,25.276956558227536,10.996065139770508
