mode,load,0_densenet161-32,1_efficientnet_b7-8
mps-uncap,1.0,42.65700578689575,39.39534664154053
