mode,load,0_densenet201-16,1_mobilenet_v3_small-32,2_squeezenet1_1-4
mps-uncap,1.0,0.0035762786865234375,0.0059604644775390625,0.000476837158203125
