mode,load,0_densenet121-2,1_densenet169-2,2_mobilenet_v2-32,3_resnet50-32
mps-uncap,1.0,22.56608009338379,22.296428680419922,10.279178619384766,19.343137741088867
