mode,load,0_densenet121-2,1_densenet169-2,2_mobilenet_v2-32,3_resnet50-32
mps-uncap,1.0,37.123751640319824,46.836233139038086,17.52176284790039,23.66640567779541
