mode,load,0_densenet121-32,1_densenet161-4
mps-uncap,1.0,1705.1052999198248,193.5930825608369
