mode,load,0_mobilenet_v3_small-16,1_mobilenet_v3_small-16,2_mobilenet_v3_small-16,3_mobilenet_v3_small-16
mig,1.0,3.2553672790527344,3.3032894134521484,3.3140182495117188,5.779504776000977
