mode,load,0_densenet121-32,1_mobilenet_v2-32,2_mobilenet_v3_small-4,3_vgg19-8
mps-uncap,1.0,60.18185615539551,23.070096969604492,21.123170852661133,16.772031784057617
