mode,load,0_mobilenet_v2-16,1_mobilenet_v2-16,2_mobilenet_v2-16,3_mobilenet_v2-16
mig,1.0,8.896541595458984,8.994841575622559,9.0040922164917,17.39797592163086
