mode,load,0_resnet152-4,1_squeezenet1_0-4,2_squeezenet1_1-8
mps-uncap,1.0,12.79884338378906,2.5855398178100586,2.583026885986328
