mode,load,0_resnet152-4,1_squeezenet1_0-4,2_squeezenet1_1-8
mps-uncap,1.0,0.000476837158203125,0.000476837158203125,0.0007152557373046875
