mode,load,0_alexnet-4,1_densenet201-4,2_resnet101-32
mps-uncap,1.0,4.556436538696289,40.32092094421386,24.04578924179077
