mode,load,0_mobilenet_v3_small-16,1_resnet101-8
mps-uncap,1.0,2.5773048400878906,8.059859275817871
