mode,load,0_mobilenet_v3_small-16,1_resnet101-8
mps-uncap,1.0,3.2265615463256836,8.367300033569336
