mode,load,0_mobilenet_v3_large-32,1_resnet18-8,2_vgg13-32
mps-uncap,1.0,30.834317207336426,17.77505874633789,18.05853843688965
