mode,load,0_densenet161-32,1_mobilenet_v2-32,2_resnet152-32,3_squeezenet1_1-4
mps-uncap,1.0,93.09459924697877,29.838762283325195,77.86895275115967,19.58475589752198
