mode,load,0_densenet169-32,1_resnet50-2,2_resnet50-8
mps-uncap,1.0,37.178993225097656,13.640880584716797,13.760089874267578
