mode,load,0_densenet169-32,1_resnet50-2,2_resnet50-8
mps-uncap,1.0,34.436702728271484,7.19451904296875,8.400917053222656
