mode,load,0_mobilenet_v2-32,1_mobilenet_v2-32,2_mobilenet_v3_small-16,3_mobilenet_v3_small-32
mps-uncap,1.0,16.81644916534424,16.852338314056396,14.97725248336792,16.724629402160645
