mode,load,0_mobilenet_v2-32,1_mobilenet_v2-32,2_mobilenet_v3_small-16,3_mobilenet_v3_small-32
mps-uncap,1.0,12.423038482666016,12.407302856445312,4.192590713500977,4.396200180053711
