mode,load,0_alexnet-16,1_mobilenet_v2-4
mps-uncap,1.0,1.4162063598632812,2.2039413452148438
