mode,load,0_alexnet-16,1_mobilenet_v2-4
mps-uncap,1.0,1.6705989837646484,2.4614334106445312
