mode,load,0_alexnet-32,1_densenet169-32,2_mobilenet_v2-32,3_mobilenet_v3_small-2
mps-uncap,1.0,7.429394721984863,59.03308868408203,16.92447662353516,15.294086933135981
