mode,load,0_mobilenet_v2-32,1_resnet152-32,2_resnet152-4,3_resnet18-32
mps-uncap,1.0,11.094331741333008,46.749114990234375,30.324459075927734,8.752822875976562
