mode,load,0_mobilenet_v2-16,1_squeezenet1_0-4
mps-uncap,1.0,3.222942352294922,1.4278888702392578
