mode,load,0_mobilenet_v2-32,1_resnet101-8,2_resnet50-32,3_vgg19-8
mps-uncap,1.0,24.39718246459961,58.26120376586914,34.01355743408203,16.65365695953369
