mode,load,0_densenet121-2,1_densenet161-8,2_mobilenet_v2-32,3_vgg19-32
mps-uncap,1.0,83.66384506225586,124.74484443664551,31.56113624572754,28.01070213317871
