mode,load,0_efficientnet_b6-16,1_efficientnet_b7-4,2_vgg16-2
mps-uncap,1.0,37.88764476776124,50.36783218383789,6.999993324279786
mig,1.0,43.69356632232666,27.029752731323242,6.872892379760742
