mode,load,0_densenet121-32,1_mobilenet_v2-32,2_mobilenet_v3_small-8,3_resnet34-2
mps-uncap,1.0,31.933040618896484,13.788995742797852,13.009500503540037,14.247055053710936
