mode,load,0_densenet121-32,1_mobilenet_v2-32,2_mobilenet_v3_small-8,3_resnet34-2
mps-uncap,1.0,0.0007152557373046875,0.000476837158203125,0.0095367431640625,0.0007152557373046875
