mode,load,0_densenet121-8,1_densenet201-16,2_mobilenet_v2-32,3_vgg16-32
mps-uncap,1.0,91.52472019195557,166.2144660949707,31.50331974029541,26.421070098876953
