mode,load,0_densenet121-8,1_densenet201-16,2_mobilenet_v2-32,3_vgg16-32
mps-uncap,1.0,103.60454559326172,183.31905364990234,43.838651180267334,30.121488571166996
