mode,load,0_densenet169-16,1_mobilenet_v2-32,2_mobilenet_v3_large-16,3_resnet18-32
mps-uncap,1.0,36.74817085266113,10.525226593017578,6.808757781982422,7.093667984008789
