mode,load,0_vgg16-2,1_vgg19-16,2_vgg19-4
mps-uncap,1.0,6.40559196472168,14.001607894897461,11.960744857788086
