mode,load,0_vgg16-2,1_vgg19-16,2_vgg19-4
mps-uncap,1.0,177.2374928586158,995.6207433143524,252.43109704881508
