mode,load,0_densenet161-32,1_densenet161-32,2_mobilenet_v2-32,3_resnet152-2
mps-uncap,1.0,98.49929809570312,93.8880443572998,34.798622131347656,70.94144821166992
