mode,load,0_densenet161-32,1_densenet161-32,2_mobilenet_v2-32,3_resnet152-2
mps-uncap,1.0,90.03844261169434,89.8634147644043,32.5263738632202,69.1223049163818
