mode,load,0_densenet161-32,1_densenet161-32,2_mobilenet_v2-32,3_resnet152-2
mps-uncap,1.0,361.1705471378301,361.1693890611567,1798.4500135736785,37.313128856615236
