mode,load,0_vgg11-16,1_vgg11-16
mig,1.0,16.21532440185547,12.22681999206543
