mode,load,0_squeezenet1_0-32,1_squeezenet1_1-32
mps-uncap,1.0,7.686853408813477,7.68733024597168
