mode,load,0_resnet50-16,1_squeezenet1_1-16
mps-uncap,1.0,9.505445957183836,5.10753870010376
