mode,load,0_resnet50-16,1_squeezenet1_1-16
mps-uncap,1.0,0.0002384185791015625,0.0002384185791015625
