mode,load,0_efficientnet_b7-2,1_resnet152-4,2_resnet152-8
mps-uncap,1.0,19.153118133544922,13.224601745605469,14.24109935760498
