mode,load,0_densenet161-32,1_densenet201-8,2_mobilenet_v2-32,3_mobilenet_v3_small-4
mps-uncap,1.0,72.23939895629883,69.74673271179199,22.664308547973633,20.3399658203125
