mode,load,0_densenet169-32,1_densenet169-4,2_mobilenet_v2-32,3_squeezenet1_1-2
mps-uncap,1.0,41.04495048522949,14.319419860839844,7.512331008911133,1.834869384765625
