mode,load,0_mobilenet_v3_small-8,1_vgg11-8
mps-uncap,1.0,3.6461353302001953,3.3016204833984375
