mode,load,0_densenet169-16,1_densenet201-2,2_inception_v3-32
mps-uncap,1.0,21.288275718688965,23.890972137451172,16.823768615722656
