mode,load,0_densenet161-2,1_densenet201-4,2_efficientnet_b7-2
mps-uncap,1.0,14.806032180786133,17.769813537597656,17.099618911743164
