mode,load,0_densenet161-2,1_densenet201-4,2_efficientnet_b7-2
mps-uncap,1.0,14.806032180786133,17.770051956176758,17.099857330322266
