mode,load,0_densenet169-32,1_mobilenet_v2-32,2_resnet101-8,3_resnet152-4
mps-uncap,1.0,575.5184174584266,2350.0719309753763,281.8139739360624,105.60362710987053
