mode,load,0_efficientnet_b5-8,1_resnet152-8,2_squeezenet1_1-8
mps-uncap,1.0,17.462491989135742,16.994237899780273,2.1898746490478516
