mode,load,0_efficientnet_b5-8,1_resnet152-8,2_squeezenet1_1-8
mps-uncap,1.0,18.78492832183838,18.836665153503418,4.065513610839844
