mode,load,0_efficientnet_b6-16,1_efficientnet_b7-8,2_resnet101-16
mps-uncap,1.0,43.17269325256348,49.390506744384766,28.677797317504883
