mode,load,0_densenet169-2,1_densenet169-32,2_efficientnet_b7-4,3_mobilenet_v2-32
mps-uncap,1.0,56.61268483367915,695.1925491115859,84.5978755433669,3076.180275076567
