mode,load,0_inception_v3-2,1_mobilenet_v2-32,2_resnet34-4,3_vgg19-32
mps-uncap,1.0,49.367666244506836,30.33161163330078,29.445648193359375,30.248403549194336
