mode,load,0_densenet201-2,1_resnet152-32
mps-uncap,1.0,24.765491485595703,27.3634672164917
