mode,load,0_vgg16-4,1_alexnet-16,2_resnet18-32
mps-uncap,1.0,7.595062255859375,3.642559051513672,10.617256164550781
mig,1.0,7.242918014526367,3.9474964141845703,15.389680862426758
