mode,load,0_densenet121-8,1_mobilenet_v3_small-16,2_squeezenet1_0-16
mps-uncap,1.0,16.64590835571289,4.874229431152344,3.929734230041504
