mode,load,0_densenet121-32,1_mobilenet_v2-32,2_mobilenet_v3_small-8,3_resnet50-2
mps-uncap,1.0,37.77133226394653,17.585926055908203,14.93945598602295,18.57184886932373
