mode,load,0_densenet121-32,1_mobilenet_v2-32,2_mobilenet_v3_small-8,3_resnet50-2
mps-uncap,1.0,42.97041893005371,23.344039916992188,15.85078239440918,23.110389709472656
