mode,load,0_densenet161-2,1_densenet201-4,2_vgg11-8
mps-uncap,1.0,29.185056686401367,38.74945640563965,5.346775054931641
