mode,load,0_llama-4,1_bert-8
mps-uncap,1.0,80.46722412109375,7.605314254760742
