mode,load,0_mobilenet_v2-32,1_resnet101-32,2_resnet18-16,3_squeezenet1_1-4
mps-uncap,1.0,16.259217262268066,38.52438926696777,12.5636100769043,9.681463241577148
