mode,load,0_resnet152-8,1_vgg19-16
mps-uncap,1.0,158.2771880929805,1266.0206994775554
