mode,load,0_densenet121-32,1_mobilenet_v2-32,2_mobilenet_v3_small-8,3_squeezenet1_0-8
mps-uncap,1.0,42.62268543243408,19.206314086914062,16.68527126312256,14.11539077758789
