mode,load,0_densenet169-8,1_efficientnet_b5-2,2_resnet50-2
mps-uncap,1.0,12.68148422241211,10.61999797821045,3.269314765930176
