mode,load,0_densenet161-8,1_densenet201-16,2_mobilenet_v2-32,3_vgg16-32
mps-uncap,1.0,134.32025909423828,179.4760227203369,31.881332397460938,23.82636070251465
