mode,load,0_efficientnet_b6-4,1_efficientnet_b7-8,2_vgg11-32
mps-uncap,1.0,83.58611106872559,103.12974929809569,13.087787628173828
