mode,load,0_densenet121-8,1_densenet161-4,2_vgg19-32
mps-uncap,1.0,66.65494441986085,83.63068103790283,24.38211441040039
