mode,load,0_densenet169-8,1_efficientnet_b5-16
mps-uncap,1.0,20.01941204071045,18.222808837890625
