mode,load,0_mobilenet_v2-32,1_mobilenet_v2-8,2_mobilenet_v3_large-2,3_resnet50-32
mps-uncap,1.0,18.62812042236328,16.136455535888672,16.834735870361328,25.172948837280273
