mode,load,0_densenet169-32,1_mobilenet_v2-32,2_resnet101-4,3_resnet50-16
mps-uncap,1.0,71.13194465637207,19.757437705993652,36.32497787475586,24.100351333618164
