mode,load,0_densenet169-32,1_mobilenet_v2-32,2_resnet101-4,3_resnet50-16
mps-uncap,1.0,68.11928749084473,15.131711959838867,31.906843185424805,19.130468368530273
