mode,load,0_densenet169-32,1_mobilenet_v2-32,2_resnet101-4,3_resnet50-16
mps-uncap,1.0,73.88043403625488,25.266647338867188,39.62135314941406,30.43341636657715
