mode,load,0_densenet169-32,1_mobilenet_v2-32,2_resnet101-4,3_resnet50-16
mps-uncap,1.0,467.59034539951983,2025.3917775859854,123.99829442909505,798.6621138477834
