mode,load,0_densenet169-16,1_resnet101-8,2_resnet34-32
mps-uncap,1.0,35.47539710998535,21.27156257629395,13.593969345092775
