mode,load,0_resnet50-2,1_squeezenet1_1-16
mps-uncap,1.0,4.4548773765563965,2.530813217163086
