mode,load,0_densenet121-16,1_efficientnet_b5-2,2_efficientnet_b7-2
mps-uncap,1.0,0.003337860107421875,0.000476837158203125,0.000476837158203125
