mode,load,0_resnet50-8,1_resnet50-8
mig,1.0,24.96509552001953,20.037174224853516
