mode,load,0_resnet50-8,1_resnet50-8
mig,1.0,5.946874618530273,7.195472717285156
mps-uncap,1.0,6.371259689331055,6.356954574584961
