mode,load,0_resnet50-8,1_resnet50-8
mig,1.0,25.866031646728516,20.199155807495117
