mode,load,0_densenet169-2,1_densenet201-16,2_vgg13-2
mps-uncap,1.0,23.530960083007812,33.560991287231445,5.178213119506836
