mode,load,0_densenet161-4,1_inception_v3-16,2_resnet50-32
mps-uncap,1.0,34.17205810546875,17.874717712402344,13.746023178100586
