mode,load,0_alexnet-16,1_resnet101-16
mps-uncap,1.0,1.981973648071289,16.77727699279785
