mode,load,0_resnet152-8,1_resnet34-4,2_vgg13-2
mps-uncap,1.0,23.622751235961914,6.673789024353027,3.5840368270874023
