mode,load,0_efficientnet_b5-8,1_efficientnet_b6-8,2_resnet101-16
mps-uncap,1.0,24.061203002929688,30.121684074401855,20.41018009185791
