mode,load,0_densenet169-2,1_densenet201-2,2_squeezenet1_0-2
mps-uncap,1.0,11.237068176269531,13.151164054870605,1.3780593872070312
