mode,load,0_densenet169-2,1_densenet201-2,2_squeezenet1_0-2
mps-uncap,1.0,10.63222885131836,12.302160263061523,1.2753009796142578
