mode,load,0_densenet169-2,1_densenet201-2,2_squeezenet1_0-2
mps-uncap,1.0,193.79874232133443,164.0252128882013,1698.5558310418385
