mode,load,0_resnet101-4,1_squeezenet1_1-8
mps-uncap,1.0,7.10268497467041,1.9571781158447266
