mode,load,0_densenet169-32,1_mobilenet_v2-32,2_mobilenet_v3_small-8,3_resnet34-4
mps-uncap,1.0,50.24223327636719,17.601919174194336,14.35317516326904,17.655670642852783
