mode,load,0_mobilenet_v2-4,1_resnet18-4,2_vgg11-32
mps-uncap,1.0,11.509943008422852,11.144638061523438,11.521124839782715
