mode,load,0_mobilenet_v3_large-16,1_resnet50-8,2_vgg19-4
mps-uncap,1.0,5.192995071411133,8.7738037109375,5.179643630981445
