mode,load,0_mobilenet_v2-32,1_resnet152-16,2_resnet50-32,3_resnet50-4
mps-uncap,1.0,23.55176448822021,69.44539070129393,31.170964241027832,25.88363647460938
