mode,load,0_mobilenet_v2-32,1_resnet34-32,2_squeezenet1_1-2,3_vgg11-4
mps-uncap,1.0,14.132976531982422,18.65103006362915,9.741067886352539,8.809871673583986
