mode,load,0_densenet169-2,1_squeezenet1_1-16
mps-uncap,1.0,10.894060134887695,2.2962093353271484
