mode,load,0_inception_v3-2,1_mobilenet_v2-32,2_squeezenet1_0-32,3_vgg11-32
mps-uncap,1.0,71.51971817016602,38.18341732025146,29.10802125930787,22.091567516326904
