mode,load,0_densenet121-32,1_efficientnet_b6-8,2_mobilenet_v2-32,3_mobilenet_v3_large-2
mps-uncap,1.0,42.070231437683105,48.941009044647174,19.791336059570316,17.128314971923842
