mode,load,0_densenet169-2,1_densenet201-2
mps-uncap,1.0,10.175466537475586,12.062644958496094
