mode,load,0_densenet169-2,1_densenet201-2
mps-uncap,1.0,10.341639518737791,12.153902053833008
