mode,load,0_densenet169-2,1_densenet201-2
mps-uncap,1.0,10.099411010742188,11.994123458862305
