mode,load,0_resnet18-4,1_vgg19-16
mps-uncap,1.0,12.379646301269531,14.565467834472656
