mode,load,0_efficientnet_b6-4,1_mobilenet_v2-32,2_mobilenet_v2-4,3_vgg16-32
mps-uncap,1.0,115.22376537322998,27.25958824157715,23.24044704437256,23.00107479095459
