mode,load,0_efficientnet_b6-4,1_mobilenet_v2-32,2_mobilenet_v2-4,3_vgg16-32
mps-uncap,1.0,34.59223181024967,1140.2553803825956,175.49106644459448,1403.9061911726728
