mode,load,0_densenet121-2,1_mobilenet_v2-32,2_resnet50-32,3_squeezenet1_0-16
mps-uncap,1.0,46.15793466567993,18.10817956924438,25.10692596435547,14.001262187957762
