mode,load,0_densenet121-8,1_efficientnet_b5-32,2_resnet34-2
mps-uncap,1.0,17.175674438476562,31.843900680541992,4.454374313354492
