mode,load,0_resnet152-32,1_resnet152-32
mig,1.0,43.8079833984375,52.40488052368164
