mode,load,0_resnet152-32,1_resnet152-32
mig,1.0,170.42064666748047,149.15204048156738
