mode,load,0_resnet152-32,1_resnet152-32
mig,1.0,44.454336166381836,53.02834510803223
mps-uncap,1.0,49.153804779052734,48.941612243652344
