mode,load,0_efficientnet_b6-16,1_resnet101-2,2_squeezenet1_0-16
mps-uncap,1.0,35.93730926513672,16.470670700073242,5.460023880004883
