mode,load,0_efficientnet_b6-16,1_resnet101-2,2_squeezenet1_0-16
mps-uncap,1.0,36.58857345581055,19.46721076965332,7.709741592407227
