mode,load,0_efficientnet_b7-4,1_squeezenet1_1-4
mps-uncap,1.0,15.500626564025879,1.8535304069519036
