mode,load,0_efficientnet_b7-4,1_squeezenet1_1-4
mps-uncap,1.0,15.102362632751465,1.66456699371338
