mode,load,0_alexnet-8,1_efficientnet_b5-4,2_vgg16-2
mps-uncap,1.0,1.8689632415771484,19.42598819732666,3.6668777465820312
