mode,load,0_densenet121-32,1_inception_v3-32,2_mobilenet_v2-32,3_resnet152-8
mps-uncap,1.0,30.575990676879883,28.735876083374023,9.404897689819336,36.33379936218262
