mode,load,0_densenet121-32,1_inception_v3-32,2_mobilenet_v2-32,3_resnet152-8
mps-uncap,1.0,42.586684226989746,34.96992588043213,13.112545013427734,46.55873775482178
