mode,load,0_densenet201-2,1_efficientnet_b6-4,2_mobilenet_v2-32,3_resnet101-32
mps-uncap,1.0,56.68306350708008,50.00436305999756,14.480137825012207,34.18848514556885
