mode,load,0_densenet201-2,1_efficientnet_b6-4,2_mobilenet_v2-32,3_resnet101-32
mps-uncap,1.0,54.08287048339844,47.18947410583496,11.771082878112793,33.3857536315918
