mode,load,0_alexnet-32,1_alexnet-32,2_squeezenet1_0-16
mps-uncap,1.0,2.9535293579101562,3.065347671508789,6.35075569152832
