mode,load,0_alexnet-32,1_alexnet-32,2_squeezenet1_0-16
mps-uncap,1.0,8143.995435600666,8143.560527648857,2043.5712491926827
