mode,load,0_densenet201-16,1_mobilenet_v2-32,2_squeezenet1_1-8,3_vgg19-32
mps-uncap,1.0,182.25966215133667,39.500751495361335,26.411466598510742,29.72332000732422
