mode,load,0_densenet201-16,1_mobilenet_v2-32,2_squeezenet1_1-8,3_vgg19-32
mps-uncap,1.0,94.38872337341309,22.784709930419922,3.787517547607422,24.157285690307617
