mode,load,0_resnet18-4,1_resnet18-8,2_resnet34-2
mps-uncap,1.0,1.62506103515625,2.1545886993408203,3.0434131622314453
