mode,load,0_vgg13-2,1_vgg13-32
mps-uncap,1.0,16.817827224731445,17.136106491088867
