mode,load,0_mobilenet_v2-32,1_mobilenet_v2-4,2_squeezenet1_1-2,3_vgg11-32
mps-uncap,1.0,0.0002384185791015625,0.0,0.0002384185791015625,0.0
