mode,load,0_densenet161-4,1_densenet201-32,2_mobilenet_v2-32,3_resnet34-4
mps-uncap,1.0,45.055246353149414,60.43648719787598,13.723564147949219,14.010810852050783
