mode,load,0_densenet161-4,1_densenet201-32,2_mobilenet_v2-32,3_resnet34-4
mps-uncap,1.0,35.207271575927734,56.96535110473633,8.621931076049805,6.739139556884766
