mode,load,0_mobilenet_v2-32,1_mobilenet_v3_small-8
mps-uncap,1.0,5417.057214189102,2030.7232821436555
