mode,load,0_efficientnet_b7-4,1_mobilenet_v2-32,2_resnet101-16,3_resnet152-32
mps-uncap,1.0,81.15649223327637,20.810842514038086,42.449951171875,62.258005142211914
