mode,load,0_efficientnet_b7-4,1_mobilenet_v2-32,2_resnet101-16,3_resnet152-32
mps-uncap,1.0,75.33764839172363,14.84990119934082,38.25950622558594,59.22293663024902
