mode,load,0_resnet34-8,1_vgg19-8
mps-uncap,1.0,12.433252334594727,7.384061813354492
