mode,load,0_resnet34-8,1_vgg19-8
mps-uncap,1.0,734.057702459277,1126.6910959702213
