mode,load,0_inception_v3-16,1_inception_v3-32,2_mobilenet_v2-32,3_resnet152-2
mps-uncap,1.0,25.867080688476562,27.41070747375488,12.697114944458008,32.162816524505615
