mode,load,0_densenet201-4,1_inception_v3-2,2_resnet18-16
mps-uncap,1.0,17.89858341217041,7.528829574584961,3.3202171325683594
