mode,load,0_densenet121-32,1_densenet169-16,2_efficientnet_b5-8,3_mobilenet_v2-32
mps-uncap,1.0,50.611019134521484,67.24691390991211,54.32868003845215,25.50363540649414
