mode,load,0_resnet18-8,1_vgg13-4
mps-uncap,1.0,5.573511123657227,4.617214202880859
