mode,load,0_resnet18-8,1_vgg13-4
mps-uncap,1.0,4.210948944091797,3.509998321533203
