mode,load,0_resnet101-16,1_vgg19-32
mps-uncap,1.0,73.86636734008789,27.213335037231445
