mode,load,0_densenet161-32,1_densenet161-32
mig,1.0,58.03675651550293,49.68552589416504
