mode,load,0_densenet169-8,1_resnet152-2
mps-uncap,1.0,9.871244430541992,7.364511489868164
