mode,load,0_densenet121-8,1_vgg11-4
mps-uncap,1.0,12.826323509216309,2.363443374633789
