mode,load,0_densenet201-2,1_efficientnet_b7-2,2_mobilenet_v2-32,3_vgg19-32
mps-uncap,1.0,130.77459335327148,132.6678442955017,30.16423225402834,27.35431671142578
