mode,load,0_alexnet-4,1_mobilenet_v2-32,2_mobilenet_v2-32,3_resnet34-8
mps-uncap,1.0,6.904363632202148,12.410259246826172,12.394189834594727,13.114261627197266
