mode,load,0_densenet201-32,1_efficientnet_b6-2,2_mobilenet_v2-16,3_mobilenet_v2-32
mps-uncap,1.0,79.25534248352051,59.26847457885742,23.532390594482422,27.492046356201172
