mode,load,0_densenet161-4,1_mobilenet_v2-32,2_resnet18-16,3_resnet50-32
mps-uncap,1.0,65.28259070671172,2115.6195906176195,1589.4113826753085,1413.72332222757
