mode,load,0_densenet201-32,1_mobilenet_v2-32,2_resnet101-32,3_resnet152-4
mps-uncap,1.0,102.44393348693848,30.628681182861328,55.21273612976074,64.20636177062988
