mode,load,0_densenet201-32,1_mobilenet_v2-32,2_resnet101-32,3_resnet152-4
mps-uncap,1.0,96.18830680847168,17.293572425842285,47.71828651428223,55.264949798583984
