mode,load,0_alexnet-8,1_mobilenet_v2-32,2_resnet101-2,3_resnet50-32
mps-uncap,1.0,8.574724197387695,17.343997955322266,37.89925575256348,24.40047264099121
