mode,load,0_efficientnet_b7-32,1_mobilenet_v3_large-4
mps-uncap,1.0,51.31211280822754,13.914918899536133
