mode,load,0_densenet161-32,1_efficientnet_b5-2,2_mobilenet_v2-2,3_mobilenet_v2-32
mps-uncap,1.0,41.843414306640625,19.18935775756836,3.4716129302978516,8.305072784423828
