mode,load,0_densenet161-32,1_efficientnet_b5-2,2_mobilenet_v2-2,3_mobilenet_v2-32
mps-uncap,1.0,55.02951145172119,35.95447540283203,7.395744323730469,10.782241821289062
