mode,load,0_densenet161-32,1_efficientnet_b5-2,2_mobilenet_v2-2,3_mobilenet_v2-32
mps-uncap,1.0,583.637701694166,57.273830758614295,259.76247404232254,2865.0884706810666
