mode,load,0_resnet152-4,1_squeezenet1_1-2,2_vgg16-2
mps-uncap,1.0,14.047384262084961,2.0749568939208984,2.860546112060547
