mode,load,0_resnet152-4,1_squeezenet1_1-2,2_vgg16-2
mps-uncap,1.0,14.047622680664062,2.0751953125,2.8607845306396484
