mode,load,0_squeezenet1_0-2,1_vgg11-8
mps-uncap,1.0,3.554821014404297,3.6864280700683594
