mode,load,0_densenet121-2,1_inception_v3-32,2_mobilenet_v2-32,3_squeezenet1_0-4
mps-uncap,1.0,17.909526824951172,20.771026611328125,7.387876510620117,2.2890567779541016
