mode,load,0_mobilenet_v2-32,1_resnet152-4,2_resnet50-16,3_resnet50-32
mps-uncap,1.0,18.639779090881348,58.14766883850098,24.172067642211914,25.880813598632812
