mode,load,0_mobilenet_v2-32,1_resnet152-4,2_resnet50-16,3_resnet50-32
mps-uncap,1.0,17.260193824768066,55.6035041809082,22.43983745574951,24.251461029052734
