mode,load,0_mobilenet_v2-32,1_resnet152-4,2_resnet50-16,3_resnet50-32
mps-uncap,1.0,1892.623412277252,71.8139956417793,709.5362443970276,1301.6222989234666
