mode,load,0_densenet121-32,1_densenet161-2,2_mobilenet_v2-32,3_resnet152-2
mps-uncap,1.0,37.50886917114258,37.839508056640625,17.253923416137695,34.33952331542969
