mode,load,0_llama-16,1_resnet34-8,2_efficientnet_b6-16
mps-uncap,1.0,27.070769608308925,815.3444514160561,514.7278973370092
