mode,load,0_resnet34-4,1_squeezenet1_0-32,2_vgg16-4
mps-uncap,1.0,14.90151882171631,9.65890884399414,9.140875339508057
