mode,load,0_vgg13-16,1_vgg13-4
mps-uncap,1.0,12.708663940429688,12.70151138305664
