mode,load,0_inception_v3-4,1_resnet34-2,2_squeezenet1_0-8
mps-uncap,1.0,8.60893726348877,3.480195999145508,2.3288726806640625
