mode,load,0_densenet161-32,1_mobilenet_v2-32,2_resnet34-32,3_resnet34-4
mps-uncap,1.0,68.6638355255127,10.755538940429688,13.49639892578125,8.608818054199219
