mode,load,0_densenet201-16,1_densenet201-4,2_mobilenet_v2-32,3_resnet152-32
mps-uncap,1.0,75.15976190567017,70.11151313781738,18.225991725921627,54.43636178970337
