mode,load,0_mobilenet_v3_large-16,1_resnet101-8
mps-uncap,1.0,4.605770111083984,10.197162628173828
