mode,load,0_densenet121-32,1_mobilenet_v2-32,2_resnet18-4,3_vgg13-2
mps-uncap,1.0,44.27337646484375,17.46988296508789,13.765335083007812,11.694669723510742
