mode,load,0_densenet121-32,1_mobilenet_v2-32,2_resnet18-4,3_vgg13-2
mps-uncap,1.0,43.313636779785156,16.918890476226807,12.81496047973633,10.342125892639164
