mode,load,0_densenet121-32,1_densenet161-8,2_resnet18-2
mps-uncap,1.0,23.446321487426758,30.21841049194336,6.000757217407229
