mode,load,0_densenet161-32,1_resnet34-2,2_vgg16-8
mps-uncap,1.0,80.38854598999023,24.994850158691406,17.307043075561523
mig,1.0,72.66926765441895,11.579513549804688,21.648168563842773
