mode,load,0_vgg19-4,1_vgg19-8
mps-uncap,1.0,7.813215255737305,7.967233657836914
