mode,load,0_vgg19-4,1_vgg19-8
mps-uncap,1.0,11.790037155151367,11.883020401000977
