mode,load,0_vgg19-4,1_vgg19-8
mps-uncap,1.0,9.419441223144531,9.145498275756836
