mode,load,0_squeezenet1_0-8,1_vgg16-8
mps-uncap,1.0,1458.7618139295073,1203.1766942503225
