mode,load,0_densenet161-8,1_mobilenet_v2-32,2_mobilenet_v2-4,3_resnet50-32
mps-uncap,1.0,0.000476837158203125,0.0011920928955078125,0.000476837158203125,0.000476837158203125
