mode,load,0_densenet161-8,1_mobilenet_v2-32,2_mobilenet_v2-4,3_resnet50-32
mps-uncap,1.0,145.0489019788363,2246.310424721882,374.64897805428285,1498.7530685291474
