mode,load,0_efficientnet_b7-16,1_vgg16-16
mps-uncap,1.0,95.02053260803223,12.065649032592773
