mode,load,0_densenet169-4,1_mobilenet_v3_small-2
mps-uncap,1.0,10.328102111816406,2.3937225341796875
