mode,load,0_densenet201-4,1_efficientnet_b7-32,2_resnet34-32
mps-uncap,1.0,0.0002384185791015625,0.0002384185791015625,0.0002384185791015625
