mode,load,0_densenet201-2,1_efficientnet_b5-32
mps-uncap,1.0,30.28404712677002,28.924942016601562
