mode,load,0_densenet161-16,1_inception_v3-32,2_mobilenet_v2-16,3_mobilenet_v2-32
mps-uncap,1.0,61.08393669128418,36.805105209350586,14.02580738067627,15.634346008300781
