mode,load,0_densenet161-16,1_inception_v3-32,2_mobilenet_v2-16,3_mobilenet_v2-32
mps-uncap,1.0,61.08393669128418,36.805152893066406,14.02580738067627,15.634584426879883
