mode,load,0_resnet101-2,1_resnet101-32,2_vgg19-8
mps-uncap,1.0,33.51283073425293,43.123483657836914,9.55653190612793
