mode,load,0_densenet169-32,1_resnet50-4
mps-uncap,1.0,26.149988174438477,5.445003509521484
