mode,load,0_squeezenet1_1-16,1_resnet101-2,2_vgg13-16
mps-uncap,1.0,0.0002384185791015625,0.0002384185791015625,0.0002384185791015625
mig,1.0,0.0002384185791015625,0.0002384185791015625,0.0002384185791015625
