mode,load,0_alexnet-16,1_vgg16-2,2_vgg16-8
mps-uncap,1.0,6.243705749511719,9.637832641601562,10.173559188842773
