mode,load,0_densenet121-32,1_densenet201-2,2_mobilenet_v2-32,3_mobilenet_v3_small-32
mps-uncap,1.0,0.000476837158203125,0.000476837158203125,0.000476837158203125,0.000476837158203125
