mode,load,0_densenet121-32,1_densenet201-2,2_mobilenet_v2-32,3_mobilenet_v3_small-32
mps-uncap,1.0,20.017147064208984,37.93931007385254,8.018970489501953,5.580663681030273
