mode,load,0_mobilenet_v3_large-8,1_resnet18-16,2_vgg19-32
mps-uncap,1.0,9.73200798034668,6.058454513549805,22.95994758605957
