mode,load,0_alexnet-2,1_mobilenet_v3_small-32
mps-uncap,1.0,1.3267993927001953,3.6227226257324223
