mode,load,0_alexnet-2,1_mobilenet_v3_small-32
mps-uncap,1.0,1.5843057632446285,3.7971210479736324
