mode,load,0_alexnet-2,1_mobilenet_v3_small-32
mps-uncap,1.0,2289.5006906003973,9182.995902875102
