mode,load,0_inception_v3-32,1_inception_v3-8,2_mobilenet_v2-32,3_mobilenet_v3_small-2
mps-uncap,1.0,14.248371124267578,12.09115982055664,8.212804794311523,4.068136215209961
