mode,load,0_densenet201-4,1_resnet50-16
mps-uncap,1.0,23.261070251464844,9.542703628540039
