mode,load,0_squeezenet1_0-2,1_vgg13-16,2_vgg16-4
mps-uncap,1.0,10.553359985351562,10.75124740600586,10.781526565551758
