mode,load,0_squeezenet1_0-2,1_vgg13-16,2_vgg16-4
mps-uncap,1.0,15.133142471313477,12.368917465209961,14.17231559753418
