mode,load,0_densenet201-32,1_vgg19-16,2_vgg19-8
mps-uncap,1.0,126.3883113861084,16.375303268432617,14.079093933105469
