mode,load,0_densenet201-32,1_vgg19-16,2_vgg19-8
mps-uncap,1.0,199.57498225325784,821.6081900178799,437.74489555108187
