mode,load,0_efficientnet_b7-8,1_inception_v3-16,2_mobilenet_v2-32,3_resnet152-32
mps-uncap,1.0,50.365447998046875,18.416404724121094,11.44266128540039,52.071332931518555
