mode,load,0_mobilenet_v3_large-8,1_squeezenet1_1-8,2_squeezenet1_1-8
mps-uncap,1.0,4.286527633666992,2.466917037963867,2.317190170288086
