mode,load,0_densenet121-8,1_squeezenet1_0-2
mps-uncap,1.0,1075.295710864537,1564.7331263486335
