mode,load,0_densenet201-16,1_mobilenet_v2-32,2_resnet152-2,3_resnet50-32
mps-uncap,1.0,75.64806938171387,14.698982238769531,44.531941413879395,21.735191345214844
