mode,load,0_densenet121-2,1_vgg16-8
mps-uncap,1.0,8.778572082519531,5.298376083374023
