mode,load,0_densenet121-16,1_efficientnet_b5-16,2_inception_v3-8
mps-uncap,1.0,21.544384956359863,27.012228965759277,18.35155487060547
