mode,load,0_densenet201-32,1_resnet101-16
mps-uncap,1.0,42.04916954040527,19.77682113647461
