mode,load,0_resnet50-4,1_squeezenet1_0-32,2_vgg19-32
mps-uncap,1.0,45.96281051635742,26.36394500732422,29.02398109436035
