mode,load,0_vgg16-4,1_densenet169-4,2_resnet34-32
mps-uncap,1.0,4.640817642211914,29.39152717590332,10.829687118530273
mig,1.0,6.905794143676758,16.719818115234375,22.745609283447266
