mode,load,0_vgg16-4,1_densenet169-4,2_resnet34-32
mps-uncap,1.0,4.640817642211914,29.391765594482422,10.829925537109375
mig,1.0,6.906032562255859,16.720056533813477,22.745847702026367
