mode,load,0_resnet18-16,1_resnet18-16
mig,1.0,3.595590591430664,4.497289657592773
