mode,load,0_resnet18-16,1_resnet18-16
mig,1.0,12.523651123046875,11.024904251098633
