mode,load,0_mobilenet_v3_large-2,1_vgg13-32,2_vgg13-4
mps-uncap,1.0,0.000476837158203125,0.000476837158203125,0.000476837158203125
