mode,load,0_alexnet-32,1_mobilenet_v3_large-2
mps-uncap,1.0,2.3348331451416016,3.856372833251953
