mode,load,0_densenet161-32,1_densenet169-16,2_mobilenet_v2-32,3_mobilenet_v3_small-2
mps-uncap,1.0,486.60147071001643,286.2929915047315,2197.416736868155,197.80751965675563
