mode,load,0_densenet121-32,1_densenet169-2,2_resnet152-8
mps-uncap,1.0,21.69649600982666,22.97844886779785,23.938655853271484
