mode,load,0_bert-2,1_bert-2,2_bert-2,3_bert-2
mig,1.0,6.418704986572266,6.895303726196289,6.4334869384765625,11.545896530151367
