mode,load,0_bert-2,1_bert-2,2_bert-2,3_bert-2
mig,1.0,7.240352630615235,8.01525831222534,7.259957790374754,13.12925815582275
