mode,load,0_densenet161-2,1_densenet161-32,2_mobilenet_v2-32,3_resnet50-2
mps-uncap,1.0,43.58994960784912,56.99002742767334,11.254549026489258,11.89112663269043
