mode,load,0_densenet169-4,1_resnet152-4,2_vgg16-2
mps-uncap,1.0,18.056750297546387,14.544248580932617,2.9354095458984375
