mode,load,0_mobilenet_v2-32,1_mobilenet_v3_large-16,2_resnet18-32,3_squeezenet1_0-8
mps-uncap,1.0,11.29603385925293,8.85629653930664,7.038354873657227,3.5245418548583984
