mode,load,0_alexnet-16,1_densenet201-16,2_mobilenet_v2-32,3_resnet18-32
mps-uncap,1.0,3.7941932678222656,75.2875804901123,14.328241348266602,10.869145393371582
