mode,load,0_alexnet-16,1_densenet201-16,2_mobilenet_v2-32,3_resnet18-32
mps-uncap,1.0,6.899266242980956,79.47077751159668,17.793331146240224,13.637950420379637
