mode,load,0_resnet34-4,1_resnet50-32
mps-uncap,1.0,10.04338264465332,15.307903289794922
