mode,load,0_mobilenet_v3_small-4,1_vgg11-32
mps-uncap,1.0,10.39731502532959,10.833120346069336
