mode,load,0_mobilenet_v3_small-4,1_vgg11-32
mps-uncap,1.0,492.0224463016171,3008.08997414988
