mode,load,0_resnet152-2,1_resnet18-16
mps-uncap,1.0,12.225866317749023,4.00090217590332
