mode,load,0_inception_v3-2,1_mobilenet_v2-32,2_resnet34-32,3_vgg11-4
mps-uncap,1.0,25.673389434814453,13.170003890991211,16.42155647277832,5.289793014526367
