mode,load,0_densenet121-2,1_mobilenet_v3_large-16
mps-uncap,1.0,9.151935577392578,4.213571548461914
