mode,load,0_densenet121-2,1_mobilenet_v3_large-16
mps-uncap,1.0,7.783536911010741,3.207709789276123
