mode,load,0_mobilenet_v3_large-4,1_resnet101-32
mps-uncap,1.0,8.92491340637207,20.10345458984375
