mode,load,0_densenet169-32,1_efficientnet_b7-4,2_inception_v3-32,3_mobilenet_v2-32
mps-uncap,1.0,37.68491744995117,47.91617393493652,25.559425354003906,9.666919708251953
