mode,load,0_densenet169-32,1_efficientnet_b7-4,2_inception_v3-32,3_mobilenet_v2-32
mps-uncap,1.0,64.95054483413696,69.06121969223022,42.655348777770996,22.67474174499512
