mode,load,0_densenet161-4,1_densenet169-16,2_densenet201-32,3_mobilenet_v2-32
mps-uncap,1.0,37.07480430603027,39.115190505981445,65.64688682556152,10.20503044128418
