mode,load,0_densenet161-4,1_densenet169-16,2_densenet201-32,3_mobilenet_v2-32
mps-uncap,1.0,50.78387260437012,53.673505783081055,70.59001922607422,13.239026069641113
