mode,load,0_efficientnet_b7-16,1_mobilenet_v2-4,2_resnet50-8
mps-uncap,1.0,413.4843171790836,651.8826908915861,722.8000376361279
