mode,load,0_inception_v3-2,1_mobilenet_v2-32,2_resnet50-32,3_vgg13-8
mps-uncap,1.0,50.744593143463135,23.787171840667725,33.9306116104126,13.226377964019775
