mode,load,0_efficientnet_b7-4,1_vgg13-4
mps-uncap,1.0,31.215667724609375,4.505157470703125
