mode,load,0_densenet161-32,1_densenet201-8,2_mobilenet_v2-32,3_resnet50-32
mps-uncap,1.0,79.13565635681152,80.4746150970459,12.07733154296875,19.34528350830078
