mode,load,0_efficientnet_b6-32,1_mobilenet_v2-32,2_resnet50-32,3_squeezenet1_0-4
mps-uncap,1.0,92.59414672851562,19.142627716064453,27.885913848876953,11.069655418395996
