mode,load,0_densenet161-32,1_inception_v3-4,2_mobilenet_v2-32,3_vgg11-32
mps-uncap,1.0,150.5298614501953,65.53518772125244,31.981945037841797,16.42894744873047
