mode,load,0_alexnet-16,1_densenet169-2
mps-uncap,1.0,10385.257588754062,185.8735758162775
