mode,load,0_resnet18-8,1_resnet18-8,2_resnet18-8,3_resnet18-8
mig,1.0,3.9479732513427734,3.9572715759277344,3.955841064453125,7.722806930541992
