mode,load,0_resnet18-8,1_resnet18-8,2_resnet18-8,3_resnet18-8
mig,1.0,3.8175582885742188,3.8793087005615234,3.8776397705078125,7.55763053894043
