mode,load,0_resnet18-8,1_resnet18-8,2_resnet18-8,3_resnet18-8
mig,1.0,4.415750503540039,4.467487335205078,4.479169845581055,7.845163345336914
