mode,load,0_resnet18-8,1_resnet18-8,2_resnet18-8,3_resnet18-8
mig,1.0,1692.42414479054,2541.071119693274,2578.434409149477,1670.7827763206067
