mode,load,0_resnet101-32,1_resnet18-32
mps-uncap,1.0,31.943798065185547,13.195514678955078
