mode,load,0_densenet169-4,1_densenet201-16,2_densenet201-32,3_mobilenet_v2-32
mps-uncap,1.0,47.86386489868164,60.84930896759033,64.91045951843262,14.49553966522217
