mode,load,0_efficientnet_b6-2,1_squeezenet1_0-16
mps-uncap,1.0,16.85500144958496,3.5240650177001953
