mode,load,0_efficientnet_b6-2,1_squeezenet1_0-16
mps-uncap,1.0,16.637015342712402,3.453969955444336
