mode,load,0_inception_v3-2,1_mobilenet_v2-32,2_resnet152-4,3_vgg19-32
mps-uncap,1.0,58.67769718170166,31.101417541503906,87.59841918945311,31.055784225463867
