mode,load,0_inception_v3-2,1_mobilenet_v2-32,2_resnet152-4,3_vgg19-32
mps-uncap,1.0,49.71957206726074,30.556917190551758,73.0295181274414,30.481338500976562
