mode,load,0_resnet152-2,1_resnet152-4,2_vgg16-8
mps-uncap,1.0,30.269861221313477,35.507917404174805,7.968902587890625
