mode,load,0_alexnet-32,1_vgg13-4,2_vgg19-4
mps-uncap,1.0,5.396103858947754,6.664800643920899,10.103988647460938
