mode,load,0_alexnet-32,1_densenet121-4,2_vgg13-4
mps-uncap,1.0,4.377760887145996,24.2264986038208,5.143356323242186
