mode,load,0_resnet101-16,1_squeezenet1_1-4
mps-uncap,1.0,1348.1167566241138,1943.7557915113048
