mode,load,0_mobilenet_v2-32,1_resnet18-4,2_resnet50-2,3_vgg13-32
mps-uncap,1.0,11.389732360839844,2.185344696044922,8.100032806396484,18.68128776550293
