mode,load,0_alexnet-8,1_mobilenet_v2-32,2_mobilenet_v3_small-4,3_vgg11-32
mps-uncap,1.0,7.103443145751953,26.358604431152344,19.652605056762695,13.501167297363281
