mode,load,0_densenet161-4,1_mobilenet_v2-32,2_resnet50-4,3_vgg16-32
mps-uncap,1.0,32.84960588292878,1069.005741169826,109.80823096386516,1232.36769570088
