mode,load,0_densenet169-8,1_mobilenet_v2-2,2_squeezenet1_0-8
mps-uncap,1.0,530.6726677273601,695.4522150078734,3124.438328902906
