mode,load,0_densenet121-8,1_densenet161-32,2_efficientnet_b5-2,3_mobilenet_v2-32
mps-uncap,1.0,36.539316177368164,59.40706729888916,41.87023639678955,15.475702285766605
