mode,load,0_efficientnet_b7-8,1_mobilenet_v2-32,2_mobilenet_v2-32,3_vgg19-8
mps-uncap,1.0,106.46781921386719,22.808587551116943,22.88220405578613,15.964145660400389
