mode,load,0_mobilenet_v2-2,1_vgg11-16
mps-uncap,1.0,6.185696125030518,6.166653633117676
