mode,load,0_alexnet-8,1_resnet34-2,2_resnet34-8
mps-uncap,1.0,2.724170684814453,5.872249603271484,7.023811340332031
