mode,load,0_resnet34-2,1_resnet34-4,2_resnet50-16
mps-uncap,1.0,5.9476613998413095,5.947685241699219,9.001731872558594
