mode,load,0_resnet34-2,1_resnet34-4,2_resnet50-16
mps-uncap,1.0,7.146358489990234,7.496118545532227,10.107994079589844
