mode,load,0_densenet161-8,1_mobilenet_v2-32,2_mobilenet_v2-32,3_resnet18-4
mps-uncap,1.0,180.95046742589514,2565.777490926945,2565.7880950442714,640.6870083377129
