mode,load,0_densenet201-32,1_resnet18-2
mps-uncap,1.0,27.540206909179688,1.0912418365478516
