mode,load,0_densenet201-32,1_resnet18-2
mps-uncap,1.0,31.00907802581787,6.682157516479492
