mode,load,0_densenet201-32,1_resnet18-2
mps-uncap,1.0,1046.3936665692643,833.637365036043
