mode,load,0_efficientnet_b5-4,1_mobilenet_v2-32,2_squeezenet1_1-8,3_vgg13-32
mps-uncap,1.0,114.25518989562988,36.3154411315918,25.95996856689453,20.95508575439453
