mode,load,0_densenet121-4,1_squeezenet1_1-8,2_vgg11-32
mps-uncap,1.0,38.44618797302246,11.175394058227539,12.00723648071289
