mode,load,0_densenet169-32,1_efficientnet_b6-4,2_mobilenet_v2-32,3_squeezenet1_0-4
mps-uncap,1.0,50.60213088989258,43.87341260910034,15.176272392272947,10.915470123291014
