mode,load,0_densenet169-32,1_mobilenet_v2-32,2_resnet18-2,3_resnet18-2
mps-uncap,1.0,0.0007152557373046875,0.0007152557373046875,0.000476837158203125,0.0007152557373046875
