mode,load,0_mobilenet_v2-2,1_mobilenet_v2-32,2_resnet101-32,3_resnet50-16
mps-uncap,1.0,16.37227535247803,18.463075160980225,42.43866205215454,24.231624603271484
