mode,load,0_densenet121-8,1_densenet201-32,2_densenet201-4
mps-uncap,1.0,0.000476837158203125,0.000476837158203125,0.000476837158203125
