mode,load,0_squeezenet1_0-16,1_squeezenet1_1-4
mps-uncap,1.0,3.31878662109375,2.3720264434814453
