mode,load,0_densenet201-4,1_squeezenet1_1-2
mps-uncap,1.0,13.463497161865234,2.15911865234375
