mode,load,0_mobilenet_v2-32,1_resnet152-8,2_resnet34-32,3_squeezenet1_0-2
mps-uncap,1.0,13.466477394104004,39.79361057281494,15.6097412109375,6.117820739746094
