mode,load,0_densenet161-32,1_mobilenet_v2-32,2_resnet101-2,3_resnet101-4
mps-uncap,1.0,60.622453689575195,18.738508224487305,32.20391273498535,33.73551368713379
