mode,load,0_densenet161-32,1_mobilenet_v2-32,2_resnet101-2,3_resnet101-4
mps-uncap,1.0,59.60392951965332,15.783214569091799,29.366135597229004,30.093765258789066
