mode,load,0_densenet161-4,1_squeezenet1_1-16,2_vgg16-2
mps-uncap,1.0,173.85698108057568,3861.8811720140616,559.1457162595892
