mode,load,0_resnet34-8,1_resnet50-2
mps-uncap,1.0,4.528522491455078,4.692792892456055
