mode,load,0_resnet34-8,1_resnet50-2
mps-uncap,1.0,3.3059120178222656,3.300189971923828
