mode,load,0_densenet161-32,1_efficientnet_b5-16,2_mobilenet_v2-32,3_resnet34-4
mps-uncap,1.0,73.55934381484985,57.676935195922844,21.79236650466919,23.15319299697876
