mode,load,0_densenet161-32,1_efficientnet_b5-16,2_mobilenet_v2-32,3_resnet34-4
mps-uncap,1.0,74.20945167541504,59.05342102050781,22.744417190551758,25.26116371154785
