mode,load,0_densenet161-16,1_mobilenet_v2-32,2_mobilenet_v2-8,3_resnet101-32
mps-uncap,1.0,80.70087432861328,30.27796745300293,22.451400756835938,54.55136299133301
