mode,load,0_densenet161-16,1_mobilenet_v2-32,2_mobilenet_v2-8,3_resnet101-32
mps-uncap,1.0,77.64317989349365,20.89395523071289,16.948938369750977,48.29232692718506
