mode,load,0_densenet161-16,1_mobilenet_v2-32,2_mobilenet_v2-8,3_resnet101-32
mps-uncap,1.0,216.69852231517908,1843.7782172350587,600.0526933115685,705.4271289856136
