mode,load,0_densenet121-32,1_mobilenet_v2-32,2_squeezenet1_0-4,3_vgg19-8
mps-uncap,1.0,59.886932373046875,17.605066299438477,9.949445724487305,11.873960494995117
