mode,load,0_inception_v3-32,1_mobilenet_v2-32,2_mobilenet_v2-8,3_vgg11-4
mps-uncap,1.0,970.7560380337878,2528.553614818836,814.8198087086904,748.4138998571877
