mode,load,0_mobilenet_v2-16,1_vgg16-2
mps-uncap,1.0,5.405664443969727,3.511190414428711
