mode,load,0_mobilenet_v3_large-16,1_mobilenet_v3_small-2,2_resnet101-16
mps-uncap,1.0,0.000476837158203125,0.000476837158203125,0.000476837158203125
