mode,load,0_mobilenet_v3_large-16,1_mobilenet_v3_small-2,2_resnet101-16
mps-uncap,1.0,6.551680564880371,5.721936225891113,15.422108173370361
