mode,load,0_alexnet-4,1_mobilenet_v2-2,2_mobilenet_v2-32,3_vgg11-32
mps-uncap,1.0,12.06068992614746,23.92134428024292,25.929689407348633,14.900836944580078
