mode,load,0_alexnet-4,1_mobilenet_v2-2,2_mobilenet_v2-32,3_vgg11-32
mps-uncap,1.0,10.171914100646974,21.158313751220703,25.23794174194336,14.589691162109375
