mode,load,0_inception_v3-32,1_mobilenet_v2-32,2_resnet101-4,3_vgg13-8
mps-uncap,1.0,53.001976013183594,22.237825393676758,44.054365158081055,10.944199562072754
