mode,load,0_inception_v3-32,1_mobilenet_v2-32,2_resnet101-4,3_vgg13-8
mps-uncap,1.0,55.05657196044922,27.68874168395996,47.283172607421875,19.417285919189453
