mode,load,0_densenet121-8,1_inception_v3-2,2_mobilenet_v2-32,3_resnet18-32
mps-uncap,1.0,33.407859802246094,25.076136589050275,14.378137588500978,12.839717864990234
