mode,load,0_efficientnet_b6-8,1_vgg19-2
mps-uncap,1.0,22.018778324127197,4.621515274047852
