mode,load,0_densenet201-16,1_resnet152-2
mps-uncap,1.0,17.9595947265625,8.838653564453125
