mode,load,0_densenet201-16,1_resnet152-2
mps-uncap,1.0,18.81852626800537,11.194500923156737
