mode,load,0_efficientnet_b5-2,1_mobilenet_v2-32,2_resnet101-32,3_squeezenet1_0-2
mps-uncap,1.0,39.97812271118164,14.279747009277344,33.19823741912842,8.35120677947998
