mode,load,0_efficientnet_b5-2,1_mobilenet_v2-32,2_resnet101-32,3_squeezenet1_0-2
mps-uncap,1.0,39.97819423675537,14.279842376708984,33.19840431213379,8.351325988769531
