mode,load,0_densenet169-32,1_mobilenet_v2-8,2_resnet50-8
mps-uncap,1.0,27.019739151000977,3.7348270416259766,6.754875183105469
