mode,load,0_resnet18-32,1_vgg11-4
mps-uncap,1.0,6.026029586791992,2.2912025451660156
