mode,load,0_densenet121-8,1_efficientnet_b6-32,2_resnet34-2
mps-uncap,1.0,33.49100112915039,43.64299774169922,16.864109039306637
