mode,load,0_mobilenet_v2-32,1_resnet34-32,2_squeezenet1_1-8,3_squeezenet1_1-8
mps-uncap,1.0,11.092185974121094,12.685060501098633,2.4077892303466797,2.6617050170898438
