mode,load,0_densenet201-32,1_mobilenet_v2-32,2_resnet34-4,3_vgg11-32
mps-uncap,1.0,159.58821773529053,28.216123580932617,29.76822853088379,14.234542846679688
