mode,load,0_densenet201-32,1_mobilenet_v2-32,2_resnet34-4,3_vgg11-32
mps-uncap,1.0,168.43141794204712,33.42617988586426,39.873642921447754,17.598612308502197
