mode,load,0_densenet169-2,1_densenet201-32,2_mobilenet_v2-32,3_squeezenet1_1-16
mps-uncap,1.0,40.67587852478027,66.59376621246338,12.461066246032715,7.7904462814331055
