mode,load,0_densenet169-2,1_densenet201-32,2_mobilenet_v2-32,3_squeezenet1_1-16
mps-uncap,1.0,40.676116943359375,66.59388542175293,12.461423873901367,7.790684700012207
