mode,load,0_mobilenet_v3_large-4,1_resnet34-2,2_resnet50-8
mps-uncap,1.0,4.651784896850586,4.398822784423828,6.973505020141602
