mode,load,0_densenet121-32,1_densenet161-8,2_vgg11-8
mps-uncap,1.0,46.8066930770874,58.33456516265871,8.586196899414064
