mode,load,0_densenet169-16,1_mobilenet_v2-32,2_resnet101-32,3_vgg13-2
mps-uncap,1.0,71.3963508605957,18.156003952026367,44.889211654663086,8.548164367675785
