mode,load,0_bert-4,1_efficientnet_b7-16
mps-uncap,1.0,9.863853454589844,28.522729873657227
