mode,load,0_bert-4,1_efficientnet_b7-16
mps-uncap,1.0,15.311384201049806,32.647061347961426
