mode,load,0_bert-4,1_efficientnet_b7-16
mps-uncap,1.0,0.0040531158447265625,0.001430511474609375
