mode,load,0_inception_v3-16,1_mobilenet_v2-32,2_vgg19-2
mps-uncap,1.0,24.367847442626953,10.295493602752686,8.098247051239014
