mode,load,0_inception_v3-16,1_mobilenet_v2-32,2_vgg19-2
mps-uncap,1.0,12.748479843139648,8.016824722290039,3.6902427673339844
