mode,load,0_efficientnet_b6-8,1_resnet152-32,2_vgg16-8
mps-uncap,1.0,68.42589378356934,66.44129753112793,9.045004844665527
