mode,load,0_efficientnet_b6-2,1_resnet152-4
mps-uncap,1.0,11.85546875,8.255620002746582
