mode,load,0_efficientnet_b5-32,1_resnet18-2,2_resnet18-8
mps-uncap,1.0,35.48533916473389,7.346677780151368,9.807109832763672
