mode,load,0_resnet18-8,1_vgg16-4
mps-uncap,1.0,4.044890403747559,4.183411598205566
