mode,load,0_resnet18-8,1_vgg16-4
mps-uncap,1.0,4.327535629272461,4.390525817871093
