mode,load,0_resnet18-8,1_vgg16-4
mps-uncap,1.0,2.4046897888183594,3.4027099609375
