mode,load,0_densenet169-2,1_densenet201-4,2_mobilenet_v2-32,3_vgg16-32
mps-uncap,1.0,125.33831596374512,152.05717086791992,35.59160232543945,30.019044876098633
