mode,load,0_efficientnet_b5-32,1_inception_v3-8,2_resnet18-4
mps-uncap,1.0,34.42883491516113,19.091486930847168,4.233121871948242
