mode,load,0_squeezenet1_1-2,1_squeezenet1_1-32
mps-uncap,1.0,2.854585647583008,3.808736801147461
