mode,load,0_mobilenet_v2-32,1_resnet101-8,2_resnet50-32,3_squeezenet1_0-32
mps-uncap,1.0,23.95326137542725,55.32341003417969,32.02027082443237,18.732421398162842
