mode,load,0_mobilenet_v2-32,1_resnet101-8,2_resnet50-32,3_squeezenet1_0-32
mps-uncap,1.0,23.953306674957275,55.32341003417969,32.020485401153564,18.732633590698242
