mode,load,0_densenet169-2,1_mobilenet_v3_small-4,2_resnet50-8
mps-uncap,1.0,12.397050857543945,2.926349639892578,4.830837249755859
