mode,load,0_mobilenet_v2-32,1_resnet152-32,2_resnet18-2,3_vgg13-2
mps-uncap,1.0,21.58882617950439,64.77416753768921,14.057934284210205,11.344423294067388
