mode,load,0_densenet169-8,1_mobilenet_v2-16,2_mobilenet_v2-32,3_vgg16-32
mps-uncap,1.0,144.4666576385498,37.1185541152954,38.93828868865967,25.662345886230472
