mode,load,0_efficientnet_b5-8,1_mobilenet_v2-32,2_mobilenet_v2-32,3_mobilenet_v2-4
mps-uncap,1.0,37.23955154418945,11.945962905883789,11.906147003173828,8.752822875976562
