mode,load,0_resnet18-4,1_resnet18-4,2_resnet18-4,3_resnet18-4
mig,1.0,3.9756298065185547,3.3364295959472656,3.336668014526367,3.2405853271484375
