mode,load,0_resnet18-4,1_resnet18-4,2_resnet18-4,3_resnet18-4
mig,1.0,2.594196796417236,2.628803253173828,2.6292800903320312,4.795312881469727
