mode,load,0_densenet169-4,1_resnet152-32,2_vgg11-2
mps-uncap,1.0,31.171560287475586,38.56801986694336,3.123760223388672
