mode,load,0_densenet161-8,1_inception_v3-2,2_mobilenet_v2-32,3_vgg19-32
mps-uncap,1.0,105.86333274841309,36.289215087890625,18.531322479248047,23.10466766357422
