mode,load,0_densenet121-16,1_resnet18-8
mps-uncap,1.0,14.118432998657227,5.2013397216796875
