mode,load,0_efficientnet_b6-4,1_efficientnet_b7-32,2_inception_v3-32,3_mobilenet_v2-32
mps-uncap,1.0,74.20330047607422,93.99038791656494,51.86104774475098,25.29066562652588
