mode,load,0_efficientnet_b6-4,1_efficientnet_b7-32,2_inception_v3-32,3_mobilenet_v2-32
mps-uncap,1.0,74.2033839225769,93.99062633514404,51.86104774475098,25.29087781906128
