mode,load,0_efficientnet_b6-16,1_mobilenet_v2-8
mps-uncap,1.0,24.926705360412598,7.786319255828846
