mode,load,0_densenet161-16,1_mobilenet_v2-32,2_resnet152-32,3_resnet50-2
mps-uncap,1.0,64.89753723144531,13.908624649047852,56.96403980255127,16.048192977905273
