mode,load,0_densenet161-16,1_mobilenet_v2-32,2_resnet152-32,3_resnet50-2
mps-uncap,1.0,61.498403549194336,11.440038681030273,45.035600662231445,9.945154190063477
