mode,load,0_alexnet-4,1_efficientnet_b6-32
mps-uncap,1.0,0.6799697875976562,40.701866149902344
