mode,load,0_densenet201-32,1_efficientnet_b7-16,2_squeezenet1_0-2
mps-uncap,1.0,53.507328033447266,31.300783157348633,2.050638198852539
