mode,load,0_vgg11-32,1_vgg19-2
mps-uncap,1.0,11.859133243560791,13.273396492004395
