mode,load,0_densenet169-2,1_efficientnet_b5-4,2_mobilenet_v2-32,3_vgg11-32
mps-uncap,1.0,90.47341346740723,80.73079586029053,24.842405319213867,14.191865921020508
