mode,load,0_resnet152-4,1_resnet18-8
mps-uncap,1.0,10.04648208618164,2.2449493408203125
