mode,load,0_efficientnet_b6-4,1_squeezenet1_1-8
mps-uncap,1.0,12.94032335281372,2.177715301513672
