mode,load,0_efficientnet_b6-4,1_squeezenet1_1-8
mps-uncap,1.0,12.693643569946289,2.040266990661621
