mode,load,0_resnet34-32,1_resnet50-2
mps-uncap,1.0,7.28154182434082,5.364418029785156
