mode,load,0_densenet169-4,1_mobilenet_v2-32,2_resnet18-4,3_resnet50-32
mps-uncap,1.0,54.737372398376465,15.717074871063232,12.019634246826172,21.54271364212036
