mode,load,0_densenet169-4,1_mobilenet_v2-32,2_resnet18-4,3_resnet50-32
mps-uncap,1.0,55.57680130004883,16.407251358032227,12.888908386230469,21.952390670776367
