mode,load,0_resnet18-2,1_resnet18-2,2_resnet18-2,3_resnet18-2
mig,1.0,1.3532638549804688,1.1501312255859375,1.1456012725830078,1.3675689697265625
