mode,load,0_resnet18-2,1_resnet18-2,2_resnet18-2,3_resnet18-2
mig,1.0,1.9228458404541016,1.9447803497314453,1.9426345825195312,3.2720565795898438
