mode,load,0_resnet18-2,1_resnet18-2,2_resnet18-2,3_resnet18-2
mig,1.0,1.7833709716796875,1.806020736694336,1.802682876586914,3.136157989501953
