mode,load,0_resnet18-2,1_resnet18-2,2_resnet18-2,3_resnet18-2
mig,1.0,1.7518997192382812,1.7719268798828125,1.7695426940917969,3.107786178588867
