mode,load,0_densenet161-16,1_mobilenet_v2-16,2_mobilenet_v2-32,3_resnet34-32
mps-uncap,1.0,39.07299041748047,4.838705062866211,10.354042053222656,13.155221939086914
