mode,load,0_densenet161-32,1_mobilenet_v2-32,2_mobilenet_v3_small-2,3_vgg16-16
mps-uncap,1.0,127.64263153076172,34.03949737548828,31.313180923461914,22.77970314025879
