mode,load,0_densenet161-32,1_resnet50-2,2_vgg13-32
mps-uncap,1.0,144.92511749267578,30.19416332244873,18.607258796691895
