mode,load,0_densenet169-2,1_densenet201-32,2_mobilenet_v2-32,3_mobilenet_v2-8
mps-uncap,1.0,29.283761978149414,51.05328559875488,9.514331817626953,4.212617874145508
