mode,load,0_densenet169-2,1_densenet201-32,2_mobilenet_v2-32,3_mobilenet_v2-8
mps-uncap,1.0,49.05056953430176,69.86403465270996,20.41935920715332,16.38650894165039
