mode,load,0_alexnet-2,1_vgg16-8
mps-uncap,1.0,0.9601116180419922,5.727052688598633
