mode,load,0_alexnet-2,1_vgg16-8
mps-uncap,1.0,4.204511642456055,7.6045989990234375
