mode,load,0_efficientnet_b5-16,1_efficientnet_b5-16,2_efficientnet_b5-16,3_efficientnet_b5-16
mig,1.0,30.00664710998535,25.319576263427734,25.167226791381836,30.228614807128906
