mode,load,0_densenet169-16,1_resnet18-32
mps-uncap,1.0,28.481721878051758,7.722616195678711
