mode,load,0_densenet161-32,1_vgg19-32
mps-uncap,1.0,112.05792427062988,23.317337036132812
