mode,load,0_alexnet-16,1_resnet101-2
mps-uncap,1.0,1.6016960144042969,6.947517395019531
