mode,load,0_alexnet-16,1_resnet101-2
mps-uncap,1.0,1.683950424194336,7.241725921630859
