mode,load,0_densenet161-32,1_mobilenet_v2-32,2_resnet101-8,3_vgg13-4
mps-uncap,1.0,44.84248161315918,12.222051620483398,33.400535583496094,4.602670669555664
