mode,load,0_resnet34-8,1_vgg11-8,2_vgg16-8
mps-uncap,1.0,23.21429252624512,8.272738456726069,10.916185379028319
