mode,load,0_resnet34-8,1_vgg11-8,2_vgg16-8
mps-uncap,1.0,22.00908660888672,7.842540740966797,10.475397109985352
