mode,load,0_efficientnet_b5-4,1_resnet34-8
mps-uncap,1.0,11.517763137817383,4.761219024658203
