mode,load,0_efficientnet_b5-4,1_resnet34-8
mps-uncap,1.0,399.37798495774314,2292.998292873307
