mode,load,0_mobilenet_v2-32,1_mobilenet_v2-4,2_resnet18-32,3_squeezenet1_0-2
mps-uncap,1.0,12.93655633926392,10.61121940612793,11.8228006362915,9.249074459075928
