mode,load,0_densenet201-4,1_mobilenet_v2-32,2_resnet50-32,3_vgg13-2
mps-uncap,1.0,87.97717094421387,27.62913703918457,34.19637680053711,15.002250671386719
