mode,load,0_vgg19-32,1_densenet201-32,2_resnet34-4
mps-uncap,1.0,40.15493392944336,161.92364692687988,48.56133460998535
mig,1.0,66.33663177490234,98.97065162658691,19.2415714263916
