mode,load,0_vgg19-32,1_densenet201-32,2_resnet34-4
mps-uncap,1.0,0.000476837158203125,0.000476837158203125,0.000476837158203125
mig,1.0,0.000476837158203125,0.000476837158203125,0.000476837158203125
