mode,load,0_efficientnet_b6-4,1_inception_v3-32,2_mobilenet_v3_small-32
mps-uncap,1.0,14.741182327270508,15.014886856079102,3.7446022033691406
