mode,load,0_efficientnet_b7-16,1_vgg11-8,2_vgg13-8
mps-uncap,1.0,119.22216415405273,10.646343231201172,13.045787811279297
