mode,load,0_mobilenet_v2-32,1_resnet101-32,2_resnet101-8,3_vgg16-8
mps-uncap,1.0,28.95690679550171,67.71667957305907,62.60824203491211,18.083910942077637
