mode,load,0_densenet121-32,1_mobilenet_v2-32,2_resnet18-4,3_vgg19-2
mps-uncap,1.0,32.42039680480957,10.084867477416992,2.200603485107422,3.145456314086914
