mode,load,0_densenet121-32,1_mobilenet_v2-32,2_resnet18-4,3_vgg19-2
mps-uncap,1.0,47.679901123046875,21.984100341796875,15.65694808959961,16.052961349487305
