mode,load,0_densenet121-2,1_resnet34-4
mps-uncap,1.0,10.290145874023438,3.3669471740722656
