mode,load,0_densenet121-2,1_resnet34-4
mps-uncap,1.0,0.0002384185791015625,0.0002384185791015625
