mode,load,0_densenet121-2,1_resnet34-4
mps-uncap,1.0,7.409327030181885,2.391057014465332
