mode,load,0_llama-4,1_densenet161-16,2_vgg11-32
mps-uncap,1.0,593.2519435882568,96.74453735351562,13.58652114868164
