mode,load,0_llama-4,1_densenet161-16,2_vgg11-32
mps-uncap,1.0,616.8583488464355,104.12151336669922,17.132310867309563
