mode,load,0_mobilenet_v2-32,1_mobilenet_v3_small-8,2_resnet101-8,3_resnet152-32
mps-uncap,1.0,18.14723014831543,14.589071273803711,35.8144760131836,56.79221153259277
