mode,load,0_densenet121-16,1_densenet121-32,2_mobilenet_v2-32,3_squeezenet1_0-8
mps-uncap,1.0,0.000476837158203125,0.000476837158203125,0.00095367431640625,0.00095367431640625
