mode,load,0_densenet121-16,1_densenet121-32,2_mobilenet_v2-32,3_squeezenet1_0-8
mps-uncap,1.0,40.3810977935791,42.44208335876465,18.169879913330078,10.766077041625978
