mode,load,0_llama-4,1_llama-16,2_llama-4,3_resnet101-16
mps-uncap,1.0,209.15045738220215,810.1325750350952,209.3180751800537,20.56560754776001
