mode,load,0_resnet101-32,1_resnet101-32,2_resnet101-32,3_resnet101-32
mig,1.0,36.67736053466797,31.223773956298828,31.280994415283203,37.27221488952637
