mode,load,0_resnet101-32,1_resnet101-32,2_resnet101-32,3_resnet101-32
mig,1.0,80.64606189727783,68.29707622528076,68.23945045471191,81.30383491516113
