mode,load,0_densenet169-16,1_mobilenet_v3_small-16
mps-uncap,1.0,13.119697570800781,2.3572444915771484
