mode,load,0_densenet169-16,1_mobilenet_v3_small-16
mps-uncap,1.0,1069.2113551828481,5389.9617489227685
