mode,load,0_densenet169-16,1_inception_v3-32,2_inception_v3-4,3_mobilenet_v2-32
mps-uncap,1.0,41.78428649902344,26.342391967773438,20.978212356567383,10.438919067382812
