mode,load,0_inception_v3-16,1_mobilenet_v3_small-16
mps-uncap,1.0,8.22460651397705,3.237485885620117
