mode,load,0_efficientnet_b6-16,1_vgg11-32,2_vgg13-4
mps-uncap,1.0,118.61920356750488,13.825178146362305,13.785123825073242
