mode,load,0_efficientnet_b6-8,1_resnet152-2,2_vgg13-2
mps-uncap,1.0,24.300022125244144,19.95676994323731,3.9293241500854488
