mode,load,0_efficientnet_b5-4,1_efficientnet_b5-4,2_efficientnet_b5-4,3_efficientnet_b5-4
mig,1.0,17.7309513092041,15.893936157226562,15.520095825195312,18.013715744018555
