mode,load,0_densenet201-4,1_resnet152-2,2_resnet18-4
mps-uncap,1.0,14.762043952941895,8.907794952392578,1.756429672241211
