mode,load,0_efficientnet_b6-32,1_resnet18-4,2_vgg13-16
mps-uncap,1.0,109.91251468658447,13.480782508850098,11.178970336914062
