mode,load,0_efficientnet_b6-32,1_resnet18-4,2_vgg13-16
mps-uncap,1.0,0.0002384185791015625,0.0002384185791015625,0.0002384185791015625
