mode,load,0_densenet161-4,1_densenet201-32,2_inception_v3-16,3_mobilenet_v2-32
mps-uncap,1.0,51.01609230041504,65.31429290771484,32.50741958618164,16.70098304748535
