mode,load,0_resnet152-16,1_vgg19-16
mps-uncap,1.0,69.51618194580078,15.448570251464844
