mode,load,0_resnet152-16,1_vgg19-16
mps-uncap,1.0,66.27237796783447,13.129830360412598
