mode,load,0_mobilenet_v2-16,1_resnet34-16,2_resnet50-4
mps-uncap,1.0,2777.594313543866,2084.819910887786,516.2680524131822
