mode,load,0_densenet161-16,1_mobilenet_v3_large-16
mps-uncap,1.0,26.814937591552734,8.710861206054688
