mode,load,0_densenet161-16,1_mobilenet_v3_large-16
mps-uncap,1.0,24.774479866027832,8.21375846862793
