mode,load,0_efficientnet_b6-4,1_mobilenet_v2-32,2_resnet152-32,3_vgg13-2
mps-uncap,1.0,74.13339614868164,25.603055953979492,72.93105125427246,16.513824462890625
