mode,load,0_mobilenet_v2-32,1_mobilenet_v3_large-2,2_resnet152-32,3_squeezenet1_0-32
mps-uncap,1.0,25.798912048339847,25.595245361328132,76.94613933563232,21.27198696136475
