mode,load,0_mobilenet_v3_small-2,1_mobilenet_v3_small-4,2_vgg19-8
mps-uncap,1.0,4.661321640014648,5.142927169799805,6.758213043212891
