mode,load,0_densenet121-8,1_densenet169-2,2_vgg16-2
mps-uncap,1.0,13.540220260620117,15.591239929199219,3.337860107421875
