mode,load,0_densenet121-8,1_densenet169-2,2_vgg16-2
mps-uncap,1.0,15.002727508544922,18.129825592041016,4.694700241088867
