mode,load,0_efficientnet_b5-8,1_mobilenet_v3_large-4,2_mobilenet_v3_large-8
mps-uncap,1.0,13.794302940368652,2.9942989349365234,3.6454200744628906
