mode,load,0_mobilenet_v2-32,1_resnet152-2,2_resnet34-32,3_vgg13-8
mps-uncap,1.0,18.659114837646484,59.66043472290039,23.807764053344727,8.258342742919922
