mode,load,0_efficientnet_b5-16,1_squeezenet1_1-16
mps-uncap,1.0,23.586511611938477,6.640911102294922
