mode,load,0_densenet161-2,1_densenet161-2,2_mobilenet_v2-32,3_vgg16-32
mps-uncap,1.0,123.02565574645996,121.6585636138916,37.08338737487793,29.902219772338867
