mode,load,0_densenet161-2,1_densenet161-2,2_mobilenet_v2-32,3_vgg16-32
mps-uncap,1.0,18.774097087518218,19.09946521994738,1150.5251522926642,1258.529470779118
