mode,load,0_densenet161-4,1_efficientnet_b5-4,2_vgg13-16
mps-uncap,1.0,62.30587959289551,47.81599044799805,9.686040878295898
