mode,load,0_densenet161-4,1_efficientnet_b5-4,2_vgg13-16
mps-uncap,1.0,54.07452583312988,30.475616455078125,8.374452590942383
