mode,load,0_densenet169-8,1_densenet201-32,2_mobilenet_v2-32,3_squeezenet1_1-4
mps-uncap,1.0,52.19316482543945,66.64800643920898,22.425413131713867,14.53089714050293
