mode,load,0_densenet169-8,1_resnet152-32
mps-uncap,1.0,26.00700855255127,30.30703067779541
