mode,load,0_alexnet-2,1_efficientnet_b5-8,2_mobilenet_v2-32,3_vgg16-32
mps-uncap,1.0,17.78411865234375,129.0278434753418,44.96479034423828,32.09638595581055
