mode,load,0_efficientnet_b6-2,1_mobilenet_v2-32,2_resnet34-8,3_vgg16-32
mps-uncap,1.0,124.8875904083252,35.249598026275635,43.28732967376709,24.054698944091797
