mode,load,0_efficientnet_b7-16,1_resnet34-2,2_resnet34-32
mps-uncap,1.0,47.6895809173584,12.815141677856445,16.44463539123535
