mode,load,0_densenet161-2,1_vgg13-16,2_vgg19-32
mps-uncap,1.0,197.08800315856934,27.4198055267334,36.20624542236328
