mode,load,0_densenet161-2,1_vgg13-16,2_vgg19-32
mps-uncap,1.0,194.89997625350952,26.766996383666992,36.01295471191406
