mode,load,0_densenet201-2,1_efficientnet_b7-8,2_vgg11-8
mps-uncap,1.0,43.413400650024414,47.706031799316406,5.017280578613281
