mode,load,0_densenet201-2,1_efficientnet_b7-8,2_vgg11-8
mps-uncap,1.0,44.33169364929199,48.65292549133301,5.316519737243652
