mode,load,0_densenet121-32,1_mobilenet_v3_large-4,2_resnet152-32
mps-uncap,1.0,34.73474979400635,17.27283000946045,46.85431480407715
