mode,load,0_resnet152-16,1_vgg16-8
mps-uncap,1.0,48.33698272705078,9.50002670288086
