mode,load,0_densenet169-8,1_mobilenet_v2-32,2_resnet152-32,3_resnet152-4
mps-uncap,1.0,54.9321174621582,13.938426971435547,55.27544021606445,43.7694787979126
