mode,load,0_densenet161-2,1_vgg13-32
mps-uncap,1.0,22.33266830444336,14.765739440917969
