mode,load,0_densenet121-2,1_densenet121-2,2_densenet201-32,3_mobilenet_v2-32
mps-uncap,1.0,17.974138259887695,17.638683319091797,50.19044876098633,7.705211639404297
