mode,load,0_efficientnet_b6-8,1_mobilenet_v2-32,2_resnet50-32,3_vgg16-16
mps-uncap,1.0,137.38389015197754,35.681819915771484,50.64496994018555,21.58224582672119
