mode,load,0_squeezenet1_0-16,1_squeezenet1_0-16,2_squeezenet1_0-16,3_squeezenet1_0-16
mig,1.0,25.243043899536133,18.225669860839844,5.23686408996582,6.246328353881836
