mode,load,0_squeezenet1_0-16,1_squeezenet1_0-16,2_squeezenet1_0-16,3_squeezenet1_0-16
mig,1.0,9.618043899536133,9.648051261901855,9.655475616455078,18.470299243927002
