mode,load,0_inception_v3-2,1_resnet152-4,2_resnet18-8
mps-uncap,1.0,7.834198474884034,12.23393678665161,2.5673294067382812
