mode,load,0_inception_v3-2,1_resnet152-4,2_resnet18-8
mps-uncap,1.0,6.526470184326172,10.833978652954102,2.035379409790039
