mode,load,0_mobilenet_v3_small-8,1_resnet18-16,2_vgg16-4
mps-uncap,1.0,6.804828643798828,5.832433700561523,5.716552734375
