mode,load,0_efficientnet_b6-16,1_squeezenet1_0-4
mps-uncap,1.0,26.325702667236328,5.840778350830078
