mode,load,0_efficientnet_b5-16,1_efficientnet_b5-2
mps-uncap,1.0,17.015562057495117,15.985765457153319
