mode,load,0_densenet169-2,1_squeezenet1_0-2
mps-uncap,1.0,10.068655014038086,0.9596347808837891
