mode,load,0_efficientnet_b5-8,1_mobilenet_v2-32,2_resnet101-32,3_resnet152-8
mps-uncap,1.0,60.027122497558594,32.84144401550293,58.77327919006348,64.71729278564453
