mode,load,0_densenet121-16,1_resnet101-8,2_squeezenet1_1-2
mps-uncap,1.0,0.000476837158203125,0.000476837158203125,0.000476837158203125
