mode,load,0_alexnet-2,1_vgg19-2
mps-uncap,1.0,0.00667572021484375,0.0059604644775390625
