mode,load,0_mobilenet_v2-32,1_resnet101-2,2_resnet50-32,3_squeezenet1_0-8
mps-uncap,1.0,15.123605728149414,29.819488525390625,21.112918853759766,8.397340774536133
