mode,load,0_mobilenet_v2-32,1_resnet101-2,2_resnet50-32,3_squeezenet1_0-8
mps-uncap,1.0,18.157005310058594,35.80117225646973,23.93031120300293,13.606548309326172
