mode,load,0_mobilenet_v3_large-8,1_resnet18-16,2_vgg19-8
mps-uncap,1.0,10.53917407989502,8.466362953186035,8.442401885986328
