mode,load,0_densenet161-4,1_densenet201-4
mps-uncap,1.0,10.523319244384766,12.170791625976562
