mode,load,0_resnet50-8,1_squeezenet1_0-32
mps-uncap,1.0,12.274932861328125,7.574796676635742
