mode,load,0_resnet34-16,1_resnet50-4
mps-uncap,1.0,5.321502685546875,5.095005035400391
