mode,load,0_resnet34-16,1_resnet50-4
mps-uncap,1.0,3096.323235436712,867.3651452267877
