mode,load,0_densenet201-8,1_inception_v3-8
mps-uncap,1.0,12.82954216003418,5.262136459350586
