mode,load,0_densenet201-8,1_inception_v3-8
mps-uncap,1.0,13.65511417388916,6.930828094482422
