mode,load,0_alexnet-8,1_mobilenet_v2-16,2_mobilenet_v3_small-2
mps-uncap,1.0,2.1317005157470703,4.987001419067383,4.35185432434082
