mode,load,0_alexnet-8,1_mobilenet_v2-16,2_mobilenet_v3_small-2
mps-uncap,1.0,0.005245208740234375,0.0064373016357421875,0.000476837158203125
