mode,load,0_densenet121-16,1_efficientnet_b7-8,2_mobilenet_v3_small-32
mps-uncap,1.0,22.443056106567383,34.66629981994629,10.102033615112305
