mode,load,0_densenet121-16,1_efficientnet_b7-8,2_mobilenet_v3_small-32
mps-uncap,1.0,21.158885955810547,33.216238021850586,7.485151290893555
