mode,load,0_mobilenet_v2-2,1_mobilenet_v2-32,2_resnet18-32,3_resnet34-8
mps-uncap,1.0,3.9565563201904297,8.93402099609375,6.987094879150391,5.84864616394043
