mode,load,0_alexnet-4,1_efficientnet_b6-32,2_resnet101-4
mps-uncap,1.0,0.7002353668212891,41.34678840637207,16.608476638793945
