mode,load,0_densenet201-32,1_efficientnet_b7-2,2_mobilenet_v2-32,3_mobilenet_v3_small-4
mps-uncap,1.0,54.29401397705078,45.33133506774902,12.917518615722656,9.254240989685059
