mode,load,0_vgg19-4,1_vgg19-4,2_vgg19-4,3_vgg19-4
mig,1.0,11.700630187988281,11.842489242553711,11.840581893920898,23.531198501586914
