mode,load,0_vgg19-4,1_vgg19-4,2_vgg19-4,3_vgg19-4
mig,1.0,253.8722920010377,333.1194876169223,341.95650732994073,340.40325089163986
