mode,load,0_inception_v3-16,1_mobilenet_v2-4,2_mobilenet_v3_small-8
mps-uncap,1.0,11.51585578918457,4.305601119995117,4.544973373413086
