mode,load,0_mobilenet_v2-32,1_mobilenet_v2-8,2_resnet18-32,3_vgg13-2
mps-uncap,1.0,14.315605163574219,11.907291412353516,11.183476448059082,7.742357254028319
