mode,load,0_mobilenet_v2-32,1_mobilenet_v2-8,2_resnet18-32,3_vgg13-2
mps-uncap,1.0,12.03465461730957,5.77235221862793,5.05518913269043,2.9191970825195312
