mode,load,0_alexnet-8,1_efficientnet_b6-2
mps-uncap,1.0,2.365589141845703,14.176130294799805
