mode,load,0_squeezenet1_1-16,1_squeezenet1_1-16,2_squeezenet1_1-16,3_squeezenet1_1-16
mig,1.0,5.632472038269044,5.671882629394531,5.667924880981445,10.434150695800781
