mode,load,0_squeezenet1_1-16,1_squeezenet1_1-16,2_squeezenet1_1-16,3_squeezenet1_1-16
mig,1.0,5.332231521606445,5.35893440246582,5.354642868041992,10.119438171386719
