mode,load,0_resnet101-2,1_resnet101-2,2_resnet101-2,3_resnet101-2
mig,1.0,0.0002384185791015625,0.0002384185791015625,0.0002384185791015625,0.0002384185791015625
