mode,load,0_resnet101-2,1_resnet101-2,2_resnet101-2,3_resnet101-2
mig,1.0,306.4967348270591,300.8060610794607,302.8588434202165,172.92691288729418
