mode,load,0_alexnet-32,1_inception_v3-4,2_vgg13-8
mps-uncap,1.0,5.917787551879883,32.66477584838867,8.10694694519043
