mode,load,0_alexnet-32,1_inception_v3-4,2_vgg13-8
mps-uncap,1.0,5.918025970458984,32.66477584838867,8.107185363769531
