mode,load,0_alexnet-32,1_inception_v3-4,2_vgg13-8
mps-uncap,1.0,6793.208296369996,140.25259482836503,1246.2032453053964
