mode,load,0_alexnet-2,1_densenet201-32,2_inception_v3-2,3_mobilenet_v2-32
mps-uncap,1.0,821.073167469943,510.11410476425874,95.83452237858424,2552.9733099207438
