mode,load,0_densenet161-16,1_efficientnet_b5-16
mps-uncap,1.0,36.234941482543945,26.1198091506958
