mode,load,0_densenet161-16,1_efficientnet_b5-16
mps-uncap,1.0,35.59074401855469,25.586414337158203
