mode,load,0_densenet121-2,1_densenet169-8,2_efficientnet_b7-32
mps-uncap,1.0,30.048131942749023,44.15569305419922,56.841135025024414
