mode,load,0_densenet121-2,1_densenet169-8,2_efficientnet_b7-32
mps-uncap,1.0,31.574273109436035,45.25649070739746,57.18113899230957
