mode,load,0_alexnet-4,1_densenet169-32,2_squeezenet1_1-2
mps-uncap,1.0,0.000476837158203125,0.000476837158203125,0.000476837158203125
