mode,load,0_mobilenet_v3_small-16,1_resnet50-16
mps-uncap,1.0,0.0045299530029296875,0.000476837158203125
