mode,load,0_densenet121-2,1_densenet201-8,2_resnet152-2
mps-uncap,1.0,7.962965965270996,13.897418975830078,9.629011154174805
