mode,load,0_resnet34-8,1_resnet50-4,2_vgg13-2
mps-uncap,1.0,8.24880599975586,8.683204650878906,4.514932632446289
