mode,load,0_mobilenet_v3_small-2,1_squeezenet1_1-4,2_vgg16-2
mps-uncap,1.0,2.9144287109375,2.0818710327148438,2.6853084564208984
