mode,load,0_mobilenet_v2-8,1_vgg19-2
mps-uncap,1.0,3.3223628997802734,3.1256675720214844
