mode,load,0_bert-16,1_bert-16
mig,1.0,16.813697814941406,19.92777824401856
