mode,load,0_densenet169-8,1_mobilenet_v3_small-2
mps-uncap,1.0,10.38020133972168,2.547025680541992
