mode,load,0_densenet169-8,1_mobilenet_v3_small-2
mps-uncap,1.0,11.232614517211914,3.7415027618408203
