mode,load,0_densenet161-32,1_inception_v3-2,2_mobilenet_v3_large-32
mps-uncap,1.0,48.11739921569824,24.69611167907715,17.17376708984375
