mode,load,0_densenet121-4,1_resnet18-32
mps-uncap,1.0,12.101984024047852,4.89497184753418
