mode,load,0_densenet121-4,1_resnet18-32
mps-uncap,1.0,370.2132013247912,6972.957924448291
