mode,load,0_mobilenet_v2-32,1_resnet152-32,2_resnet152-4,3_vgg11-4
mps-uncap,1.0,20.45884132385254,68.54381561279297,56.21051788330078,8.934736251831055
