mode,load,0_mobilenet_v2-32,1_resnet152-32,2_resnet152-4,3_vgg11-4
mps-uncap,1.0,16.67487621307373,67.30985641479492,53.974151611328125,6.453514099121094
