mode,load,0_mobilenet_v2-32,1_resnet152-32,2_resnet152-4,3_vgg11-4
mps-uncap,1.0,23.977994918823242,76.23052597045898,60.34493446350098,13.263702392578125
