mode,load,0_mobilenet_v2-32,1_resnet152-32,2_resnet152-4,3_vgg11-4
mps-uncap,1.0,13.745546340942383,40.67564010620117,26.664018630981445,2.7937889099121094
