mode,load,0_densenet169-16,1_efficientnet_b7-4
mps-uncap,1.0,13.129711151123047,17.426729202270508
