mode,load,0_densenet161-16,1_densenet201-16,2_mobilenet_v2-32,3_resnet18-32
mps-uncap,1.0,71.21992111206055,84.58948135375977,19.307231903076175,15.213489532470703
