mode,load,0_densenet121-32,1_mobilenet_v2-32,2_mobilenet_v3_large-8,3_vgg11-16
mps-uncap,1.0,75.79874992370605,30.159473419189453,31.17809295654297,13.021230697631836
