mode,load,0_densenet121-32,1_mobilenet_v2-32,2_mobilenet_v3_large-8,3_vgg11-16
mps-uncap,1.0,72.94416427612305,21.940231323242188,22.327065467834473,10.301828384399414
