mode,load,0_mobilenet_v2-32,1_mobilenet_v3_large-32,2_resnet101-4,3_resnet50-32
mps-uncap,1.0,16.19243621826172,19.034624099731445,35.198211669921875,22.942066192626953
