mode,load,0_alexnet-32,1_vgg11-16,2_vgg19-16
mps-uncap,1.0,12.027502059936523,15.467214584350586,24.473190307617188
