mode,load,0_alexnet-32,1_vgg11-16,2_vgg19-16
mps-uncap,1.0,3445.6135329450462,1230.8326969606528,685.4084610582432
