mode,load,0_densenet201-32,1_vgg16-4
mps-uncap,1.0,47.75643348693848,6.920099258422852
