mode,load,0_densenet201-32,1_vgg16-4
mps-uncap,1.0,46.82636260986328,5.098223686218262
