mode,load,0_llama-16,1_bert-8,2_bert-16,3_resnet152-16
mps-uncap,1.0,1031.1808347702026,21.184325218200684,24.07550811767578,40.95933437347412
