mode,load,0_densenet121-32,1_inception_v3-4,2_mobilenet_v2-32,3_vgg11-32
mps-uncap,1.0,98.9487361907959,68.53113174438475,37.544727325439446,22.48581409454345
