mode,load,0_densenet121-32,1_inception_v3-4,2_mobilenet_v2-32,3_vgg11-32
mps-uncap,1.0,61.031341552734375,24.32847023010254,10.735273361206055,12.853860855102539
