mode,load,0_densenet169-8,1_resnet101-16
mps-uncap,1.0,19.176006317138672,14.396190643310547
