mode,load,0_densenet169-8,1_resnet101-16
mps-uncap,1.0,17.237424850463867,13.009071350097656
