mode,load,0_resnet101-32,1_vgg13-4
mps-uncap,1.0,31.587071418762207,7.535278797149658
