mode,load,0_resnet101-32,1_vgg13-4
mps-uncap,1.0,30.850505828857422,6.944894790649414
