mode,load,0_efficientnet_b6-8,1_mobilenet_v2-32,2_resnet50-32,3_vgg16-2
mps-uncap,1.0,69.00477409362793,17.052531242370605,25.12228488922119,8.362770080566406
