mode,load,0_inception_v3-32,1_vgg11-2
mps-uncap,1.0,15.802860260009766,1.9807815551757812
