mode,load,0_inception_v3-32,1_mobilenet_v2-32,2_resnet152-16,3_resnet18-2
mps-uncap,1.0,960.738012363732,2380.5608933043327,361.1145502934812,299.87953587555444
