mode,load,0_mobilenet_v2-32,1_mobilenet_v3_large-8,2_resnet101-4,3_resnet152-32
mps-uncap,1.0,10.695457458496094,8.509159088134766,23.739099502563477,34.18731689453125
