mode,load,0_densenet169-16,1_vgg19-4
mps-uncap,1.0,23.234128952026367,3.9434432983398438
