mode,load,0_squeezenet1_0-4,1_squeezenet1_0-4,2_squeezenet1_0-4,3_squeezenet1_0-4
mig,1.0,4.225492477416992,4.736542701721191,1.5532970428466797,1.8639564514160156
