mode,load,0_squeezenet1_0-4,1_squeezenet1_0-4,2_squeezenet1_0-4,3_squeezenet1_0-4
mig,1.0,7.22050666809082,6.414175033569336,1.7209053039550781,2.035379409790039
