mode,load,0_squeezenet1_0-4,1_squeezenet1_0-4,2_squeezenet1_0-4,3_squeezenet1_0-4
mig,1.0,2.50244140625,1.787424087524414,1.5416145324707031,1.8544197082519531
