mode,load,0_efficientnet_b7-4,1_vgg13-2
mps-uncap,1.0,24.760007858276367,3.5398006439208984
