mode,load,0_densenet161-2,1_densenet161-2,2_densenet161-2,3_densenet161-2
mig,1.0,10.465621948242188,10.645866394042969,10.662078857421875,18.32261085510254
