mode,load,0_densenet161-2,1_densenet161-2,2_densenet161-2,3_densenet161-2
mig,1.0,11.201858520507812,11.349916458129883,11.265993118286133,18.45240592956543
