mode,load,0_mobilenet_v2-32,1_resnet101-32,2_resnet18-2,3_resnet50-16
mps-uncap,1.0,20.81243991851807,48.20518493652344,12.631750106811523,26.096773147583008
