mode,load,0_inception_v3-8,1_mobilenet_v2-32,2_mobilenet_v3_small-16,3_resnet34-32
mps-uncap,1.0,24.130582809448242,12.964248657226562,9.89389419555664,14.574289321899414
