mode,load,0_alexnet-32,1_alexnet-8,2_resnet18-4
mps-uncap,1.0,3.113985061645508,3.10516357421875,3.5439252853393555
