mode,load,0_densenet121-32,1_mobilenet_v2-32,2_mobilenet_v3_small-16,3_vgg11-4
mps-uncap,1.0,49.49843883514404,22.207212448120117,20.00258445739746,12.299442291259757
