mode,load,0_resnet101-4,1_squeezenet1_0-2
mps-uncap,1.0,5.83493709564209,1.2497901916503906
