mode,load,0_resnet101-4,1_squeezenet1_0-2
mps-uncap,1.0,683.7137917264314,1573.682697517307
