mode,load,0_alexnet-32,1_resnet34-2
mps-uncap,1.0,3.575563430786133,5.300760269165039
