mode,load,0_densenet161-2,1_inception_v3-32,2_mobilenet_v3_large-16
mps-uncap,1.0,102.38479869360624,2007.597666107935,3011.628459827157
