mode,load,0_squeezenet1_0-4,1_squeezenet1_1-16
mps-uncap,1.0,2.0384788513183594,2.5472640991210938
