mode,load,0_densenet121-32,1_densenet201-16,2_mobilenet_v2-32,3_resnet34-16
mps-uncap,1.0,46.73326015472412,73.65250587463379,14.170408248901367,16.28732681274414
