mode,load,0_densenet121-2,1_resnet101-16,2_vgg11-8
mps-uncap,1.0,21.491527557373047,24.381637573242188,3.8976669311523438
