mode,load,0_mobilenet_v2-32,1_resnet34-16,2_squeezenet1_1-8,3_vgg11-32
mps-uncap,1.0,28.49435806274414,32.67478942871094,15.605688095092773,15.828609466552734
