mode,load,0_mobilenet_v2-32,1_resnet34-2,2_resnet34-2,3_vgg16-32
mps-uncap,1.0,26.67105197906494,26.871323585510254,26.894569396972656,22.77517318725586
