mode,load,0_inception_v3-8,1_vgg11-4
mps-uncap,1.0,11.21227502822876,2.790212631225586
