mode,load,0_inception_v3-8,1_vgg11-4
mps-uncap,1.0,793.428048013728,1676.0729301992826
