mode,load,0_resnet152-2,1_squeezenet1_1-16
mps-uncap,1.0,9.9625825881958,2.433300018310547
