mode,load,0_squeezenet1_0-32,1_vgg13-32,2_vgg16-8
mps-uncap,1.0,39.792537689208984,25.409698486328125,29.536962509155273
