mode,load,0_alexnet-8,1_densenet121-32,2_mobilenet_v2-32,3_resnet18-8
mps-uncap,1.0,5.782938003540039,46.148037910461426,19.794464111328125,13.548564910888672
