mode,load,0_resnet18-16,1_resnet50-4
mps-uncap,1.0,3.3461356163024902,5.453031063079834
