mode,load,0_mobilenet_v2-32,1_mobilenet_v3_small-2,2_resnet152-2,3_vgg11-32
mps-uncap,1.0,27.63479232788086,24.29041862487793,72.91766881942749,17.19144105911255
