mode,load,0_mobilenet_v2-16,1_mobilenet_v2-32,2_resnet101-2,3_resnet34-32
mps-uncap,1.0,1545.7986519572344,2647.4771049190435,79.46089594363934,2101.359774609967
