mode,load,0_squeezenet1_0-16,1_vgg11-4
mps-uncap,1.0,3205.273277260909,1189.8358044625834
