mode,load,0_mobilenet_v2-16,1_mobilenet_v3_small-32,2_vgg11-4
mps-uncap,1.0,2463.9761404648557,4204.5899052461855,1094.4292751535174
