mode,load,0_squeezenet1_0-16,1_squeezenet1_0-8,2_vgg11-8
mps-uncap,1.0,9.162425994873047,7.964849472045898,6.0097694396972665
