mode,load,0_resnet101-32,1_resnet152-8
mps-uncap,1.0,21.1179256439209,24.443626403808594
