mode,load,0_resnet18-16,1_densenet169-8,2_resnet18-4
mps-uncap,1.0,15.793561935424805,27.771949768066406,14.713287353515625
mig,1.0,20.4770565032959,33.66494178771973,17.241954803466797
