mode,load,0_inception_v3-32,1_mobilenet_v2-32,2_resnet101-2,3_vgg16-2
mps-uncap,1.0,0.0030994415283203125,0.000476837158203125,0.000476837158203125,0.000476837158203125
