mode,load,0_inception_v3-32,1_mobilenet_v2-32,2_resnet101-2,3_vgg16-2
mps-uncap,1.0,37.1549129486084,18.65410804748535,30.27200698852539,14.532327651977539
