mode,load,0_densenet161-8,1_resnet18-32
mps-uncap,1.0,26.755571365356445,7.7686309814453125
