mode,load,0_mobilenet_v3_large-2,1_squeezenet1_1-32,2_vgg11-8
mps-uncap,1.0,3.0715465545654297,6.911516189575195,3.672361373901367
