mode,load,0_densenet161-32,1_efficientnet_b6-16,2_inception_v3-16,3_mobilenet_v2-32
mps-uncap,1.0,75.75321197509766,66.27798080444336,39.504289627075195,15.141487121582031
