mode,load,0_alexnet-4,1_densenet161-16,2_vgg13-4
mps-uncap,1.0,2.138376235961914,42.01245307922363,4.4307708740234375
