mode,load,0_efficientnet_b5-8,1_efficientnet_b6-8,2_mobilenet_v3_large-32
mps-uncap,1.0,314.88445061749866,270.39751391542944,3717.475861306519
