mode,load,0_efficientnet_b7-32,1_vgg11-8
mps-uncap,1.0,86.5091323852539,8.477544784545898
