mode,load,0_efficientnet_b6-4,1_mobilenet_v3_small-16
mps-uncap,1.0,14.726877212524414,3.6623477935791016
