mode,load,0_densenet121-4,1_efficientnet_b6-4,2_vgg13-8
mps-uncap,1.0,22.84097671508789,31.09908103942871,4.94694709777832
