mode,load,0_efficientnet_b6-32,1_mobilenet_v2-32,2_mobilenet_v2-8,3_resnet34-32
mps-uncap,1.0,90.29385089874268,28.646144866943363,24.001383781433105,35.472307205200195
