mode,load,0_squeezenet1_0-32,1_vgg11-2
mps-uncap,1.0,7.723541259765624,5.578336715698241
