mode,load,0_inception_v3-16,1_inception_v3-2,2_mobilenet_v2-32,3_resnet152-32
mps-uncap,1.0,37.90851593017579,31.77708387374878,20.049657821655277,56.60706043243407
