mode,load,0_inception_v3-16,1_inception_v3-2,2_mobilenet_v2-32,3_resnet152-32
mps-uncap,1.0,37.90875434875489,31.77732229232788,20.04989624023438,56.60706043243407
