mode,load,0_efficientnet_b7-8,1_squeezenet1_1-2
mps-uncap,1.0,17.891645431518555,2.3813247680664062
