mode,load,0_densenet169-2,1_efficientnet_b5-2,2_mobilenet_v2-32,3_resnet34-32
mps-uncap,1.0,29.877424240112305,17.01045036315918,8.034229278564453,10.914802551269531
