mode,load,0_densenet169-2,1_efficientnet_b5-2,2_mobilenet_v2-32,3_resnet34-32
mps-uncap,1.0,33.16605091094971,29.7853946685791,10.25998592376709,12.139081954956055
