mode,load,0_densenet169-2,1_efficientnet_b5-2,2_mobilenet_v2-32,3_resnet34-32
mps-uncap,1.0,35.7327938079834,31.458616256713867,10.786652565002441,12.815141677856445
