mode,load,0_densenet161-32,1_densenet169-4
mps-uncap,1.0,33.85941982269287,24.003076553344727
