mode,load,0_densenet169-32,1_mobilenet_v3_small-16,2_resnet101-16
mps-uncap,1.0,52.85525321960449,16.913890838623047,36.04602813720703
mig,1.0,44.89302635192871,7.522821426391602,39.94584083557129
