mode,load,0_efficientnet_b5-2,1_resnet101-32
mps-uncap,1.0,0.000476837158203125,0.000476837158203125
