mode,load,0_efficientnet_b5-2,1_vgg13-16
mps-uncap,1.0,36.31019592285156,8.79220962524414
