mode,load,0_inception_v3-8,1_mobilenet_v2-32,2_mobilenet_v2-32,3_resnet34-16
mps-uncap,1.0,27.49004364013672,13.337135314941406,13.321399688720703,14.366865158081055
