mode,load,0_vgg11-2,1_vgg11-2
mig,1.0,2.037525177001953,2.4619102478027344
