mode,load,0_vgg11-2,1_vgg11-2
mig,1.0,957.4736336522046,793.1115870785196
