mode,load,0_densenet121-32,1_inception_v3-32,2_mobilenet_v2-2,3_mobilenet_v2-32
mps-uncap,1.0,41.63217544555664,34.89065170288086,16.70980453491211,18.0361270904541
