mode,load,0_alexnet-8,1_resnet101-8
mps-uncap,1.0,1.3523101806640625,10.50877571105957
