mode,load,0_mobilenet_v2-2,1_mobilenet_v2-32,2_resnet34-32,3_squeezenet1_0-8
mps-uncap,1.0,11.9476318359375,13.016462326049805,16.571998596191406,10.380744934082031
