mode,load,0_densenet169-4,1_squeezenet1_0-32
mps-uncap,1.0,24.500131607055664,7.59434700012207
