mode,load,0_efficientnet_b5-4,1_efficientnet_b6-32,2_mobilenet_v2-32,3_resnet152-32
mps-uncap,1.0,40.21787643432617,80.7027816772461,13.013601303100586,46.93746566772461
