mode,load,0_densenet121-32,1_efficientnet_b6-4,2_efficientnet_b7-16,3_mobilenet_v2-32
mps-uncap,1.0,35.56180000305176,29.14714813232422,66.95771217346191,9.412527084350586
