mode,load,0_densenet121-32,1_efficientnet_b6-4,2_efficientnet_b7-16,3_mobilenet_v2-32
mps-uncap,1.0,682.9920641477524,70.33201532252923,222.02619595465555,2212.548860573533
