mode,load,0_densenet161-16,1_efficientnet_b7-16
mps-uncap,1.0,40.146040916442864,40.622830390930176
