mode,load,0_inception_v3-32,1_resnet152-4
mps-uncap,1.0,12.720179557800293,13.106083869934082
