mode,load,0_densenet201-2,1_efficientnet_b5-16
mps-uncap,1.0,0.000476837158203125,0.0007152557373046875
