mode,load,0_densenet201-2,1_efficientnet_b5-16
mps-uncap,1.0,22.74799346923828,18.327713012695312
