mode,load,0_densenet161-8,1_mobilenet_v3_small-32,2_resnet101-4
mps-uncap,1.0,19.965648651123047,4.764080047607422,9.838104248046875
