mode,load,0_efficientnet_b5-4,1_efficientnet_b5-8
mps-uncap,1.0,11.895179748535156,11.884832382202148
