mode,load,0_efficientnet_b5-16,1_mobilenet_v2-32,2_mobilenet_v2-4,3_resnet101-32
mps-uncap,1.0,66.77436828613281,31.79621696472168,28.157711029052734,51.99885368347168
