mode,load,0_squeezenet1_0-16,1_squeezenet1_1-32
mps-uncap,1.0,0.0002384185791015625,0.0002384185791015625
