mode,load,0_efficientnet_b6-2,1_efficientnet_b6-2
mig,1.0,10.641794204711907,10.558128356933594
