mode,load,0_densenet121-32,1_mobilenet_v3_small-4
mps-uncap,1.0,16.709389686584473,7.171492576599121
