mode,load,0_densenet121-32,1_mobilenet_v3_small-4
mps-uncap,1.0,16.70959711074829,7.171730995178223
