mode,load,0_densenet169-16,1_densenet201-8
mps-uncap,1.0,16.21255874633789,19.106149673461914
