mode,load,0_densenet169-16,1_densenet201-8
mps-uncap,1.0,16.003847122192383,17.69423484802246
