mode,load,0_densenet121-8,1_densenet161-2,2_vgg19-16
mps-uncap,1.0,27.953386306762695,39.418697357177734,11.534929275512695
