mode,load,0_densenet121-8,1_densenet161-2,2_vgg19-16
mps-uncap,1.0,212.16078670844723,43.97970112492196,1267.3182633293475
