mode,load,0_densenet121-32,1_efficientnet_b5-8,2_mobilenet_v2-32,3_vgg19-2
mps-uncap,1.0,43.096303939819336,45.11570930480957,12.92407512664795,7.868528366088867
