mode,load,0_densenet121-32,1_densenet201-4,2_mobilenet_v2-32,3_vgg16-2
mps-uncap,1.0,30.470848083496094,42.818546295166016,8.790731430053711,3.3135414123535156
