mode,load,0_densenet121-32,1_densenet201-4,2_mobilenet_v2-32,3_vgg16-2
mps-uncap,1.0,42.47709274291992,64.00241374969482,16.56393527984619,11.461362838745117
