mode,load,0_resnet101-32,1_resnet34-8,2_vgg13-8
mps-uncap,1.0,46.72408103942871,17.54617691040039,7.224798202514648
