mode,load,0_efficientnet_b5-4,1_resnet50-16,2_vgg16-2
mps-uncap,1.0,28.164386749267578,12.862205505371094,6.762981414794922
