mode,load,0_resnet152-8,1_squeezenet1_1-16
mps-uncap,1.0,14.810919761657715,2.727031707763672
