mode,load,0_densenet169-16,1_inception_v3-16
mps-uncap,1.0,17.942142486572266,11.422324180603027
