mode,load,0_alexnet-32,1_efficientnet_b6-2,2_resnet18-2
mps-uncap,1.0,3.7262439727783203,19.130468368530273,3.745555877685547
