mode,load,0_densenet121-8,1_densenet169-32,2_mobilenet_v2-32,3_vgg13-8
mps-uncap,1.0,65.37556648254395,98.81305694580078,30.66253662109375,18.538951873779297
