mode,load,0_densenet121-32,1_densenet169-2,2_mobilenet_v2-32,3_resnet34-32
mps-uncap,1.0,42.11878776550293,48.804283142089844,12.627363204956055,15.868425369262695
