mode,load,0_efficientnet_b7-2,1_resnet18-16
mps-uncap,1.0,12.771129608154297,2.454042434692383
