mode,load,0_densenet169-2,1_efficientnet_b5-16,2_squeezenet1_0-8
mps-uncap,1.0,24.411940574645996,22.624969482421875,5.800008773803711
