mode,load,0_densenet121-32,1_densenet161-16,2_inception_v3-4,3_mobilenet_v2-32
mps-uncap,1.0,36.3614559173584,39.53671455383301,15.933990478515625,9.323358535766602
