mode,load,0_densenet121-32,1_densenet161-16,2_inception_v3-4,3_mobilenet_v2-32
mps-uncap,1.0,48.9506721496582,70.95074653625488,36.39340400695801,24.571657180786133
