mode,load,0_alexnet-8,1_inception_v3-4,2_mobilenet_v2-32,3_resnet152-32
mps-uncap,1.0,13.793706893920898,37.947893142700195,21.989822387695312,66.17021560668945
