mode,load,0_alexnet-8,1_inception_v3-4,2_mobilenet_v2-32,3_resnet152-32
mps-uncap,1.0,5.536365509033203,33.34500789642334,18.307924270629883,59.957003593444824
