mode,load,0_resnet152-16,1_resnet18-2,2_vgg13-32
mps-uncap,1.0,96.67754173278809,13.779878616333008,17.349720001220703
