mode,load,0_vgg16-4,1_vgg16-4,2_vgg16-4,3_vgg16-4
mig,1.0,10.195493698120117,10.32567024230957,10.32567024230957,20.286083221435547
