mode,load,0_vgg16-4,1_vgg16-4,2_vgg16-4,3_vgg16-4
mig,1.0,16.29018783569336,12.475013732910156,10.333061218261719,10.372400283813477
