mode,load,0_densenet161-8,1_efficientnet_b6-32,2_squeezenet1_0-16
mps-uncap,1.0,50.46045780181885,59.58104133605957,7.827043533325195
