mode,load,0_mobilenet_v2-32,1_mobilenet_v3_small-16,2_squeezenet1_0-4,3_vgg11-32
mps-uncap,1.0,22.20785617828369,18.477439880371094,14.786243438720703,15.523910522460938
