mode,load,0_efficientnet_b5-8,1_mobilenet_v2-32,2_resnet50-32,3_resnet50-8
mps-uncap,1.0,61.05895042419434,21.088743209838867,29.098987579345703,24.164867401123047
