mode,load,0_efficientnet_b5-8,1_mobilenet_v2-32,2_resnet50-32,3_resnet50-8
mps-uncap,1.0,56.71095848083496,18.05281639099121,26.031494140625,21.251440048217773
