mode,load,0_efficientnet_b5-8,1_mobilenet_v2-32,2_resnet50-32,3_resnet50-8
mps-uncap,1.0,140.54853984603304,1777.1018068203368,1215.468655045773,378.58515636948243
