mode,load,0_densenet201-32,1_vgg11-4,2_vgg11-8
mps-uncap,1.0,88.28850030899048,9.411582946777346,8.947257995605467
