mode,load,0_efficientnet_b5-16,1_mobilenet_v3_small-32,2_squeezenet1_0-4
mps-uncap,1.0,23.50926399230957,5.500316619873047,3.3354759216308594
