mode,load,0_densenet169-32,1_densenet169-8,2_efficientnet_b7-16,3_mobilenet_v2-32
mps-uncap,1.0,69.0298080444336,62.31117248535156,76.20382308959961,22.584199905395508
