mode,load,0_mobilenet_v3_large-4,1_resnet152-2,2_vgg19-8
mps-uncap,1.0,7.312297821044922,27.925443649291992,7.371425628662109
