mode,load,0_densenet121-32,1_mobilenet_v2-32,2_resnet152-16,3_resnet34-4
mps-uncap,1.0,42.614078521728516,16.146755218505863,48.575520515441895,16.987466812133786
