mode,load,0_densenet201-32,1_mobilenet_v2-32,2_mobilenet_v3_large-16,3_squeezenet1_1-32
mps-uncap,1.0,50.88210105895996,10.40959358215332,9.73367691040039,6.468057632446289
