mode,load,0_efficientnet_b5-16,1_mobilenet_v2-32,2_resnet101-2,3_resnet152-32
mps-uncap,1.0,0.000476837158203125,0.000476837158203125,0.0030994415283203125,0.000476837158203125
