mode,load,0_alexnet-16,1_densenet169-32,2_mobilenet_v2-16,3_mobilenet_v2-32
mps-uncap,1.0,7.261891365051269,66.36462450027466,16.915559768676758,18.676340579986576
