mode,load,0_alexnet-16,1_densenet169-32,2_mobilenet_v2-16,3_mobilenet_v2-32
mps-uncap,1.0,9.646177291870117,66.83993339538574,18.636703491210938,19.692420959472656
