mode,load,0_alexnet-16,1_densenet169-32,2_mobilenet_v2-16,3_mobilenet_v2-32
mps-uncap,1.0,7.262051105499268,66.36468887329102,16.91567897796631,18.67679357528687
