mode,load,0_resnet152-8,1_resnet18-32
mps-uncap,1.0,22.879600524902344,7.073640823364258
