mode,load,0_inception_v3-8,1_squeezenet1_0-32
mps-uncap,1.0,13.892650604248047,6.129741668701172
