mode,load,0_inception_v3-8,1_squeezenet1_0-32
mps-uncap,1.0,16.05212688446045,6.722936630249023
