mode,load,0_efficientnet_b5-2,1_mobilenet_v2-32,2_mobilenet_v3_small-4,3_resnet18-32
mps-uncap,1.0,30.147433280944824,9.866118431091309,7.754683494567871,7.886648178100586
