mode,load,0_alexnet-16,1_densenet161-32,2_inception_v3-16,3_mobilenet_v2-32
mps-uncap,1.0,1.8153190612792969,59.48972702026367,29.815196990966797,10.968923568725586
