mode,load,0_alexnet-16,1_densenet161-32,2_inception_v3-16,3_mobilenet_v2-32
mps-uncap,1.0,8.093736171722412,73.64964485168457,42.79114246368408,21.570563316345215
