mode,load,0_resnet50-32,1_vgg13-2
mps-uncap,1.0,14.822006225585938,2.495288848876953
