mode,load,0_densenet201-32,1_efficientnet_b7-2,2_mobilenet_v3_small-2
mps-uncap,1.0,32.17172622680664,23.78213405609131,2.9435157775878906
