mode,load,0_squeezenet1_0-2,1_squeezenet1_1-16,2_squeezenet1_1-16
mps-uncap,1.0,4.527568817138672,4.507303237915039,4.546165466308594
