mode,load,0_efficientnet_b7-16,1_resnet50-16
mps-uncap,1.0,41.93425178527832,9.125709533691406
