mode,load,0_densenet201-8,1_inception_v3-16
mps-uncap,1.0,16.0067081451416,8.973932266235352
