mode,load,0_densenet201-8,1_inception_v3-16
mps-uncap,1.0,512.3202573861811,1846.3791370531308
