mode,load,0_mobilenet_v2-32,1_vgg16-4
mps-uncap,1.0,9.237527847290039,5.378365516662598
