mode,load,0_mobilenet_v2-32,1_vgg16-4
mps-uncap,1.0,9.624242782592773,6.363701820373536
