mode,load,0_efficientnet_b6-4,1_inception_v3-4,2_resnet50-32
mps-uncap,1.0,23.403167724609375,13.85045051574707,13.617515563964844
