mode,load,0_mobilenet_v2-32,1_resnet18-8,2_resnet50-32,3_squeezenet1_1-2
mps-uncap,1.0,18.950893878936768,14.485521316528313,25.82772731781006,13.13924789428711
