mode,load,0_mobilenet_v2-32,1_resnet18-8,2_resnet50-32,3_squeezenet1_1-2
mps-uncap,1.0,22.086143493652344,15.429258346557617,28.12957763671875,13.757705688476562
