mode,load,0_mobilenet_v2-32,1_resnet18-8,2_resnet50-32,3_squeezenet1_1-2
mps-uncap,1.0,18.635272979736328,12.720036506652836,25.51891803741455,9.660029411315922
