mode,load,0_mobilenet_v2-32,1_resnet18-8,2_resnet50-32,3_squeezenet1_1-2
mps-uncap,1.0,2033.0493211915286,922.3643438730683,1355.366908918392,286.2014273186524
