mode,load,0_densenet161-32,1_mobilenet_v2-32,2_resnet152-16,3_resnet50-4
mps-uncap,1.0,66.80059432983398,11.151552200317383,43.66135597229004,12.569189071655273
