mode,load,0_densenet121-32,1_densenet161-8,2_efficientnet_b5-4
mps-uncap,1.0,24.698166847229004,33.356361389160156,26.467518806457516
