mode,load,0_densenet121-32,1_densenet161-8,2_efficientnet_b5-4
mps-uncap,1.0,1351.948638427404,276.7020213807544,168.98993111359246
