mode,load,0_densenet161-16,1_densenet161-16,2_densenet161-16,3_densenet161-16
mig,1.0,51.650285720825195,52.01125144958496,52.027225494384766,99.37238693237305
