mode,load,0_densenet169-32,1_densenet201-4,2_mobilenet_v2-32,3_resnet34-8
mps-uncap,1.0,49.38451290130615,51.22324228286743,14.985799789428711,16.83688163757323
