mode,load,0_densenet169-32,1_densenet201-4,2_mobilenet_v2-32,3_resnet34-8
mps-uncap,1.0,48.921799659729004,49.925804138183594,14.001607894897461,14.95981216430664
