mode,load,0_densenet201-4,1_mobilenet_v2-32,2_vgg11-32,3_vgg11-8
mps-uncap,1.0,155.04741668701172,31.677865982055664,16.582107543945312,16.52357578277588
