mode,load,0_densenet161-4,1_mobilenet_v2-32,2_resnet18-32,3_resnet34-32
mps-uncap,1.0,56.8772554397583,14.278650283813477,10.515093803405762,17.810940742492676
