mode,load,0_densenet161-32,1_efficientnet_b6-16,2_mobilenet_v2-32,3_resnet101-2
mps-uncap,1.0,46.460628509521484,54.47697639465332,10.509252548217773,24.096012115478516
