mode,load,0_efficientnet_b6-2,1_mobilenet_v3_large-16
mps-uncap,1.0,10.995864868164062,2.9757022857666016
