mode,load,0_efficientnet_b6-2,1_mobilenet_v3_large-16
mps-uncap,1.0,12.52896785736084,3.5266876220703125
