mode,load,0_vgg13-16,1_vgg19-8
mps-uncap,1.0,9.82522964477539,13.888120651245117
