mode,load,0_llama-8,1_llama-4,2_bert-8,3_vgg19-4
mps-uncap,1.0,397.9437804222107,204.66328620910645,17.756004333496094,7.441625595092776
