mode,load,0_squeezenet1_0-4,1_vgg16-2
mps-uncap,1.0,2.5152921676635747,2.6924610137939453
