mode,load,0_mobilenet_v3_small-8,1_squeezenet1_0-16
mps-uncap,1.0,4.534006118774414,4.429340362548828
