mode,load,0_densenet121-4,1_efficientnet_b5-2,2_resnet101-8
mps-uncap,1.0,421.3373775577027,174.95928357785314,903.3555892152691
