mode,load,0_densenet121-32,1_mobilenet_v3_large-32
mps-uncap,1.0,25.46212673187256,12.254576683044434
