mode,load,0_densenet121-32,1_mobilenet_v3_large-32
mps-uncap,1.0,18.9363956451416,5.795001983642578
