mode,load,0_alexnet-8,1_resnet50-16,2_vgg13-16
mps-uncap,1.0,10.321378707885742,33.77866744995117,13.251543045043945
