mode,load,0_densenet201-32,1_efficientnet_b5-2,2_mobilenet_v2-32,3_squeezenet1_0-8
mps-uncap,1.0,515.219048737837,56.07439804320565,2750.1695690827937,1234.3035150828325
