mode,load,0_densenet201-8,1_resnet18-4,2_squeezenet1_0-32
mps-uncap,1.0,41.39113426208496,6.27899169921875,7.931900024414063
