mode,load,0_resnet18-2,1_resnet34-4
mps-uncap,1.0,0.0045299530029296875,0.000476837158203125
