mode,load,0_alexnet-16,1_densenet121-32,2_resnet18-2
mps-uncap,1.0,2.3081302642822266,26.27110481262207,3.0744075775146484
