mode,load,0_densenet121-32,1_efficientnet_b6-4,2_mobilenet_v2-32,3_vgg13-8
mps-uncap,1.0,515.397712870228,52.84641992499132,1694.7403442488114,930.8523479761933
