mode,load,0_efficientnet_b7-2,1_resnet101-16,2_squeezenet1_0-16
mps-uncap,1.0,27.550458908081055,18.218040466308594,4.477262496948242
