mode,load,0_densenet201-16,1_mobilenet_v3_small-32,2_vgg11-8
mps-uncap,1.0,0.0002384185791015625,0.0002384185791015625,0.0002384185791015625
