mode,load,0_densenet201-16,1_mobilenet_v3_small-32,2_vgg11-8
mps-uncap,1.0,60.9126091003418,14.099359512329102,7.410287857055664
