mode,load,0_inception_v3-4,1_inception_v3-4
mig,1.0,6.533145904541016,6.548881530761719
