mode,load,0_mobilenet_v3_small-2,1_vgg13-32
mps-uncap,1.0,15.114414691925049,16.014738082885742
