mode,load,0_efficientnet_b6-16,1_squeezenet1_0-8
mps-uncap,1.0,27.626681327819824,5.578374862670898
