mode,load,0_efficientnet_b6-16,1_squeezenet1_0-8
mps-uncap,1.0,28.652429580688477,6.559610366821289
