mode,load,0_efficientnet_b5-4,1_efficientnet_b5-8,2_mobilenet_v3_small-8
mps-uncap,1.0,12.62819766998291,13.808012008666992,2.918243408203125
