mode,load,0_efficientnet_b5-4,1_efficientnet_b5-8,2_mobilenet_v3_small-8
mps-uncap,1.0,12.99281120300293,14.134478569030762,3.97481918334961
