mode,load,0_densenet121-8,1_resnet152-32
mps-uncap,1.0,443.0916365640098,1062.8786952003545
