mode,load,0_densenet121-32,1_mobilenet_v2-32,2_resnet18-4,3_resnet34-8
mps-uncap,1.0,32.94086456298828,9.78708267211914,2.184629440307617,5.372524261474609
