mode,load,0_densenet201-4,1_efficientnet_b6-4,2_mobilenet_v2-32,3_resnet152-32
mps-uncap,1.0,65.38677215576172,53.071022033691406,17.191410064697266,51.27239227294922
