mode,load,0_densenet169-32,1_mobilenet_v2-32,2_squeezenet1_1-8,3_vgg13-8
mps-uncap,1.0,86.69233322143555,17.98534393310547,10.001540184020996,8.286833763122559
