mode,load,0_densenet169-32,1_mobilenet_v2-32,2_squeezenet1_1-8,3_vgg13-8
mps-uncap,1.0,89.07637596130371,22.106266021728516,12.765049934387207,10.363578796386719
