mode,load,0_densenet201-2,1_efficientnet_b7-4,2_mobilenet_v2-2
mps-uncap,1.0,13.92871379852295,15.66518783569336,2.6509761810302734
