mode,load,0_inception_v3-4,1_mobilenet_v2-32,2_mobilenet_v2-32,3_mobilenet_v3_small-16
mps-uncap,1.0,14.467954635620117,10.39576530456543,10.632753372192383,4.431962966918945
