mode,load,0_resnet50-4,1_squeezenet1_1-2,2_vgg11-16
mps-uncap,1.0,15.685577392578129,6.747987270355225,6.872415542602539
