mode,load,0_densenet161-4,1_resnet152-32,2_squeezenet1_1-16
mps-uncap,1.0,32.84096717834473,32.309770584106445,3.056764602661133
