mode,load,0_inception_v3-2,1_squeezenet1_0-16
mps-uncap,1.0,7.181644439697266,3.043651580810547
