mode,load,0_densenet201-8,1_inception_v3-32,2_mobilenet_v2-32,3_resnet101-2
mps-uncap,1.0,42.37973690032959,24.51467514038086,9.545087814331055,19.58930492401123
