mode,load,0_densenet169-32,1_mobilenet_v2-32,2_resnet18-8,3_vgg16-2
mps-uncap,1.0,68.62044334411621,24.222373962402344,16.92819595336914,15.163898468017578
