mode,load,0_resnet101-4,1_vgg19-32
mps-uncap,1.0,45.864105224609375,24.7802734375
