mode,load,0_resnet101-16,1_squeezenet1_0-16
mps-uncap,1.0,21.30436897277832,7.113218307495117
