mode,load,0_densenet161-8,1_mobilenet_v2-32,2_resnet101-32,3_resnet152-2
mps-uncap,1.0,56.50520324707031,17.963886260986328,37.96839714050293,45.900583267211914
