mode,load,0_vgg19-32,1_vgg19-8
mps-uncap,1.0,28.86582374572754,27.147371768951416
