mode,load,0_densenet201-8,1_resnet50-8
mps-uncap,1.0,444.3134788862496,1531.77893478333
