mode,load,0_alexnet-32,1_resnet18-8,2_squeezenet1_1-2
mps-uncap,1.0,2.8743743896484375,4.103803634643555,3.036830425262451
