mode,load,0_alexnet-32,1_resnet18-8,2_squeezenet1_1-2
mps-uncap,1.0,2.7751922607421875,3.1142234802246094,2.784252166748047
