mode,load,0_squeezenet1_0-32,1_squeezenet1_1-2,2_vgg13-32
mps-uncap,1.0,22.125768661499023,19.18923854827881,20.23296356201172
