mode,load,0_squeezenet1_0-32,1_squeezenet1_1-2,2_vgg13-32
mps-uncap,1.0,27.3287296295166,21.852493286132812,23.059606552124023
