mode,load,0_resnet34-16,1_vgg11-32
mps-uncap,1.0,13.265848159790039,10.329246520996094
