mode,load,0_mobilenet_v3_large-2,1_resnet34-8,2_vgg19-2
mps-uncap,1.0,4.470348358154297,5.751276016235352,3.7479305267333998
