mode,load,0_mobilenet_v3_large-2,1_resnet34-8,2_vgg19-2
mps-uncap,1.0,3.787994384765625,5.115747451782227,3.3876895904541016
