mode,load,0_densenet161-32,1_mobilenet_v2-32,2_resnet152-4,3_squeezenet1_0-32
mps-uncap,1.0,94.86651420593262,26.37372016906739,66.38133525848389,20.727968215942386
