mode,load,0_densenet161-32,1_mobilenet_v2-32,2_resnet152-4,3_squeezenet1_0-32
mps-uncap,1.0,39.284467697143555,11.713743209838867,43.76387596130371,9.529352188110352
