mode,load,0_efficientnet_b6-2,1_efficientnet_b7-4
mps-uncap,1.0,11.98587417602539,14.294743537902832
