mode,load,0_mobilenet_v3_small-8,1_squeezenet1_1-8
mps-uncap,1.0,2.521038055419922,1.5385150909423828
