mode,load,0_densenet169-8,1_efficientnet_b7-8
mps-uncap,1.0,15.940666198730469,19.553184509277344
