mode,load,0_densenet121-2,1_densenet169-2,2_mobilenet_v2-32,3_vgg11-32
mps-uncap,1.0,69.1978931427002,92.65756607055664,28.248071670532227,20.50924301147461
