mode,load,0_densenet201-32,1_efficientnet_b6-8,2_mobilenet_v2-32,3_resnet50-4
mps-uncap,1.0,68.79296302795412,50.56943893432617,15.036773681640625,17.093515396118164
