mode,load,0_densenet121-32,1_inception_v3-16,2_squeezenet1_1-16
mps-uncap,1.0,1190.4633314007344,817.878792114627,3270.4328934389955
