mode,load,0_efficientnet_b5-2,1_vgg19-16
mps-uncap,1.0,35.557448863983154,12.229132652282715
