mode,load,0_densenet201-2,1_inception_v3-8,2_resnet101-2
mps-uncap,1.0,13.494014739990234,7.192816734313965,6.660709381103514
