mode,load,0_resnet101-32,1_resnet34-8,2_vgg19-2
mps-uncap,1.0,31.57639503479004,15.596389770507812,11.351585388183594
