mode,load,0_resnet101-32,1_resnet34-8,2_vgg19-2
mps-uncap,1.0,0.000476837158203125,0.003337860107421875,0.0007152557373046875
