mode,load,0_efficientnet_b6-32,1_vgg13-32,2_vgg13-8
mps-uncap,1.0,223.91395568847656,24.541568756103516,24.51944351196289
