mode,load,0_densenet169-32,1_inception_v3-4,2_resnet152-32
mps-uncap,1.0,46.96369171142578,21.22640609741211,41.13650321960449
