mode,load,0_alexnet-8,1_mobilenet_v3_large-8,2_vgg16-2
mps-uncap,1.0,2.3645591735839844,6.332213878631591,4.278459548950196
