mode,load,0_alexnet-8,1_mobilenet_v3_large-8,2_vgg16-2
mps-uncap,1.0,2.1212100982666016,5.948781967163086,3.9522647857666016
