mode,load,0_densenet161-32,1_efficientnet_b6-4,2_mobilenet_v2-32,3_resnet152-8
mps-uncap,1.0,70.8812713623047,58.66439342498779,20.551562309265137,53.65729331970215
