mode,load,0_densenet121-2,1_densenet169-32,2_densenet169-32,3_mobilenet_v2-32
mps-uncap,1.0,40.69446086883545,58.309340476989746,58.55205059051514,20.61781406402588
