mode,load,0_densenet121-2,1_densenet169-32,2_densenet169-32,3_mobilenet_v2-32
mps-uncap,1.0,37.890005111694336,57.47990608215332,57.535338401794434,19.09904479980469
