mode,load,0_densenet121-2,1_densenet169-32,2_densenet169-32,3_mobilenet_v2-32
mps-uncap,1.0,63.426878240920374,572.144584291301,572.1430529741438,2526.5371159195465
