mode,load,0_mobilenet_v3_large-8,1_resnet101-32,2_resnet18-2
mps-uncap,1.0,7.220625877380371,21.909713745117188,3.603816032409668
