mode,load,0_densenet169-32,1_mobilenet_v2-32,2_resnet18-8,3_squeezenet1_1-8
mps-uncap,1.0,57.06963062286378,19.14188861846924,13.888323307037354,13.7725043296814
