mode,load,0_densenet169-32,1_mobilenet_v2-32,2_resnet18-8,3_squeezenet1_1-8
mps-uncap,1.0,57.06969976425171,19.14194107055664,13.888323307037354,13.7725043296814
