mode,load,0_bert-4,1_resnet152-8,2_squeezenet1_1-2
mps-uncap,1.0,8.674860000610352,19.054174423217773,3.8306713104248047
