mode,load,0_bert-4,1_resnet152-8,2_squeezenet1_1-2
mps-uncap,1.0,7.7275800704956055,16.593611240386963,2.913951873779297
