mode,load,0_vgg13-2,1_vgg19-2
mps-uncap,1.0,2.9649734497070312,4.163503646850586
