mode,load,0_efficientnet_b5-4,1_mobilenet_v2-32,2_mobilenet_v2-32
mps-uncap,1.0,30.588293075561523,11.130619049072266,11.132383346557617
