mode,load,0_densenet121-16,1_resnet50-32,2_squeezenet1_1-4
mps-uncap,1.0,29.529235363006592,17.216205596923828,10.040473937988281
