mode,load,0_densenet121-16,1_resnet50-32,2_squeezenet1_1-4
mps-uncap,1.0,586.1423355884979,2021.7123917884537,762.4138625955395
