mode,load,0_densenet201-32,1_mobilenet_v3_large-16,2_squeezenet1_1-16
mps-uncap,1.0,49.420833587646484,12.633085250854492,9.735107421875
