mode,load,0_densenet121-4,1_vgg11-2
mps-uncap,1.0,459.8536402117413,1243.4904907267426
