mode,load,0_densenet121-2,1_vgg16-32
mps-uncap,1.0,21.97098731994629,17.650604248046875
