mode,load,0_densenet121-2,1_vgg16-32
mps-uncap,1.0,37.04428672790527,18.841266632080078
