mode,load,0_resnet18-32,1_vgg11-2
mps-uncap,1.0,5688.073017901436,712.9592706601229
