mode,load,0_densenet201-16,1_resnet18-2,2_squeezenet1_0-4
mps-uncap,1.0,23.3306884765625,3.079056739807129,3.4789085388183625
