mode,load,0_densenet201-16,1_resnet18-2,2_squeezenet1_0-4
mps-uncap,1.0,23.06997776031494,2.203822135925293,2.324223518371582
