mode,load,0_resnet34-16,1_resnet34-16
mig,1.0,24.042129516601562,18.116354942321777
