mode,load,0_resnet34-16,1_resnet34-16
mig,1.0,24.981021881103516,18.44620704650879
