mode,load,0_resnet34-16,1_resnet34-16
mig,1.0,827.5769428827361,1135.3777997403552
