mode,load,0_inception_v3-4,1_resnet152-4
mps-uncap,1.0,5.706071853637695,8.492708206176758
