mode,load,0_inception_v3-4,1_resnet152-4
mps-uncap,1.0,5.352497100830078,8.125066757202148
