mode,load,0_efficientnet_b6-2,1_inception_v3-16,2_mobilenet_v2-32,3_vgg19-32
mps-uncap,1.0,116.09382629394531,79.66861724853516,32.497406005859375,32.13083744049072
