mode,load,0_efficientnet_b6-2,1_inception_v3-16,2_mobilenet_v2-32,3_vgg19-32
mps-uncap,1.0,131.0427188873291,87.92757987976074,43.63059997558594,38.649559020996094
