mode,load,0_vgg13-8,1_vgg19-4
mps-uncap,1.0,7.163448333740234,10.476865768432615
