mode,load,0_vgg13-8,1_vgg19-4
mps-uncap,1.0,7.792234420776367,11.109113693237305
