mode,load,0_efficientnet_b5-16,1_mobilenet_v3_small-8,2_resnet34-2
mps-uncap,1.0,20.758628845214844,9.263277053833008,8.322954177856445
