mode,load,0_efficientnet_b5-16,1_mobilenet_v3_small-8,2_resnet34-2
mps-uncap,1.0,0.0002384185791015625,0.0002384185791015625,0.0002384185791015625
