mode,load,0_efficientnet_b5-16,1_mobilenet_v3_small-8,2_resnet34-2
mps-uncap,1.0,18.95157814025879,7.053794860839845,7.972300052642822
