mode,load,0_densenet121-4,1_efficientnet_b7-16,2_resnet18-2
mps-uncap,1.0,249.70114070946494,490.84319305324135,613.4460642699314
