mode,load,0_alexnet-2,1_mobilenet_v2-32,2_resnet18-2,3_vgg13-32
mps-uncap,1.0,4.497528076171875,29.493331909179688,18.81861686706543,19.112586975097656
