mode,load,0_alexnet-2,1_mobilenet_v2-32,2_resnet18-2,3_vgg13-32
mps-uncap,1.0,313.4586857980849,1095.6642295484141,110.79310244465118,1700.5596430258279
