mode,load,0_densenet121-4,1_efficientnet_b5-4,2_mobilenet_v2-32,3_resnet18-32
mps-uncap,1.0,30.97985029220581,38.649983406066895,12.266957759857178,9.67236042022705
