mode,load,0_densenet121-4,1_efficientnet_b5-4,2_mobilenet_v2-32,3_resnet18-32
mps-uncap,1.0,144.28814600461703,114.85726832247082,2981.73858215322,3880.6030456939798
