mode,load,0_resnet152-32,1_resnet152-8,2_squeezenet1_0-32
mps-uncap,1.0,31.339406967163086,39.15691375732422,9.20414924621582
