mode,load,0_resnet152-32,1_resnet152-8,2_squeezenet1_0-32
mps-uncap,1.0,60.82344055175781,51.85103416442871,15.004158020019531
