mode,load,0_mobilenet_v3_small-4,1_squeezenet1_0-32
mps-uncap,1.0,5.879640579223633,5.834817886352539
