mode,load,0_mobilenet_v3_small-4,1_squeezenet1_0-32
mps-uncap,1.0,5.930476188659668,5.868673324584961
