mode,load,0_alexnet-32,1_vgg19-4
mps-uncap,1.0,3.756999969482422,6.742401123046875
