mode,load,0_densenet201-4,1_densenet201-4
mig,1.0,330.7590384145002,335.1152420541221
