mode,load,0_densenet169-2,1_densenet169-32
mps-uncap,1.0,18.894672393798828,23.67424964904785
