mode,load,0_densenet169-2,1_densenet169-32
mps-uncap,1.0,0.00286102294921875,0.000476837158203125
