mode,load,0_efficientnet_b7-8,1_mobilenet_v2-32,2_resnet34-32,3_vgg16-2
mps-uncap,1.0,71.7921257019043,15.727519989013672,19.61231231689453,8.870935440063477
