mode,load,0_efficientnet_b5-8,1_mobilenet_v2-2,2_mobilenet_v2-32,3_vgg13-32
mps-uncap,1.0,110.5557918548584,28.28359603881836,34.64217185974121,20.20418643951416
