mode,load,0_efficientnet_b5-8,1_mobilenet_v2-2,2_mobilenet_v2-32,3_vgg13-32
mps-uncap,1.0,110.55583953857422,28.28359603881836,34.64250564575195,20.20435333251953
