mode,load,0_densenet161-32,1_densenet161-32,2_densenet201-16,3_mobilenet_v2-32
mps-uncap,1.0,99.21429395675659,99.29434299468994,119.62733268737793,35.5814003944397
