mode,load,0_densenet161-32,1_densenet161-32,2_densenet201-16,3_mobilenet_v2-32
mps-uncap,1.0,329.5312672870357,329.5365775012628,154.10335654690326,1632.1459197463992
