mode,load,0_llama-16,1_bert-4,2_mobilenet_v2-16,3_vgg16-2
mps-uncap,1.0,817.4006462097168,13.762235641479492,7.227182388305664,4.87828254699707
