mode,load,0_llama-16,1_bert-4,2_mobilenet_v2-16,3_vgg16-2
mps-uncap,1.0,821.4852595329285,14.209923744201662,7.51495361328125,5.2633142471313485
