mode,load,0_squeezenet1_0-2,1_squeezenet1_0-2,2_squeezenet1_0-2,3_squeezenet1_0-2
mig,1.0,1.5697479248046875,1.7268657684326172,1.6837120056152344,2.523660659790039
