mode,load,0_squeezenet1_0-2,1_squeezenet1_0-2,2_squeezenet1_0-2,3_squeezenet1_0-2
mig,1.0,1.447916030883789,1.466512680053711,1.4569759368896484,2.478361129760742
