mode,load,0_resnet152-2,1_vgg16-16
mps-uncap,1.0,58.45930622785024,1551.9907401067217
