mode,load,0_alexnet-8,1_densenet169-16,2_efficientnet_b5-8
mps-uncap,1.0,3.122677803039551,27.379555702209473,23.592417240142822
