mode,load,0_densenet121-2,1_mobilenet_v2-32,2_resnet34-8,3_vgg16-32
mps-uncap,1.0,75.59776306152344,27.210235595703125,33.73289108276367,22.974252700805664
