mode,load,0_densenet121-2,1_mobilenet_v2-32,2_resnet34-8,3_vgg16-32
mps-uncap,1.0,89.08891677856445,36.64588928222656,43.58172416687012,26.04961395263672
