mode,load,0_densenet121-4,1_squeezenet1_0-16,2_vgg13-4
mps-uncap,1.0,25.197577476501465,6.562023162841797,5.636749267578124
