mode,load,0_densenet121-4,1_squeezenet1_0-16,2_vgg13-4
mps-uncap,1.0,25.197780132293705,6.562128067016601,5.636911392211914
