mode,load,0_alexnet-2,1_mobilenet_v2-2,2_mobilenet_v2-32,3_vgg16-32
mps-uncap,1.0,17.348527908325195,33.40411186218262,37.51373291015625,39.38174247741699
