mode,load,0_alexnet-2,1_mobilenet_v2-2,2_mobilenet_v2-32,3_vgg16-32
mps-uncap,1.0,310.6000132909503,91.85087744573327,1176.8233912508172,1238.98936028871
