mode,load,0_densenet201-32,1_mobilenet_v2-32,2_resnet50-4,3_vgg19-2
mps-uncap,1.0,72.94952869415283,17.00916290283203,20.68095207214355,12.546634674072266
