mode,load,0_densenet201-32,1_mobilenet_v2-32,2_resnet50-4,3_vgg19-2
mps-uncap,1.0,70.55926322937012,12.626171112060547,14.874458312988281,7.741451263427734
