mode,load,0_densenet121-16,1_densenet169-2,2_densenet201-32,3_mobilenet_v2-32
mps-uncap,1.0,35.99810600280762,40.82751274108887,69.4434642791748,12.682914733886719
