mode,load,0_densenet121-16,1_densenet161-8,2_squeezenet1_1-8
mps-uncap,1.0,17.372536659240723,25.11301040649414,4.583430290222168
