mode,load,0_densenet161-32,1_efficientnet_b6-8,2_mobilenet_v2-32,3_vgg19-16
mps-uncap,1.0,153.702974319458,130.5253505706787,48.697710037231445,38.18368911743164
