mode,load,0_densenet161-32,1_efficientnet_b6-8,2_mobilenet_v2-32,3_vgg19-16
mps-uncap,1.0,52.515268325805664,52.832841873168945,21.540164947509766,16.176700592041016
