mode,load,0_mobilenet_v3_small-16,1_resnet50-8
mps-uncap,1.0,4.122495651245117,5.934476852416992
