mode,load,0_densenet201-8,1_resnet101-8,2_resnet101-8
mps-uncap,1.0,25.764634609222412,13.247833251953125,14.32793855667114
