mode,load,0_resnet101-8,1_vgg16-4
mps-uncap,1.0,14.905691146850586,4.0999650955200195
