mode,load,0_densenet169-4,1_inception_v3-32,2_mobilenet_v2-32,3_mobilenet_v2-4
mps-uncap,1.0,37.32180595397949,26.157379150390625,13.846635818481445,11.319637298583984
