mode,load,0_efficientnet_b7-4,1_squeezenet1_1-2,2_vgg19-16
mps-uncap,1.0,0.000476837158203125,0.000476837158203125,0.000476837158203125
