mode,load,0_densenet161-32,1_resnet18-8
mps-uncap,1.0,37.50960826873779,6.954193115234373
