mode,load,0_densenet201-4,1_resnet152-32
mps-uncap,1.0,29.40751552581787,28.58910083770752
