mode,load,0_densenet201-4,1_resnet152-32
mps-uncap,1.0,141.53585605048949,1132.518910664163
