mode,load,0_densenet201-2,1_inception_v3-8,2_mobilenet_v2-32,3_resnet152-32
mps-uncap,1.0,68.27712059020996,43.906450271606445,29.134273529052734,61.22231483459473
