mode,load,0_alexnet-2,1_resnet50-2
mps-uncap,1.0,0.5967617034912109,2.850770950317383
