mode,load,0_alexnet-2,1_resnet50-2
mps-uncap,1.0,0.7436275482177734,3.499746322631836
