mode,load,0_alexnet-2,1_resnet50-2
mps-uncap,1.0,0.6906986236572266,3.2863616943359375
