mode,load,0_densenet169-32,1_mobilenet_v2-32,2_mobilenet_v3_small-32,3_resnet34-4
mps-uncap,1.0,49.991703033447266,14.334630966186523,13.998842239379883,14.456892013549805
