mode,load,0_densenet169-32,1_mobilenet_v2-32,2_mobilenet_v3_small-32,3_resnet34-4
mps-uncap,1.0,48.23565483093262,10.508060455322266,10.279178619384766,10.19906997680664
