mode,load,0_densenet169-32,1_efficientnet_b5-8,2_mobilenet_v2-32,3_resnet34-2
mps-uncap,1.0,61.95259094238281,49.219369888305664,23.022174835205078,22.5677490234375
