mode,load,0_resnet18-2,1_vgg19-2
mps-uncap,1.0,1.4209747314453125,2.5000572204589844
