mode,load,0_alexnet-32,1_densenet121-32,2_mobilenet_v2-32,3_resnet18-2
mps-uncap,1.0,4.168987274169922,41.30911827087402,12.247562408447266,6.622314453125
