mode,load,0_alexnet-32,1_densenet121-32,2_mobilenet_v2-32,3_resnet18-2
mps-uncap,1.0,6.034159660339356,42.55552291870117,17.39368438720703,11.728763580322266
