mode,load,0_alexnet-32,1_densenet121-32,2_mobilenet_v2-32,3_resnet18-2
mps-uncap,1.0,7066.728586104797,777.2322021504125,2344.166603624248,279.38723886726586
