mode,load,0_mobilenet_v3_small-4,1_resnet18-4,2_squeezenet1_1-2
mps-uncap,1.0,1630.1789192292551,2641.75441075175,1603.5569803597807
