mode,load,0_efficientnet_b7-2,1_vgg16-4
mps-uncap,1.0,24.054932594299316,3.7944793701171875
