mode,load,0_densenet161-32,1_squeezenet1_0-8,2_vgg16-2
mps-uncap,1.0,53.284502029418945,12.778081893920897,12.052688598632812
