mode,load,0_densenet161-32,1_squeezenet1_0-8,2_vgg16-2
mps-uncap,1.0,616.189338461868,1280.9017127279417,345.8490054037578
