mode,load,0_efficientnet_b6-2,1_mobilenet_v3_small-16,2_resnet101-16
mps-uncap,1.0,18.91303062438965,3.6437511444091797,13.988733291625977
