mode,load,0_alexnet-8,1_densenet169-16,2_densenet169-32,3_mobilenet_v2-32
mps-uncap,1.0,13.866186141967773,64.8033618927002,72.47447967529297,23.973941802978516
