mode,load,0_densenet161-8,1_mobilenet_v2-32,2_resnet18-2,3_vgg13-32
mps-uncap,1.0,65.332233022999,1060.3476127048384,105.7859340754789,1676.99315609782
