mode,load,0_efficientnet_b7-8,1_mobilenet_v2-32,2_resnet18-2,3_vgg16-32
mps-uncap,1.0,167.17076301574707,36.92159652709961,24.248790740966797,27.43015289306641
