mode,load,0_densenet121-32,1_densenet201-8,2_mobilenet_v3_small-4
mps-uncap,1.0,21.224455833435055,31.2484860420227,8.48751068115234
