mode,load,0_densenet161-16,1_resnet101-32,2_vgg11-16
mps-uncap,1.0,105.93819618225098,63.97843360900879,14.527320861816406
