mode,load,0_densenet161-16,1_resnet101-32,2_vgg11-16
mps-uncap,1.0,159.93607032535834,547.7949848075333,1770.9218195432622
