mode,load,0_densenet169-8,1_densenet169-8,2_densenet169-8,3_densenet169-8
mig,1.0,17.779505252838135,17.998602390289307,18.04610252380371,33.28139543533325
