mode,load,0_densenet201-8,1_efficientnet_b7-8,2_squeezenet1_0-8
mps-uncap,1.0,27.678847312927246,31.133079528808594,4.55474853515625
