mode,load,0_densenet201-8,1_efficientnet_b7-8,2_squeezenet1_0-8
mps-uncap,1.0,28.099956512451172,31.878323554992676,5.333738327026369
