mode,load,0_densenet201-8,1_mobilenet_v2-32,2_resnet101-32,3_squeezenet1_0-4
mps-uncap,1.0,0.000476837158203125,0.000476837158203125,0.000476837158203125,0.000476837158203125
