mode,load,0_densenet201-8,1_mobilenet_v2-32,2_resnet101-32,3_squeezenet1_0-4
mps-uncap,1.0,55.77516555786133,9.941816329956055,36.331892013549805,2.1321773529052734
