mode,load,0_densenet201-8,1_mobilenet_v2-32,2_resnet101-32,3_squeezenet1_0-4
mps-uncap,1.0,65.29855728149414,14.436721801757812,38.84017467498779,7.352113723754883
