mode,load,0_mobilenet_v2-8,1_mobilenet_v3_small-32,2_vgg13-8
mps-uncap,1.0,10.943124294281006,12.099988460540773,6.507017612457271
