mode,load,0_densenet161-2,1_resnet34-32
mps-uncap,1.0,132.93096904769732,4536.782338613777
