mode,load,0_efficientnet_b5-4,1_mobilenet_v3_large-8
mps-uncap,1.0,423.1783859065104,2774.5135058172377
