mode,load,0_densenet121-2,1_mobilenet_v3_small-4
mps-uncap,1.0,6.910800933837891,2.266407012939453
