mode,load,0_densenet201-16,1_efficientnet_b7-4,2_resnet50-4
mps-uncap,1.0,571.3516068878904,163.43412377763343,629.2977789635285
