mode,load,0_densenet169-4,1_mobilenet_v3_small-4,2_resnet18-4
mps-uncap,1.0,11.045145988464355,2.610769271850586,1.7507076263427734
