mode,load,0_alexnet-16,1_densenet121-16
mps-uncap,1.0,2.5680065155029297,15.43729305267334
