mode,load,0_alexnet-16,1_densenet121-16
mps-uncap,1.0,1.7359256744384766,15.187740325927734
