mode,load,0_efficientnet_b7-16,1_mobilenet_v3_large-32
mps-uncap,1.0,41.31169319152833,13.2672381401062
