mode,load,0_mobilenet_v2-32,1_mobilenet_v3_small-32,2_resnet50-32,3_resnet50-4
mps-uncap,1.0,10.141611099243164,8.009195327758789,19.870758056640625,11.870145797729492
