mode,load,0_mobilenet_v2-32,1_mobilenet_v3_small-32,2_resnet50-32,3_resnet50-4
mps-uncap,1.0,17.146825790405273,17.36140251159668,24.764537811279297,21.700620651245117
