mode,load,0_mobilenet_v2-32,1_mobilenet_v3_small-32,2_resnet50-32,3_resnet50-4
mps-uncap,1.0,16.165971755981445,15.907764434814453,22.527623176574707,19.286251068115234
