mode,load,0_mobilenet_v2-32,1_mobilenet_v3_small-32,2_resnet50-32,3_resnet50-4
mps-uncap,1.0,14.874935150146484,14.458179473876953,21.07095718383789,17.012357711791992
