mode,load,0_densenet201-8,1_efficientnet_b7-4,2_mobilenet_v2-32,3_vgg19-32
mps-uncap,1.0,58.990924575892656,29.034051132819794,1045.3976468081944,1045.4185004423246
