mode,load,0_efficientnet_b6-16,1_mobilenet_v3_large-4,2_vgg11-8
mps-uncap,1.0,52.01411247253418,16.45970344543457,6.779193878173828
