mode,load,0_mobilenet_v2-32,1_mobilenet_v2-8,2_resnet152-2,3_vgg11-32
mps-uncap,1.0,1381.692368804056,420.86412267224176,27.167088163313476,2368.3027764470153
