mode,load,0_densenet121-4,1_resnet34-4
mps-uncap,1.0,7.111549377441406,2.249479293823242
