mode,load,0_densenet121-4,1_resnet34-4
mps-uncap,1.0,8.174657821655273,3.4394264221191406
