mode,load,0_resnet101-8,1_resnet101-8,2_resnet101-8,3_resnet101-8
mig,1.0,17.962932586669922,18.079280853271484,18.115758895874023,35.02011299133301
