mode,load,0_inception_v3-8,1_vgg11-2
mps-uncap,1.0,9.349226951599121,1.6741752624511719
