mode,load,0_inception_v3-16,1_resnet50-2,2_vgg16-2
mps-uncap,1.0,14.914345741271973,7.281637191772461,3.7336349487304688
