mode,load,0_resnet18-16,1_resnet50-2
mps-uncap,1.0,2.943754196166992,4.20362949371338
