mode,load,0_resnet18-16,1_resnet50-2
mps-uncap,1.0,5584.659386424772,521.4043115109015
