mode,load,0_llama-4,1_vgg11-4
mps-uncap,1.0,30.857086181640625,1.9071102142333984
