mode,load,0_densenet169-32,1_mobilenet_v2-32,2_resnet18-2,3_resnet50-2
mps-uncap,1.0,648.4820412881737,2597.703946293882,367.56914392582365,171.30563800477307
