mode,load,0_densenet161-32,1_efficientnet_b6-2,2_inception_v3-4
mps-uncap,1.0,37.10625171661377,27.087783813476562,16.200542449951172
