mode,load,0_densenet161-4,1_mobilenet_v2-2,2_vgg19-16
mps-uncap,1.0,54.51449871063232,11.440300941467285,13.39073657989502
