mode,load,0_efficientnet_b5-2,1_resnet50-16,2_vgg19-2
mps-uncap,1.0,23.529243469238278,11.424305438995361,6.1898088455200195
