mode,load,0_efficientnet_b5-4,1_mobilenet_v2-32,2_resnet101-4,3_resnet152-32
mps-uncap,1.0,46.24176025390625,13.912677764892578,29.288291931152344,54.96668815612793
