mode,load,0_efficientnet_b5-4,1_mobilenet_v2-32,2_resnet101-4,3_resnet152-32
mps-uncap,1.0,87.26503223023616,2193.2012332748814,135.9132035604419,584.4806561345938
