mode,load,0_mobilenet_v3_large-4,1_squeezenet1_0-32,2_vgg11-16
mps-uncap,1.0,19.840025901794434,14.762353897094727,9.6221923828125
