mode,load,0_densenet169-32,1_mobilenet_v2-32,2_mobilenet_v2-8,3_squeezenet1_1-32
mps-uncap,1.0,69.19732809066772,21.615946292877194,18.075485229492188,18.17418336868286
