mode,load,0_densenet169-32,1_mobilenet_v2-32,2_mobilenet_v2-8,3_squeezenet1_1-32
mps-uncap,1.0,70.46627998352051,25.35557746887207,23.076772689819336,22.637128829956055
