mode,load,0_efficientnet_b5-32,1_squeezenet1_0-16
mps-uncap,1.0,40.25602340698242,6.120085716247559
