mode,load,0_inception_v3-8,1_resnet18-4,2_resnet18-8
mps-uncap,1.0,9.489059448242188,2.193450927734375,2.4671554565429688
