mode,load,0_inception_v3-8,1_resnet18-4,2_resnet18-8
mps-uncap,1.0,842.7714914662434,1777.752519816901,3163.5754437149967
