mode,load,0_inception_v3-4,1_inception_v3-4,2_inception_v3-4,3_inception_v3-4
mig,1.0,6.556034088134766,6.621599197387695,6.597280502319336,10.698795318603516
