mode,load,0_densenet121-4,1_densenet201-16,2_mobilenet_v2-32,3_vgg11-32
mps-uncap,1.0,78.19771766662598,145.904541015625,34.42668914794922,21.032333374023438
