mode,load,0_densenet121-4,1_densenet201-16,2_mobilenet_v2-32,3_vgg11-32
mps-uncap,1.0,76.65848731994629,142.24943161010742,32.83659219741821,19.783358573913574
