mode,load,0_alexnet-2,1_resnet152-32
mps-uncap,1.0,3.5719871520996094,31.105339527130127
