mode,load,0_alexnet-2,1_resnet152-32
mps-uncap,1.0,1.3103485107421875,30.652761459350586
