mode,load,0_densenet121-32,1_mobilenet_v2-32,2_resnet152-8,3_squeezenet1_1-4
mps-uncap,1.0,36.22889518737793,14.672279357910156,40.44747352600098,9.69648361206055
