mode,load,0_inception_v3-32,1_mobilenet_v2-32,2_resnet18-8,3_resnet50-32
mps-uncap,1.0,42.16647148132324,16.01386070251465,10.134696960449219,23.64802360534668
