mode,load,0_densenet121-16,1_vgg11-2,2_vgg19-8
mps-uncap,1.0,42.8783655166626,7.120676040649413,11.078855991363525
