mode,load,0_efficientnet_b5-2,1_resnet101-2,2_vgg16-4
mps-uncap,1.0,18.82481575012207,13.758420944213867,5.272388458251953
