mode,load,0_efficientnet_b5-2,1_resnet101-2,2_vgg16-4
mps-uncap,1.0,16.640090942382812,11.64865493774414,4.263877868652344
