mode,load,0_resnet34-2,1_resnet34-2
mig,1.0,1.9886493682861328,2.4526119232177734
