mode,load,0_efficientnet_b7-32,1_vgg19-32
mps-uncap,1.0,170.17722129821777,23.714780807495117
