mode,load,0_squeezenet1_1-4,1_vgg11-32
mps-uncap,1.0,9.305086135864258,11.014838218688965
