mode,load,0_vgg11-2,1_vgg13-32
mps-uncap,1.0,14.587631225585938,17.33588695526123
