mode,load,0_mobilenet_v3_small-16,1_resnet101-8,2_vgg13-4
mps-uncap,1.0,2735.4419369041702,473.44955714208896,1002.8318522669509
