mode,load,0_mobilenet_v2-32,1_resnet152-32,2_resnet50-8,3_squeezenet1_0-2
mps-uncap,1.0,15.880918502807615,53.04751396179199,20.095348358154297,8.82573127746582
