mode,load,0_inception_v3-16,1_resnet152-4,2_vgg13-4
mps-uncap,1.0,19.757986068725586,24.423599243164062,5.64122200012207
