mode,load,0_densenet121-16,1_efficientnet_b6-4,2_resnet152-4
mps-uncap,1.0,14.368057250976562,19.380569458007812,15.738248825073242
