mode,load,0_densenet121-16,1_efficientnet_b6-4,2_resnet152-4
mps-uncap,1.0,15.009355545043945,22.092475891113285,17.892355918884277
