mode,load,0_densenet121-16,1_efficientnet_b6-4,2_resnet152-4
mps-uncap,1.0,16.591787338256836,22.6137638092041,18.58353614807129
