mode,load,0_resnet50-8,1_squeezenet1_0-8
mps-uncap,1.0,6.64830207824707,3.1450891494750977
