mode,load,0_densenet121-4,1_squeezenet1_0-8,2_vgg11-2
mps-uncap,1.0,14.787695407867432,3.971734046936036,2.902088165283202
