mode,load,0_resnet34-4,1_vgg16-4
mps-uncap,1.0,6.010961532592775,4.121084213256836
