mode,load,0_densenet169-2,1_inception_v3-32,2_squeezenet1_0-4
mps-uncap,1.0,20.5991268157959,15.86294174194336,6.091594696044922
