mode,load,0_alexnet-2,1_mobilenet_v2-32,2_mobilenet_v2-32,3_mobilenet_v3_large-16
mps-uncap,1.0,2.0695924758911133,15.306711196899414,15.306711196899414,13.33463191986084
