mode,load,0_efficientnet_b6-2,1_vgg19-32
mps-uncap,1.0,65.06816625595093,22.830724716186523
