mode,load,0_resnet101-4,1_resnet101-8
mps-uncap,1.0,7.652878761291504,8.78894329071045
