mode,load,0_densenet161-8,1_resnet18-4,2_resnet50-2
mps-uncap,1.0,19.56484079360962,4.178047180175781,6.547520160675049
mig,1.0,20.889759063720703,3.23113203048706,5.28794288635254
