mode,load,0_densenet161-8,1_resnet18-4,2_resnet50-2
mps-uncap,1.0,31.507253646850586,14.602422714233398,14.583349227905273
mig,1.0,34.325599670410156,16.30711555480957,18.73040199279785
