mode,load,0_resnet101-32,1_vgg13-32
mps-uncap,1.0,90.75167179107666,20.606613159179688
