mode,load,0_densenet121-4,1_vgg13-4
mps-uncap,1.0,13.328409194946289,3.223896026611328
