mode,load,0_densenet161-8,1_mobilenet_v2-32,2_resnet18-8,3_resnet34-32
mps-uncap,1.0,22.70960807800293,9.496212005615234,4.140615463256836,10.05697250366211
