mode,load,0_densenet161-8,1_mobilenet_v2-32,2_resnet18-8,3_resnet34-32
mps-uncap,1.0,46.949148178100586,12.283563613891602,7.513880729675293,15.106201171875
