mode,load,0_densenet161-8,1_mobilenet_v2-32,2_resnet18-8,3_resnet34-32
mps-uncap,1.0,48.33722114562988,13.624048233032227,9.70308780670166,16.586899757385254
