mode,load,0_densenet169-32,1_efficientnet_b7-4,2_mobilenet_v2-32,3_resnet50-4
mps-uncap,1.0,34.19780731201172,37.70112991333008,10.074615478515625,6.676435470581055
