mode,load,0_mobilenet_v3_large-4,1_squeezenet1_0-2
mps-uncap,1.0,2.8417110443115234,1.1377334594726562
