mode,load,0_inception_v3-2,1_resnet18-4,2_squeezenet1_0-4
mps-uncap,1.0,7.113218307495117,1.8093585968017578,1.9474029541015625
