mode,load,0_inception_v3-2,1_resnet18-4,2_squeezenet1_0-4
mps-uncap,1.0,5.079507827758789,1.4200210571289062,1.642465591430664
