mode,load,0_densenet161-2,1_densenet201-2,2_vgg13-8
mps-uncap,1.0,30.408263206481934,39.097023010253906,5.2941083908081055
