mode,load,0_mobilenet_v2-32,1_mobilenet_v3_large-8,2_resnet18-16,3_resnet34-32
mps-uncap,1.0,13.463602066040039,14.576675891876219,10.69352865219116,17.441606521606445
