mode,load,0_mobilenet_v2-32,1_mobilenet_v3_large-8,2_resnet18-16,3_resnet34-32
mps-uncap,1.0,2584.951214796421,646.2251269516921,1964.1388783741068,2096.048027458853
