mode,load,0_efficientnet_b5-2,1_resnet50-32
mps-uncap,1.0,96.90380384105806,2577.619926148581
