mode,load,0_densenet169-16,1_efficientnet_b5-2,2_mobilenet_v2-32,3_resnet34-32
mps-uncap,1.0,50.47750473022461,43.08915138244629,15.538454055786133,18.992185592651367
