mode,load,0_densenet121-32,1_squeezenet1_0-16,2_squeezenet1_1-4
mps-uncap,1.0,29.443836212158203,9.595632553100586,8.972673416137694
