mode,load,0_densenet121-8,1_densenet201-8,2_mobilenet_v2-32,3_resnet18-32
mps-uncap,1.0,35.36665439605713,57.6138973236084,14.28656578063965,12.152433395385742
