mode,load,0_densenet121-8,1_densenet201-8,2_mobilenet_v2-32,3_resnet18-32
mps-uncap,1.0,250.96553797853423,148.1433510077901,2493.0375452786384,3120.1392970472775
