mode,load,0_densenet201-16,1_resnet152-4
mps-uncap,1.0,22.592782974243164,13.48733901977539
