mode,load,0_mobilenet_v2-32,1_mobilenet_v3_small-32,2_squeezenet1_1-2,3_vgg13-32
mps-uncap,1.0,28.030872344970703,28.0609130859375,15.145540237426758,21.8198299407959
