mode,load,0_mobilenet_v2-32,1_mobilenet_v3_small-32,2_squeezenet1_1-2,3_vgg13-32
mps-uncap,1.0,38.610219955444336,39.01076316833496,23.36430549621582,36.91911697387695
