mode,load,0_efficientnet_b5-4,1_mobilenet_v3_large-32
mps-uncap,1.0,15.80784797668457,6.287107467651367
