mode,load,0_mobilenet_v3_large-32,1_vgg11-4
mps-uncap,1.0,9.112358093261719,5.060672760009766
