mode,load,0_mobilenet_v3_large-32,1_vgg11-4
mps-uncap,1.0,8.955883979797363,4.719631671905517
