mode,load,0_inception_v3-2,1_vgg19-32
mps-uncap,1.0,38.46653938293458,22.766313552856445
