mode,load,0_efficientnet_b5-2,1_mobilenet_v2-32,2_vgg11-16,3_vgg11-32
mps-uncap,1.0,157.1352481842041,46.752214431762695,19.34671401977539,21.111249923706055
