mode,load,0_efficientnet_b5-4,1_mobilenet_v2-16
mps-uncap,1.0,13.862860202789307,4.218549728393554
