mode,load,0_densenet201-4,1_efficientnet_b5-2,2_inception_v3-4
mps-uncap,1.0,0.000476837158203125,0.000476837158203125,0.000476837158203125
