mode,load,0_densenet161-16,1_efficientnet_b7-16,2_mobilenet_v2-32
mps-uncap,1.0,34.93690490722656,53.285837173461914,9.151220321655273
