mode,load,0_densenet161-16,1_efficientnet_b7-16,2_mobilenet_v2-32
mps-uncap,1.0,277.51829366439233,266.03812080500126,2499.9378258637757
