mode,load,0_densenet169-32,1_mobilenet_v2-32,2_resnet101-8,3_resnet34-4
mps-uncap,1.0,56.920433044433594,18.35565567016602,32.98783302307129,16.474080085754395
