mode,load,0_efficientnet_b5-8,1_mobilenet_v2-32,2_resnet101-32,3_resnet101-32
mps-uncap,1.0,74.93102550506592,25.358819961547848,58.61501693725586,58.53691101074219
