mode,load,0_alexnet-16,1_densenet169-2,2_densenet201-32,3_mobilenet_v2-32
mps-uncap,1.0,8.385591506958015,53.61248016357422,73.91072511672974,20.02027988433838
