mode,load,0_mobilenet_v3_small-2,1_resnet18-32,2_vgg11-8
mps-uncap,1.0,2.368927001953125,7.657527923583984,3.986358642578125
