mode,load,0_mobilenet_v3_small-2,1_resnet18-32,2_vgg11-8
mps-uncap,1.0,0.0002384185791015625,0.0002384185791015625,0.0002384185791015625
