mode,load,0_mobilenet_v3_small-2,1_resnet18-32,2_vgg11-8
mps-uncap,1.0,9.320125579833984,9.929237365722656,6.247034072875977
