mode,load,0_mobilenet_v3_small-2,1_resnet18-32,2_vgg11-8
mps-uncap,1.0,268.8427655789654,3417.792152578161,1669.4361394545626
