mode,load,0_densenet169-4,1_mobilenet_v2-32,2_resnet50-32,3_vgg11-32
mps-uncap,1.0,150.45952796936035,38.327693939208984,55.26280403137207,19.49906349182129
