mode,load,0_alexnet-16,1_efficientnet_b6-32,2_resnet152-8
mps-uncap,1.0,6.527423858642578,57.18231201171875,51.70249938964844
