mode,load,0_efficientnet_b5-32,1_resnet101-2,2_resnet34-4
mps-uncap,1.0,35.263776779174805,26.25560760498047,16.095876693725586
