mode,load,0_densenet169-32,1_efficientnet_b5-32,2_inception_v3-4,3_mobilenet_v2-32
mps-uncap,1.0,77.11119174957274,61.917734146118164,41.139607429504395,23.920536041259766
