mode,load,0_densenet121-16,1_efficientnet_b6-4,2_mobilenet_v2-32,3_vgg11-32
mps-uncap,1.0,203.1700407416023,39.01547395791114,1235.2105470708336,2322.471314661476
