mode,load,0_alexnet-16,1_alexnet-2,2_vgg11-16
mps-uncap,1.0,5.621910095214844,5.221366882324219,7.499217987060547
