mode,load,0_alexnet-16,1_alexnet-2,2_vgg11-16
mps-uncap,1.0,6.277322769165039,6.303071975708008,8.907079696655273
