mode,load,0_alexnet-16,1_alexnet-2,2_vgg11-16
mps-uncap,1.0,2.8378963470458984,0.7481575012207031,6.454229354858398
