mode,load,0_resnet18-16,1_vgg16-8
mps-uncap,1.0,7.047116756439209,6.99228048324585
