mode,load,0_densenet201-8,1_mobilenet_v2-32,2_mobilenet_v3_small-2,3_resnet34-32
mps-uncap,1.0,43.17760467529297,6.949424743652344,3.033876419067383,11.649131774902344
