mode,load,0_densenet201-8,1_mobilenet_v2-32,2_mobilenet_v3_small-2,3_resnet34-32
mps-uncap,1.0,43.17784309387207,6.949663162231445,3.0341148376464844,11.649370193481445
