mode,load,0_mobilenet_v2-8,1_resnet18-8,2_vgg16-16
mps-uncap,1.0,14.766976833343506,11.610794067382812,12.136354446411133
