mode,load,0_mobilenet_v2-8,1_resnet18-8,2_vgg16-16
mps-uncap,1.0,0.0002384185791015625,0.0002384185791015625,0.0002384185791015625
