mode,load,0_mobilenet_v2-8,1_resnet18-8,2_vgg16-16
mps-uncap,1.0,12.255430221557617,10.097265243530273,11.665821075439453
