mode,load,0_mobilenet_v3_small-8,1_resnet50-8
mps-uncap,1.0,2.8714418411254883,4.691367149353027
