mode,load,0_efficientnet_b6-8,1_mobilenet_v3_small-4
mps-uncap,1.0,0.000476837158203125,0.0054836273193359375
