mode,load,0_efficientnet_b6-8,1_mobilenet_v3_small-4
mps-uncap,1.0,13.005380630493166,3.480286598205567
