mode,load,0_mobilenet_v2-16,1_mobilenet_v2-32,2_mobilenet_v3_large-2,3_resnet152-32
mps-uncap,1.0,22.51267433166504,24.871349334716797,21.60191535949707,61.78474426269531
