mode,load,0_densenet201-2,1_efficientnet_b7-32,2_mobilenet_v3_large-2
mps-uncap,1.0,25.20585060119629,52.25348472595215,4.281044006347656
