mode,load,0_densenet201-2,1_efficientnet_b7-32,2_mobilenet_v3_large-2
mps-uncap,1.0,38.67459297180176,52.85370349884033,6.861686706542969
