mode,load,0_resnet152-16,1_vgg13-4
mps-uncap,1.0,29.84147071838379,5.04612922668457
