mode,load,0_densenet121-4,1_inception_v3-8,2_resnet101-8
mps-uncap,1.0,10.260343551635742,8.53276252746582,10.241031646728516
