mode,load,0_densenet121-4,1_inception_v3-8,2_resnet101-8
mps-uncap,1.0,388.3989809784819,951.5815035854254,778.6277052634092
