mode,load,0_densenet169-32,1_inception_v3-8,2_squeezenet1_0-8
mps-uncap,1.0,34.752259254455566,18.38080406188965,8.67347240447998
