mode,load,0_densenet161-4,1_mobilenet_v2-2,2_mobilenet_v2-32,3_mobilenet_v2-32
mps-uncap,1.0,39.411306381225586,13.33308219909668,16.563892364501953,16.349315643310547
