mode,load,0_densenet201-2,1_inception_v3-32
mps-uncap,1.0,16.715984344482422,11.426970958709717
