mode,load,0_alexnet-2,1_resnet18-2,2_vgg16-32
mps-uncap,1.0,0.6937980651855469,1.9698143005371094,19.236326217651367
