mode,load,0_alexnet-2,1_resnet18-2,2_vgg16-32
mps-uncap,1.0,0.000476837158203125,0.000476837158203125,0.000476837158203125
