mode,load,0_densenet169-8,1_densenet201-32,2_inception_v3-2,3_mobilenet_v2-32
mps-uncap,1.0,25.08378028869629,42.57082939147949,13.614177703857422,7.986307144165039
