mode,load,0_densenet169-8,1_densenet201-32,2_inception_v3-2,3_mobilenet_v2-32
mps-uncap,1.0,43.678131103515625,58.66384983062744,24.32035446166992,14.753212928771973
