mode,load,0_efficientnet_b6-4,1_mobilenet_v2-32,2_resnet152-32,3_resnet50-8
mps-uncap,1.0,72.31284865382973,2297.853121059919,584.2422520110572,449.35020258093806
