mode,load,0_inception_v3-8,1_vgg11-32
mps-uncap,1.0,27.147889137268066,10.885477066040039
