mode,load,0_efficientnet_b7-2,1_efficientnet_b7-2,2_resnet18-4
mps-uncap,1.0,18.886804580688477,18.12148094177246,3.090381622314453
