mode,load,0_densenet161-32,1_efficientnet_b5-2,2_mobilenet_v2-32,3_vgg19-16
mps-uncap,1.0,122.9393482208252,86.72165870666504,24.41704273223877,17.964839935302734
