mode,load,0_densenet161-32,1_efficientnet_b5-2,2_mobilenet_v2-32,3_vgg19-16
mps-uncap,1.0,125.58422088623047,91.32037162780762,29.97291088104248,21.865081787109375
