mode,load,0_densenet169-32,1_mobilenet_v2-32,2_mobilenet_v3_small-32,3_vgg13-2
mps-uncap,1.0,71.9306468963623,27.05979347229004,27.02927589416504,18.713712692260742
