mode,load,0_efficientnet_b7-4,1_mobilenet_v2-32,2_resnet18-32,3_vgg13-8
mps-uncap,1.0,99.61724281311035,19.608736038208008,14.40739631652832,8.629083633422852
