mode,load,0_efficientnet_b7-4,1_mobilenet_v2-32,2_resnet18-32,3_vgg13-8
mps-uncap,1.0,105.34411907196046,21.764039993286133,16.464447975158688,11.535620689392088
