mode,load,0_efficientnet_b7-4,1_efficientnet_b7-4
mig,1.0,57.3124098777771,50.8635687828064
