mode,load,0_efficientnet_b7-4,1_efficientnet_b7-4
mig,1.0,57.463645935058594,51.06353759765625
