mode,load,0_densenet121-2,1_mobilenet_v2-8,2_vgg13-32
mps-uncap,1.0,48.54846000671387,16.15917682647705,16.5407657623291
