mode,load,0_densenet121-2,1_mobilenet_v2-8,2_vgg13-32
mps-uncap,1.0,57.79528617858887,17.04549789428711,17.113018035888672
