mode,load,0_densenet201-32,1_efficientnet_b6-16,2_mobilenet_v2-32,3_mobilenet_v3_small-8
mps-uncap,1.0,73.05669784545898,53.83098125457764,12.937426567077637,10.442256927490234
