mode,load,0_densenet201-2,1_efficientnet_b6-8
mps-uncap,1.0,16.094207763671875,15.58065414428711
