mode,load,0_alexnet-32,1_vgg13-2
mps-uncap,1.0,2.875089645385742,2.874612808227539
