mode,load,0_densenet121-4,1_mobilenet_v2-32,2_resnet50-32,3_vgg11-16
mps-uncap,1.0,79.15992736816406,30.23920059204102,42.99411773681641,13.449907302856445
