mode,load,0_densenet121-4,1_mobilenet_v2-32,2_resnet50-32,3_vgg11-16
mps-uncap,1.0,82.54599571228027,33.61654281616211,45.8979606628418,17.514944076538086
