mode,load,0_densenet121-4,1_mobilenet_v2-32,2_resnet50-32,3_vgg11-16
mps-uncap,1.0,79.16021347045898,30.239295959472656,42.99454689025879,13.450145721435547
