mode,load,0_resnet101-4,1_resnet18-8
mps-uncap,1.0,7.220118045806886,2.374799251556397
