mode,load,0_efficientnet_b6-8,1_mobilenet_v2-32,2_mobilenet_v2-32,3_vgg16-2
mps-uncap,1.0,44.87252235412598,12.956380844116211,13.125896453857422,3.910064697265625
