mode,load,0_inception_v3-4,1_vgg19-16
mps-uncap,1.0,18.513202667236328,11.163949966430664
