mode,load,0_densenet169-2,1_efficientnet_b7-4,2_resnet34-32
mps-uncap,1.0,14.300107955932617,26.23438835144043,7.723808288574219
