mode,load,0_mobilenet_v2-32,1_mobilenet_v2-8,2_resnet101-16
mps-uncap,1.0,8.453845977783203,4.218101501464844,15.391826629638672
