mode,load,0_densenet161-32,1_efficientnet_b6-2,2_mobilenet_v2-32,3_resnet101-32
mps-uncap,1.0,0.0007152557373046875,0.008344650268554688,0.0007152557373046875,0.0007152557373046875
