mode,load,0_densenet121-4,1_efficientnet_b6-16,2_mobilenet_v2-32,3_resnet34-32
mps-uncap,1.0,38.315534591674805,58.654069900512695,14.99319076538086,18.216609954833984
