mode,load,0_densenet121-4,1_efficientnet_b6-16,2_mobilenet_v2-32,3_resnet34-32
mps-uncap,1.0,104.89497755485829,273.38096386398433,2057.2380330772526,1680.0650475810594
