mode,load,0_efficientnet_b6-32,1_efficientnet_b7-2,2_mobilenet_v2-32,3_resnet34-32
mps-uncap,1.0,91.62402153015137,92.83447265625,30.054330825805664,35.591840744018555
