mode,load,0_densenet169-4,1_mobilenet_v2-32,2_resnet101-32,3_resnet18-4
mps-uncap,1.0,56.88302516937255,18.829071521759033,39.60766553878784,13.551769256591795
