mode,load,0_mobilenet_v3_large-2,1_resnet152-4,2_vgg19-2
mps-uncap,1.0,3.2396316528320312,14.531373977661133,3.2536983489990234
