mode,load,0_mobilenet_v3_large-2,1_resnet152-4,2_vgg19-2
mps-uncap,1.0,3.860485553741454,15.817985534667969,3.619384765625
