mode,load,0_densenet169-2,1_squeezenet1_0-32
mps-uncap,1.0,18.047571182250977,5.694389343261719
