mode,load,0_densenet169-2,1_squeezenet1_0-32
mps-uncap,1.0,21.592307090759277,6.018400192260742
