mode,load,0_densenet121-16,1_efficientnet_b7-32,2_mobilenet_v2-32,3_resnet152-32
mps-uncap,1.0,70.43266296386719,118.09029579162598,26.092171669006348,86.32874488830566
