mode,load,0_efficientnet_b5-16,1_resnet34-2
mps-uncap,1.0,17.317771911621094,3.4742355346679688
