mode,load,0_efficientnet_b5-4,1_mobilenet_v2-2,2_resnet152-8
mps-uncap,1.0,346.3822209322837,789.4617914005706,567.6193877687016
