mode,load,0_efficientnet_b7-8,1_resnet34-32
mps-uncap,1.0,32.233572006225586,10.770821571350098
