mode,load,0_alexnet-2,1_densenet161-4,2_mobilenet_v2-32,3_vgg11-32
mps-uncap,1.0,9.584975242614746,104.88379001617432,26.244020462036133,14.667034149169922
