mode,load,0_mobilenet_v3_small-8,1_resnet18-2
mps-uncap,1.0,2.3229122161865234,1.115560531616211
