mode,load,0_densenet201-8,1_mobilenet_v3_small-16,2_squeezenet1_0-2
mps-uncap,1.0,18.76974105834961,4.1103363037109375,2.995729446411133
