mode,load,0_efficientnet_b6-8,1_resnet101-2,2_vgg11-8
mps-uncap,1.0,41.89073085784912,23.51802110671997,5.109825134277344
