mode,load,0_densenet201-8,1_inception_v3-32,2_mobilenet_v2-32,3_mobilenet_v3_large-2
mps-uncap,1.0,42.73405075073242,25.09593963623047,11.107826232910156,10.330605506896973
