mode,load,0_efficientnet_b6-4,1_inception_v3-8,2_mobilenet_v2-32,3_resnet34-32
mps-uncap,1.0,42.519330978393555,24.870634078979492,12.93635368347168,15.271663665771484
