mode,load,0_mobilenet_v3_large-16,1_resnet101-2
mps-uncap,1.0,3.275632858276367,6.554365158081055
