mode,load,0_densenet121-8,1_densenet169-16,2_vgg16-32
mps-uncap,1.0,64.09592628479004,104.08740043640137,21.956944465637207
