mode,load,0_densenet121-8,1_densenet169-16,2_vgg16-32
mps-uncap,1.0,61.460256576538086,101.06754302978516,20.653843879699707
