mode,load,0_mobilenet_v3_small-32,1_squeezenet1_1-4
mps-uncap,1.0,4.455804824829102,3.2758712768554688
