mode,load,0_alexnet-2,1_vgg19-32
mps-uncap,1.0,0.6175041198730469,21.00396156311035
