mode,load,0_densenet201-32,1_mobilenet_v2-32,2_mobilenet_v3_large-2,3_resnet152-4
mps-uncap,1.0,62.73698806762695,17.58213996887207,15.983903408050535,37.78268814086914
