mode,load,0_resnet152-16,1_vgg13-16
mps-uncap,1.0,65.57035446166992,9.427309036254883
