mode,load,0_resnet152-16,1_vgg13-16
mps-uncap,1.0,67.60463237762451,10.879402160644533
