mode,load,0_densenet121-32,1_mobilenet_v2-32,2_mobilenet_v3_large-8,3_resnet18-8
mps-uncap,1.0,41.96076393127441,19.283647537231445,18.45055103302002,14.366960525512692
