mode,load,0_mobilenet_v3_small-4,1_resnet152-4,2_squeezenet1_0-4
mps-uncap,1.0,1588.759582283463,371.9329512568787,2388.3547502196293
