mode,load,0_densenet121-8,1_mobilenet_v2-32,2_resnet101-16,3_resnet50-32
mps-uncap,1.0,50.4460334777832,18.47672462463379,44.01755332946777,26.950359344482422
