mode,load,0_resnet152-4,1_resnet18-32,2_squeezenet1_0-16
mps-uncap,1.0,33.473968505859375,8.959531784057617,7.79414176940918
