mode,load,0_densenet161-2,1_resnet101-4,2_squeezenet1_1-2
mps-uncap,1.0,9.882450103759766,5.980968475341797,1.094818115234375
