mode,load,0_densenet201-4,1_efficientnet_b6-8
mps-uncap,1.0,15.011310577392578,13.227462768554688
