mode,load,0_densenet169-4,1_resnet34-32
mps-uncap,1.0,14.919519424438477,7.073760032653809
