mode,load,0_mobilenet_v3_small-16,1_mobilenet_v3_small-32,2_vgg13-8
mps-uncap,1.0,10.024785995483398,10.198020935058594,5.907535552978516
