mode,load,0_densenet121-2,1_efficientnet_b6-4,2_resnet50-2
mps-uncap,1.0,0.0002384185791015625,0.0002384185791015625,0.0002384185791015625
