mode,load,0_densenet121-2,1_efficientnet_b6-4,2_resnet50-2
mps-uncap,1.0,259.91986907906534,332.46861922748775,555.2010926094871
