mode,load,0_inception_v3-2,1_squeezenet1_0-32
mps-uncap,1.0,11.952042579650879,5.975246429443359
