mode,load,0_resnet101-16,1_resnet18-16,2_vgg11-16
mps-uncap,1.0,44.0671443939209,12.441277503967285,8.873701095581055
mig,1.0,22.79829978942871,7.80797004699707,20.731687545776367
