mode,load,0_efficientnet_b7-2,1_resnet50-8,2_vgg19-8
mps-uncap,1.0,49.84891414642334,13.74351978302002,8.220434188842773
