mode,load,0_mobilenet_v2-16,1_mobilenet_v2-32,2_mobilenet_v2-32,3_resnet101-2
mps-uncap,1.0,11.187314987182617,12.742996215820312,12.768030166625977,25.078773498535156
