mode,load,0_mobilenet_v2-16,1_mobilenet_v2-32,2_mobilenet_v2-32,3_resnet101-2
mps-uncap,1.0,12.253522872924805,13.259410858154297,13.059377670288086,26.407551765441895
