mode,load,0_squeezenet1_1-4,1_vgg16-2
mps-uncap,1.0,1.2478828430175781,2.1865367889404297
