mode,load,0_efficientnet_b6-2,1_mobilenet_v3_large-16,2_vgg16-16
mps-uncap,1.0,52.8104305267334,14.791488647460938,11.2457275390625
