mode,load,0_alexnet-2,1_efficientnet_b6-2
mps-uncap,1.0,0.7538795471191406,12.358226776123045
