mode,load,0_alexnet-2,1_efficientnet_b6-2
mps-uncap,1.0,0.7088184356689453,12.02540397644043
