mode,load,0_efficientnet_b6-8,1_resnet101-16,2_resnet50-8
mps-uncap,1.0,0.0002384185791015625,0.0002384185791015625,0.0002384185791015625
