mode,load,0_efficientnet_b6-8,1_resnet101-16,2_resnet50-8
mps-uncap,1.0,34.14607048034668,22.652387619018555,13.206005096435547
