mode,load,0_densenet161-4,1_mobilenet_v2-32,2_mobilenet_v3_small-2,3_resnet18-32
mps-uncap,1.0,39.537906646728516,10.273218154907227,8.045196533203125,8.172750473022461
