mode,load,0_densenet121-4,1_mobilenet_v2-32,2_squeezenet1_0-4,3_vgg19-32
mps-uncap,1.0,89.22433853149414,32.74941444396973,28.299570083618164,32.27519989013672
