mode,load,0_densenet161-4,1_mobilenet_v2-16,2_mobilenet_v2-32,3_mobilenet_v2-32
mps-uncap,1.0,45.130133628845215,11.339187622070312,16.07489585876465,16.06917381286621
