mode,load,0_densenet161-4,1_mobilenet_v2-16,2_mobilenet_v2-32,3_mobilenet_v2-32
mps-uncap,1.0,45.130372047424316,11.339664459228516,16.07513427734375,16.069412231445312
