mode,load,0_densenet161-4,1_mobilenet_v2-16,2_mobilenet_v2-32,3_mobilenet_v2-32
mps-uncap,1.0,91.16289689828136,1491.1559516747982,1980.7320148470549,1980.7311179131948
