mode,load,0_densenet169-2,1_resnet50-4
mps-uncap,1.0,11.52348518371582,4.325151443481445
