mode,load,0_densenet169-2,1_resnet50-4
mps-uncap,1.0,10.125994682312012,2.989530563354492
