mode,load,0_densenet169-2,1_resnet50-4
mps-uncap,1.0,11.523723602294922,4.325151443481445
