mode,load,0_densenet201-2,1_squeezenet1_0-2,2_vgg13-2
mps-uncap,1.0,18.7593936920166,2.4657249450683594,2.2063255310058594
