mode,load,0_squeezenet1_0-2,1_vgg13-4
mps-uncap,1.0,2.8119564056396484,3.1898021697998047
