mode,load,0_squeezenet1_0-2,1_vgg13-4
mps-uncap,1.0,2.8121471405029297,3.1900167465209965
