mode,load,0_efficientnet_b5-2,1_mobilenet_v2-32,2_mobilenet_v2-32,3_resnet50-16
mps-uncap,1.0,40.2679443359375,17.558574676513672,17.53997802734375,17.586231231689453
