mode,load,0_efficientnet_b5-2,1_mobilenet_v2-32,2_mobilenet_v2-32,3_resnet50-16
mps-uncap,1.0,44.89169120788574,17.95477867126465,17.942333221435547,17.94896125793457
