mode,load,0_mobilenet_v2-32,1_mobilenet_v3_small-16,2_mobilenet_v3_small-4,3_resnet152-32
mps-uncap,1.0,10.979771614074707,9.413361549377441,8.490443229675293,45.902252197265625
