mode,load,0_densenet201-32,1_mobilenet_v2-32,2_resnet101-2,3_resnet101-4
mps-uncap,1.0,57.837724685668945,10.587096214294434,21.74675464630127,22.144794464111328
