mode,load,0_efficientnet_b5-2,1_squeezenet1_0-4
mps-uncap,1.0,9.989404678344727,1.4867782592773438
