mode,load,0_densenet169-16,1_efficientnet_b7-16,2_vgg19-4
mps-uncap,1.0,48.05824279785156,59.48616981506348,11.828289031982418
