mode,load,0_densenet169-16,1_efficientnet_b7-16,2_vgg19-4
mps-uncap,1.0,45.44353485107422,55.91559410095215,7.770061492919922
