mode,load,0_mobilenet_v3_large-8,1_squeezenet1_1-16,2_vgg13-32
mps-uncap,1.0,30.79983711242675,17.414321899414062,17.847390174865723
