mode,load,0_densenet169-8,1_mobilenet_v3_small-8,2_vgg13-32
mps-uncap,1.0,24.662256240844727,5.7926177978515625,15.545845031738281
