mode,load,0_mobilenet_v2-32,1_resnet101-16,2_squeezenet1_1-8,3_vgg11-32
mps-uncap,1.0,30.24768829345703,77.10933685302734,19.042587280273438,15.509939193725586
