mode,load,0_densenet121-32,1_densenet169-4
mps-uncap,1.0,17.86089897155762,18.066680431365967
