mode,load,0_densenet201-8,1_mobilenet_v2-32,2_resnet152-32,3_resnet50-8
mps-uncap,1.0,76.09333992004395,18.992042541503906,61.50522232055664,23.149704933166504
