mode,load,0_densenet121-32,1_mobilenet_v2-32,2_mobilenet_v3_small-32,3_resnet50-32
mps-uncap,1.0,57.23567008972168,20.875930786132812,20.856809616088867,28.406143188476562
