mode,load,0_densenet121-4,1_densenet169-32,2_mobilenet_v2-32,3_vgg11-32
mps-uncap,1.0,92.53811836242676,144.29783821105957,39.75176811218262,25.306224822998047
