mode,load,0_mobilenet_v2-32,1_resnet34-4,2_resnet50-32,3_vgg16-16
mps-uncap,1.0,34.626102447509766,36.05246543884277,49.159455299377434,21.279573440551758
