mode,load,0_resnet34-16,1_vgg16-2,2_vgg16-8
mps-uncap,1.0,16.85953140258789,7.747888565063477,7.890224456787109
