mode,load,0_densenet201-2,1_resnet152-16
mps-uncap,1.0,14.67442512512207,15.12002944946289
