mode,load,0_inception_v3-16,1_mobilenet_v2-32,2_resnet152-2,3_resnet50-32
mps-uncap,1.0,33.614397048950195,14.055371284484863,41.82267189025879,20.649433135986328
