mode,load,0_densenet161-16,1_densenet161-16,2_efficientnet_b5-2
mps-uncap,1.0,31.11100196838379,31.151533126831055,15.66171646118164
