mode,load,0_densenet161-16,1_densenet161-16,2_efficientnet_b5-2
mps-uncap,1.0,32.886600494384766,32.8610897064209,24.448108673095703
