mode,load,0_densenet169-16,1_mobilenet_v2-32,2_resnet34-32,3_squeezenet1_1-16
mps-uncap,1.0,289.56516811326225,2137.4816178077676,1763.9470358695564,1724.6362313645513
