mode,load,0_alexnet-16,1_mobilenet_v2-8
mps-uncap,1.0,1.9810199737548828,3.5812854766845703
