mode,load,0_vgg11-32,1_vgg16-4
mps-uncap,1.0,12.463092803955078,12.464523315429688
