mode,load,0_densenet121-8,1_inception_v3-32,2_mobilenet_v2-32,3_resnet101-8
mps-uncap,1.0,35.2836537361145,34.0267276763916,17.285895347595215,29.90894317626953
