mode,load,0_mobilenet_v2-32,1_resnet101-32,2_resnet152-8,3_resnet50-32
mps-uncap,1.0,25.920629501342773,60.81578731536865,79.9356460571289,35.31639575958252
