mode,load,0_efficientnet_b5-16,1_vgg11-16,2_vgg16-2
mps-uncap,1.0,67.60740280151367,9.339618682861328,10.409188270568848
