mode,load,0_efficientnet_b5-16,1_vgg11-16,2_vgg16-2
mps-uncap,1.0,242.38418582467236,1919.5898108879169,223.9848800986073
