mode,load,0_alexnet-32,1_densenet169-32,2_mobilenet_v2-2,3_mobilenet_v2-32
mps-uncap,1.0,4.076242446899414,57.3885440826416,8.935332298278809,11.9248628616333
