mode,load,0_alexnet-32,1_densenet169-32,2_mobilenet_v2-2,3_mobilenet_v2-32
mps-uncap,1.0,7.578508853912352,60.13308525085449,15.455238819122314,17.482523918151855
