mode,load,0_alexnet-32,1_densenet169-32,2_mobilenet_v2-2,3_mobilenet_v2-32
mps-uncap,1.0,5.655837059020995,59.14788246154785,12.3213529586792,16.235709190368652
