mode,load,0_densenet169-8,1_inception_v3-8
mps-uncap,1.0,10.144472122192383,5.646467208862305
