mode,load,0_densenet121-4,1_efficientnet_b5-16,2_vgg13-8
mps-uncap,1.0,35.645365715026855,43.791770935058594,6.314754486083984
