mode,load,0_densenet169-16,1_mobilenet_v2-32,2_resnet34-32,3_squeezenet1_0-2
mps-uncap,1.0,52.384257316589355,16.0825252532959,18.656492233276367,9.415769577026369
