mode,load,0_alexnet-32,1_vgg19-8
mps-uncap,1.0,4.386544227600098,8.439779281616211
