mode,load,0_mobilenet_v3_small-32,1_resnet101-2
mps-uncap,1.0,3.16619873046875,6.400585174560547
