mode,load,0_bert-16,1_densenet201-8,2_vgg11-4,3_vgg19-8
mps-uncap,1.0,0.000476837158203125,0.000476837158203125,0.000476837158203125,0.000476837158203125
