mode,load,0_alexnet-32,1_densenet121-32,2_mobilenet_v2-32,3_mobilenet_v3_large-2
mps-uncap,1.0,4.951596260070801,42.04392433166504,14.108061790466309,11.501431465148926
