mode,load,0_efficientnet_b5-16,1_resnet34-16,2_vgg13-16
mps-uncap,1.0,80.51614761352539,29.71833229064943,12.700080871582031
