mode,load,0_densenet201-4,1_squeezenet1_0-32
mps-uncap,1.0,145.7493236505013,5274.054197347889
