mode,load,0_densenet169-32,1_resnet101-16
mps-uncap,1.0,35.20345687866211,22.42732048034668
