mode,load,0_densenet121-2,1_efficientnet_b7-32,2_vgg11-2
mps-uncap,1.0,39.392709732055664,65.98830223083496,8.508920669555664
