mode,load,0_alexnet-4,1_densenet121-8
mps-uncap,1.0,4601.261603472711,917.3092044175136
