mode,load,0_densenet161-8,1_resnet101-32,2_resnet18-16
mps-uncap,1.0,0.0002384185791015625,0.0002384185791015625,0.0002384185791015625
