mode,load,0_densenet161-8,1_resnet101-32,2_resnet18-16
mps-uncap,1.0,0.000476837158203125,0.000476837158203125,0.000476837158203125
