mode,load,0_densenet161-32,1_resnet34-8
mps-uncap,1.0,39.383649826049805,14.459371566772461
