mode,load,0_mobilenet_v2-2,1_resnet101-16,2_vgg13-4
mps-uncap,1.0,6.7643165588378915,21.51191234588623,5.376291275024415
