mode,load,0_mobilenet_v2-2,1_resnet101-16,2_vgg13-4
mps-uncap,1.0,0.0002384185791015625,0.0002384185791015625,0.0002384185791015625
