mode,load,0_densenet169-16,1_vgg13-4
mps-uncap,1.0,25.95388889312744,3.309488296508789
