mode,load,0_mobilenet_v2-32,1_mobilenet_v3_small-16,2_resnet50-32,3_vgg13-4
mps-uncap,1.0,1892.4468929338573,1079.757893516353,1265.9077454741555,496.6793978303329
