mode,load,0_vgg19-4,1_densenet201-32,2_squeezenet1_1-8
mps-uncap,1.0,0.0002384185791015625,0.0002384185791015625,0.0002384185791015625
mig,1.0,0.0002384185791015625,0.0002384185791015625,0.0002384185791015625
