mode,load,0_mobilenet_v2-32,1_mobilenet_v2-8,2_resnet101-32,3_resnet34-4
mps-uncap,1.0,10.339736938476562,6.052970886230469,19.954442977905273,8.73708724975586
