mode,load,0_alexnet-8,1_resnet152-32,2_squeezenet1_0-2
mps-uncap,1.0,5.53131103515625,40.30323028564453,8.525609970092773
