mode,load,0_densenet161-2,1_mobilenet_v2-32,2_mobilenet_v3_large-8,3_resnet50-32
mps-uncap,1.0,50.8202075958252,14.997768402099611,15.347146987915039,21.120786666870117
