mode,load,0_densenet161-2,1_mobilenet_v2-32,2_mobilenet_v3_large-8,3_resnet50-32
mps-uncap,1.0,52.32756853103638,15.570671558380127,16.118946075439457,21.406238079071045
