mode,load,0_densenet161-2,1_mobilenet_v2-32,2_mobilenet_v3_large-8,3_resnet50-32
mps-uncap,1.0,47.445058822631836,13.566970825195312,14.072656631469727,20.19500732421875
