mode,load,0_mobilenet_v2-16,1_mobilenet_v2-32,2_mobilenet_v3_small-32,3_resnet34-32
mps-uncap,1.0,13.535082340240479,14.047689437866204,13.900566101074222,19.060373306274418
