mode,load,0_mobilenet_v2-16,1_mobilenet_v2-32,2_mobilenet_v3_small-32,3_resnet34-32
mps-uncap,1.0,12.616372108459473,13.539958000183105,13.424491882324219,17.818188667297363
