mode,load,0_densenet161-32,1_efficientnet_b6-2,2_mobilenet_v2-32,3_vgg11-16
mps-uncap,1.0,129.1513442993164,103.29651832580566,35.31241416931152,24.599790573120117
