mode,load,0_alexnet-32,1_efficientnet_b6-16,2_mobilenet_v3_large-4
mps-uncap,1.0,4.812717437744141,37.090301513671875,12.074947357177734
