mode,load,0_resnet101-2,1_resnet18-16,2_squeezenet1_0-8
mps-uncap,1.0,10.241866111755371,4.096031188964844,3.2911300659179688
