mode,load,0_resnet101-2,1_resnet18-16,2_squeezenet1_0-8
mps-uncap,1.0,194.4618410474981,3879.405261223514,2451.2895072024007
