mode,load,0_densenet169-2,1_vgg19-32
mps-uncap,1.0,48.156023025512695,21.990537643432617
