mode,load,0_efficientnet_b6-8,1_squeezenet1_0-8
mps-uncap,1.0,19.855737686157227,5.0830841064453125
