mode,load,0_densenet121-16,1_efficientnet_b6-32,2_resnet101-32
mps-uncap,1.0,49.5621919631958,72.8419303894043,47.36924171447754
