mode,load,0_densenet201-32,1_densenet201-32
mig,1.0,41.55693054199219,47.52397537231445
