mode,load,0_densenet201-32,1_densenet201-32
mig,1.0,272.46148566573123,326.25352209411847
