mode,load,0_densenet161-4,1_inception_v3-32,2_mobilenet_v2-32,3_vgg11-4
mps-uncap,1.0,59.39674377441406,43.080806732177734,22.02153205871582,13.604879379272461
