mode,load,0_densenet161-4,1_inception_v3-32,2_mobilenet_v2-32,3_vgg11-4
mps-uncap,1.0,49.96347427368164,34.75356101989746,13.767480850219727,5.250692367553711
