mode,load,0_densenet161-4,1_inception_v3-32,2_mobilenet_v2-32,3_vgg11-4
mps-uncap,1.0,59.396982192993164,43.080806732177734,22.021770477294922,13.605117797851562
