mode,load,0_mobilenet_v2-8,1_vgg16-2
mps-uncap,1.0,2375.983416441026,737.4448290551592
