mode,load,0_densenet121-8,1_mobilenet_v2-32,2_resnet101-32,3_squeezenet1_1-16
mps-uncap,1.0,39.492130279541016,13.636112213134766,37.92929649353027,8.866548538208008
