mode,load,0_densenet121-8,1_mobilenet_v2-32,2_resnet101-32,3_squeezenet1_1-16
mps-uncap,1.0,43.96820068359375,18.895626068115234,39.838552474975586,14.884233474731445
