mode,load,0_densenet161-32,1_mobilenet_v2-32,2_resnet18-2,3_squeezenet1_1-32
mps-uncap,1.0,70.79918384552002,18.578505516052246,10.77134609222412,14.873838424682617
