mode,load,0_mobilenet_v3_small-16,1_resnet152-2
mps-uncap,1.0,2.4810743331909184,8.139069080352781
