mode,load,0_mobilenet_v3_small-16,1_resnet152-2
mps-uncap,1.0,2.347707748413086,7.381439208984375
