mode,load,0_densenet121-8,1_inception_v3-16,2_resnet50-16
mps-uncap,1.0,20.011258125305176,18.283557891845703,10.746479034423828
