mode,load,0_densenet121-8,1_inception_v3-16,2_resnet50-16
mps-uncap,1.0,18.463134765625,15.092134475708008,8.260011672973633
