mode,load,0_densenet121-32,1_mobilenet_v3_large-16,2_vgg16-2
mps-uncap,1.0,30.485153198242188,11.363816261291504,7.375240325927734
