mode,load,0_densenet161-2,1_squeezenet1_1-8,2_vgg13-2
mps-uncap,1.0,21.695613861083984,4.367828369140625,3.7398338317871094
