mode,load,0_squeezenet1_0-2,1_squeezenet1_0-2
mig,1.0,1.4543533325195312,1.4374256134033203
