mode,load,0_squeezenet1_0-2,1_squeezenet1_0-2
mig,1.0,1.9710063934326172,1.8622875213623047
