mode,load,0_resnet101-4,1_resnet50-4
mps-uncap,1.0,6.927824020385742,4.05430793762207
