mode,load,0_mobilenet_v2-2,1_mobilenet_v2-8,2_resnet152-8
mps-uncap,1.0,3.5271644592285156,3.6902427673339844,15.7987117767334
