mode,load,0_densenet201-4,1_vgg13-8
mps-uncap,1.0,17.948150634765625,4.514217376708984
