mode,load,0_densenet201-4,1_vgg13-8
mps-uncap,1.0,37.3457670211792,5.103087425231934
