mode,load,0_squeezenet1_0-32,1_vgg13-2
mps-uncap,1.0,9.08517837524414,5.797386169433594
