mode,load,0_densenet121-32,1_densenet161-2,2_mobilenet_v2-32,3_resnet152-32
mps-uncap,1.0,55.55386543273926,64.63801860809326,21.586227416992188,68.95091533660889
