mode,load,0_densenet169-8,1_mobilenet_v2-32,2_resnet34-32,3_vgg13-4
mps-uncap,1.0,59.042930603027344,15.772151947021484,19.855785369873047,9.17673110961914
