mode,load,0_densenet169-8,1_mobilenet_v2-32,2_resnet34-32,3_vgg13-4
mps-uncap,1.0,64.05210494995117,17.226696014404297,21.782398223876953,11.616945266723633
