mode,load,0_densenet169-8,1_mobilenet_v2-32,2_resnet34-32,3_vgg13-4
mps-uncap,1.0,61.79370641708374,16.45362854003906,21.145963668823242,10.44018268585205
