mode,load,0_resnet34-32,1_densenet161-2,2_vgg16-2
mps-uncap,1.0,13.11207056045532,27.22651481628418,7.187426090240477
mig,1.0,16.555356979370117,17.62526512145996,7.131814956665039
