mode,load,0_resnet34-32,1_densenet161-2,2_vgg16-2
mps-uncap,1.0,11.972665786743164,24.15180206298828,4.248499870300293
mig,1.0,14.436483383178711,16.56174659729004,6.776094436645508
