mode,load,0_mobilenet_v2-8,1_vgg11-32
mps-uncap,1.0,10.68425178527832,10.687828063964844
