mode,load,0_resnet50-32,1_vgg11-4
mps-uncap,1.0,19.416093826293945,7.569313049316406
