mode,load,0_mobilenet_v2-2,1_mobilenet_v2-32,2_resnet18-32,3_resnet34-2
mps-uncap,1.0,10.332870483398438,12.785172462463377,11.398582458496094,12.107672691345213
