mode,load,0_mobilenet_v2-4,1_resnet152-16,2_vgg13-2
mps-uncap,1.0,7.02893018722534,27.47650146484375,4.851667881011963
