mode,load,0_mobilenet_v2-4,1_resnet152-16,2_vgg13-2
mps-uncap,1.0,782.4668624773462,611.1152662329775,611.8508181766355
