mode,load,0_densenet161-32,1_efficientnet_b6-32,2_mobilenet_v2-32,3_resnet50-2
mps-uncap,1.0,97.3062515258789,93.59598159790039,26.821160316467285,29.849886894226074
