mode,load,0_densenet161-32,1_vgg13-2
mps-uncap,1.0,726.0498515382952,544.8158737168992
