mode,load,0_densenet169-8,1_mobilenet_v2-32,2_resnet101-32,3_resnet50-16
mps-uncap,1.0,70.66965103149414,20.4470157623291,44.88563537597656,26.449203491210938
