mode,load,0_bert-16,1_resnet50-2,2_mobilenet_v3_small-2
mps-uncap,1.0,12.35055923461914,5.894899368286133,4.183530807495117
