mode,load,0_densenet161-32,1_squeezenet1_1-32
mps-uncap,1.0,49.13496971130371,12.739419937133789
