mode,load,0_mobilenet_v2-32,1_resnet18-4,2_resnet50-32,3_squeezenet1_0-2
mps-uncap,1.0,15.440046787261965,11.828804016113276,21.392416954040527,11.03259801864624
