mode,load,0_vgg13-4,1_vgg16-4
mps-uncap,1.0,4.795312881469727,5.903959274291992
