mode,load,0_vgg13-4,1_vgg16-4
mps-uncap,1.0,4.571437835693359,5.535125732421875
