mode,load,0_vgg13-4,1_vgg16-4
mps-uncap,1.0,3.4332275390625,4.841089248657227
