mode,load,0_densenet169-2,1_densenet169-2
mig,1.0,14.009952545166016,13.81993293762207
mps-uncap,1.0,11.384010314941406,10.983467102050781
