mode,load,0_densenet169-2,1_densenet169-2
mig,1.0,9.924650192260742,9.886503219604492
