mode,load,0_squeezenet1_0-32,1_squeezenet1_0-32,2_squeezenet1_0-32,3_squeezenet1_0-32
mig,1.0,18.47672462463379,18.501758575439453,18.524885177612305,35.80045700073242
