mode,load,0_squeezenet1_0-32,1_squeezenet1_0-32,2_squeezenet1_0-32,3_squeezenet1_0-32
mig,1.0,18.61739158630371,18.636703491210938,18.669843673706055,36.062002182006836
