mode,load,0_densenet201-8,1_mobilenet_v2-32,2_resnet152-32,3_resnet34-16
mps-uncap,1.0,67.38793849945068,13.278007507324219,54.956674575805664,15.859246253967285
