mode,load,0_densenet201-8,1_mobilenet_v2-32,2_resnet152-32,3_resnet34-16
mps-uncap,1.0,59.62681770324707,11.128902435302734,33.38503837585449,13.594865798950195
