mode,load,0_vgg13-16,1_vgg16-8
mps-uncap,1.0,15.465736389160156,14.114856719970703
