mode,load,0_densenet161-8,1_efficientnet_b5-8,2_inception_v3-32
mps-uncap,1.0,29.09235954284668,24.58643913269043,19.442319869995117
