mode,load,0_resnet50-16,1_vgg19-32
mps-uncap,1.0,41.11532926559448,26.158382892608643
