mode,load,0_resnet50-16,1_vgg19-32
mps-uncap,1.0,40.03019332885743,25.721311569213867
