mode,load,0_densenet121-2,1_resnet50-32
mps-uncap,1.0,18.27486276626587,12.38316297531128
