mode,load,0_densenet161-8,1_densenet201-16,2_mobilenet_v2-32
mps-uncap,1.0,36.67508602142334,47.188711166381836,12.181925773620605
