mode,load,0_mobilenet_v2-32,1_mobilenet_v2-32,2_resnet18-4,3_squeezenet1_1-4
mps-uncap,1.0,2277.268132457394,2277.272468526471,727.0156672727704,795.27104227891
