mode,load,0_densenet201-4,1_mobilenet_v2-4,2_mobilenet_v3_large-4
mps-uncap,1.0,12.47715950012207,2.2928714752197266,3.0541419982910156
