mode,load,0_densenet201-4,1_mobilenet_v2-4,2_mobilenet_v3_large-4
mps-uncap,1.0,319.52768915045414,1731.7212476119387,1303.6437886856947
