mode,load,0_efficientnet_b7-8,1_mobilenet_v2-4,2_resnet50-4
mps-uncap,1.0,25.23036003112793,4.405212402343751,7.493019104003906
