mode,load,0_inception_v3-16,1_inception_v3-16
mig,1.0,9.16290283203125,10.974645614624023
mps-uncap,1.0,8.839845657348633,8.950233459472656
