mode,load,0_inception_v3-16,1_inception_v3-16
mig,1.0,9.487771987915039,11.311213970184326
