mode,load,0_alexnet-8,1_densenet169-32,2_mobilenet_v2-32,3_squeezenet1_0-4
mps-uncap,1.0,7.965803146362305,57.991981506347656,16.68858528137207,13.081073760986328
