mode,load,0_alexnet-8,1_densenet169-32,2_mobilenet_v2-32,3_squeezenet1_0-4
mps-uncap,1.0,2.6106834411621094,54.95774745941162,11.459946632385254,6.205081939697266
