mode,load,0_mobilenet_v2-32,1_mobilenet_v3_large-16,2_resnet50-32,3_resnet50-32
mps-uncap,1.0,0.000476837158203125,0.000476837158203125,0.000476837158203125,0.000476837158203125
