mode,load,0_mobilenet_v2-32,1_mobilenet_v3_large-16,2_resnet50-32,3_resnet50-32
mps-uncap,1.0,9.889602661132812,12.017965316772461,27.551651000976562,28.053760528564453
