mode,load,0_efficientnet_b7-8,1_inception_v3-4,2_vgg19-2
mps-uncap,1.0,29.368162155151367,12.349843978881836,4.051923751831055
