mode,load,0_efficientnet_b7-8,1_inception_v3-4,2_vgg19-2
mps-uncap,1.0,26.793956756591797,9.684324264526367,3.161191940307617
