mode,load,0_efficientnet_b5-2,1_inception_v3-32,2_mobilenet_v2-32,3_resnet34-2
mps-uncap,1.0,26.165246963500977,22.681474685668945,8.60607624053955,7.936716079711914
