mode,load,0_efficientnet_b6-16,1_mobilenet_v2-32,2_mobilenet_v2-32,3_resnet18-4
mps-uncap,1.0,61.13147735595703,20.43600082397461,20.374727249145508,13.101148605346681
