mode,load,0_efficientnet_b6-8,1_vgg19-8
mps-uncap,1.0,41.69797897338867,9.184837341308594
