mode,load,0_efficientnet_b6-8,1_vgg19-8
mps-uncap,1.0,205.76274026105585,1039.0825674877055
