mode,load,0_efficientnet_b6-8,1_resnet18-8
mps-uncap,1.0,16.073226928710938,2.511262893676758
