mode,load,0_efficientnet_b6-8,1_resnet18-8
mps-uncap,1.0,15.275001525878906,2.0706653594970703
