mode,load,0_squeezenet1_0-8,1_squeezenet1_0-8
mig,1.0,2.801656723022461,3.7140846252441406
mps-uncap,1.0,3.9904117584228516,3.986358642578125
