mode,load,0_squeezenet1_0-8,1_squeezenet1_0-8
mig,1.0,5.705833435058594,5.141258239746094
