mode,load,0_squeezenet1_0-8,1_squeezenet1_0-8
mig,1.0,2.603769302368164,3.192424774169922
