mode,load,0_squeezenet1_0-8,1_squeezenet1_0-8
mig,1.0,12.268619537353516,11.704444885253906
