mode,load,0_squeezenet1_0-8,1_squeezenet1_0-8
mig,1.0,2.62451171875,3.240823745727539
mps-uncap,1.0,2.7959346771240234,2.7971267700195312
