mode,load,0_efficientnet_b6-16,1_mobilenet_v2-32,2_mobilenet_v3_large-4,3_resnet50-32
mps-uncap,1.0,34.47246551513672,11.485099792480469,5.500555038452148,22.739171981811523
