mode,load,0_efficientnet_b6-16,1_mobilenet_v2-32,2_mobilenet_v3_large-4,3_resnet50-32
mps-uncap,1.0,70.3742504119873,18.4476375579834,17.046093940734863,26.60822868347168
