mode,load,0_densenet161-8,1_mobilenet_v2-32,2_mobilenet_v2-32,3_vgg11-32
mps-uncap,1.0,105.7593822479248,27.370452880859375,27.091264724731445,12.152671813964844
