mode,load,0_densenet161-8,1_mobilenet_v2-32,2_mobilenet_v2-32,3_vgg11-32
mps-uncap,1.0,126.40690803527832,31.905651092529297,31.761527061462402,17.37139225006104
