mode,load,0_mobilenet_v2-32,1_resnet18-4,2_resnet50-4,3_vgg11-32
mps-uncap,1.0,1252.8375539420958,270.50895569494935,140.62999436182406,2079.096609310962
