mode,load,0_vgg16-2,1_efficientnet_b6-2,2_squeezenet1_1-4
mps-uncap,1.0,0.0002384185791015625,0.0002384185791015625,0.0002384185791015625
mig,1.0,0.0002384185791015625,0.0002384185791015625,0.0002384185791015625
