mode,load,0_alexnet-2,1_resnet50-32,2_vgg11-16
mps-uncap,1.0,7.887125015258789,34.670114517211914,12.366533279418945
