mode,load,0_efficientnet_b6-4,1_resnet50-4,2_vgg11-2
mps-uncap,1.0,19.868850708007812,6.4544677734375,2.206563949584961
