mode,load,0_efficientnet_b6-4,1_resnet50-4,2_vgg11-2
mps-uncap,1.0,0.0002384185791015625,0.0002384185791015625,0.0002384185791015625
