mode,load,0_mobilenet_v3_small-4,1_resnet101-4,2_squeezenet1_0-32
mps-uncap,1.0,6.704807281494141,13.856172561645508,6.695032119750977
