mode,load,0_alexnet-8,1_densenet121-32,2_vgg19-4
mps-uncap,1.0,2.664327621459961,35.22682189941406,7.174491882324219
