mode,load,0_mobilenet_v2-8,1_mobilenet_v2-8,2_mobilenet_v2-8,3_mobilenet_v2-8
mig,1.0,4.633903503417969,4.714727401733398,4.714727401733398,8.811283111572266
