mode,load,0_mobilenet_v2-8,1_mobilenet_v2-8,2_mobilenet_v2-8,3_mobilenet_v2-8
mig,1.0,4.646086692810059,4.748868942260742,4.751682281494141,8.8120698928833
