mode,load,0_efficientnet_b6-8,1_resnet50-4
mps-uncap,1.0,16.278600692749023,6.226375102996826
