mode,load,0_alexnet-4,1_inception_v3-16,2_mobilenet_v2-32,3_resnet50-32
mps-uncap,1.0,1114.319737644676,448.389912651444,2196.005666082067,1465.0441784823827
