mode,load,0_densenet169-32,1_mobilenet_v2-2,2_mobilenet_v2-32,3_resnet101-16
mps-uncap,1.0,62.447452545166016,13.181638717651367,18.121910095214844,36.42549514770508
