mode,load,0_efficientnet_b7-8,1_vgg11-8
mps-uncap,1.0,45.00269889831543,4.071474075317383
