mode,load,0_efficientnet_b5-8,1_vgg13-8,2_vgg19-8
mps-uncap,1.0,65.0780200958252,9.073615074157715,13.251781463623047
