mode,load,0_densenet169-32,1_efficientnet_b5-4,2_mobilenet_v2-32,3_squeezenet1_1-2
mps-uncap,1.0,49.49796199798584,37.45839595794678,16.929841041564945,7.933735847473146
