mode,load,0_densenet161-32,1_densenet169-16,2_mobilenet_v2-32,3_mobilenet_v3_large-2
mps-uncap,1.0,59.017181396484375,44.75522041320801,9.715080261230469,5.051612854003906
