mode,load,0_resnet101-32,1_resnet101-32
mig,0.1,36.74888610839844,42.69695281982422
mig,0.2,36.79931163787842,42.247772216796875
mig,0.3,36.69261932373047,42.369961738586426
mig,0.4,36.99064254760742,46.01287841796875
mig,0.5,39.00158405303955,61.18512153625488
mig,0.6,58.153748512268066,78.95779609680176
mig,0.7,71.57635688781738,139.30809497833252
mig,0.8,114.90583419799805,873.2092380523682
mig,0.9,363.84475231170654,3292.743921279907
mig,1.0,2706.093907356262,5269.86026763916
