mode,load,0_inception_v3-2,1_mobilenet_v2-32,2_mobilenet_v2-32,3_resnet50-4
mps-uncap,1.0,23.42510223388672,12.668371200561523,12.873172760009766,14.827251434326172
