mode,load,0_vgg11-8,1_vgg19-4
mps-uncap,1.0,3.9436817169189453,7.277250289916992
