mode,load,0_densenet161-4,1_mobilenet_v2-32,2_resnet18-32,3_squeezenet1_0-16
mps-uncap,1.0,26.76987648010254,10.527372360229492,7.054805755615234,4.668712615966797
