mode,load,0_mobilenet_v3_small-32,1_resnet152-2,2_vgg19-16
mps-uncap,1.0,17.299175262451172,46.84901237487793,16.157150268554688
