mode,load,0_alexnet-4,1_alexnet-4,2_densenet161-8
mps-uncap,1.0,3004.5984132669214,3007.4523802788553,406.00997692089294
