mode,load,0_densenet201-4,1_inception_v3-32,2_mobilenet_v2-32,3_mobilenet_v3_small-32
mps-uncap,1.0,43.30859184265137,27.582597732543945,15.494418144226074,15.448427200317383
