mode,load,0_densenet201-4,1_inception_v3-32,2_mobilenet_v2-32,3_mobilenet_v3_small-32
mps-uncap,1.0,21.42810821533203,21.720409393310547,8.285045623779297,5.360126495361328
