mode,load,0_densenet161-16,1_mobilenet_v3_large-4
mps-uncap,1.0,19.838504791259766,6.13703727722168
