mode,load,0_densenet161-16,1_mobilenet_v3_large-4
mps-uncap,1.0,19.484996795654297,3.020048141479492
