mode,load,0_resnet152-32,1_squeezenet1_0-32
mps-uncap,1.0,0.000476837158203125,0.000476837158203125
