mode,load,0_densenet169-32,1_densenet201-2,2_efficientnet_b7-8,3_mobilenet_v2-32
mps-uncap,1.0,51.088690757751465,48.12932014465332,53.62987518310547,10.987997055053711
