mode,load,0_densenet121-8,1_densenet161-32,2_mobilenet_v2-32,3_mobilenet_v3_small-2
mps-uncap,1.0,240.76807884013868,519.8665556385806,2348.2096748157624,215.93355678712228
