mode,load,0_densenet201-32,1_mobilenet_v2-32,2_resnet101-32
mps-uncap,1.0,81.09235763549805,21.547317504882812,43.55931282043457
