mode,load,0_densenet201-32,1_mobilenet_v2-32,2_resnet101-32
mps-uncap,1.0,410.56568074828374,2183.0496347171716,792.0199310683382
