mode,load,0_alexnet-2,1_densenet121-32,2_squeezenet1_0-2
mps-uncap,1.0,1.1544227600097656,21.33810520172119,2.6029348373413086
