mode,load,0_alexnet-2,1_densenet121-32,2_squeezenet1_0-2
mps-uncap,1.0,0.6747245788574219,20.496845245361328,1.3718605041503906
