mode,load,0_alexnet-2,1_densenet121-32,2_squeezenet1_0-2
mps-uncap,1.0,2.9475212097167978,21.69492244720459,6.884956359863281
