mode,load,0_alexnet-8,1_mobilenet_v2-8,2_vgg19-2
mps-uncap,1.0,0.000476837158203125,0.000476837158203125,0.000476837158203125
mig,1.0,0.000476837158203125,0.000476837158203125,0.000476837158203125
