mode,load,0_densenet121-4,1_inception_v3-4
mps-uncap,1.0,575.8902471599554,781.0092528414621
