mode,load,0_squeezenet1_0-16,1_vgg16-16
mps-uncap,1.0,14.650583267211914,14.697074890136719
