mode,load,0_squeezenet1_1-2,1_vgg19-16
mps-uncap,1.0,8.081197738647461,12.016630172729492
