mode,load,0_vgg19-16,1_vgg19-16
mig,1.0,20.94125747680664,26.479005813598633
