mode,load,0_vgg19-16,1_vgg19-16
mig,1.0,20.617258548736572,26.130046844482422
mps-uncap,1.0,22.197866439819332,22.035884857177734
