mode,load,0_vgg13-2,1_vgg13-8
mps-uncap,1.0,5.806756019592285,5.826640129089357
