mode,load,0_vgg13-2,1_vgg13-8
mps-uncap,1.0,5.8069586753845215,5.826790332794191
