mode,load,0_efficientnet_b6-4,1_mobilenet_v2-2
mps-uncap,1.0,10.964632034301758,2.4976730346679688
