mode,load,0_densenet121-4,1_resnet50-16
mps-uncap,1.0,10.382413864135742,6.8416595458984375
