mode,load,0_mobilenet_v2-32,1_mobilenet_v3_large-16,2_vgg11-32,3_vgg13-16
mps-uncap,1.0,25.224685668945312,40.506839752197266,15.690088272094727,16.32404327392578
