mode,load,0_mobilenet_v2-32,1_mobilenet_v3_large-16,2_vgg11-32,3_vgg13-16
mps-uncap,1.0,25.224924087524414,40.50731658935547,15.690088272094727,16.324281692504883
