mode,load,0_densenet121-16,1_efficientnet_b5-16,2_efficientnet_b7-4
mps-uncap,1.0,13.952016830444336,24.749279022216797,23.250341415405273
