mode,load,0_densenet121-16,1_efficientnet_b5-16,2_efficientnet_b7-4
mps-uncap,1.0,750.363538042486,593.8554884126031,108.38062304045305
