mode,load,0_densenet121-16,1_densenet169-2,2_mobilenet_v2-32,3_vgg13-32
mps-uncap,1.0,103.1001091003418,127.45704650878906,39.19060230255128,23.567199707031254
