mode,load,0_densenet121-16,1_densenet169-2,2_mobilenet_v2-32,3_vgg13-32
mps-uncap,1.0,103.1003475189209,127.45704650878906,39.190673828125,23.567438125610355
