mode,load,0_densenet121-16,1_densenet169-2,2_mobilenet_v2-32,3_vgg13-32
mps-uncap,1.0,173.14588195404443,17.66680138113153,998.2941758895817,1480.6308461659953
