mode,load,0_inception_v3-16,1_resnet101-32
mps-uncap,1.0,19.4932222366333,23.285696506500248
