mode,load,0_resnet101-4,1_vgg16-16
mps-uncap,1.0,30.123376846313477,10.765743255615234
