mode,load,0_mobilenet_v2-32,1_mobilenet_v2-32,2_mobilenet_v3_small-16,3_resnet50-16
mps-uncap,1.0,14.911413192749023,14.913320541381836,14.827680587768555,21.141886711120605
