mode,load,0_resnet18-16,1_resnet34-16,2_squeezenet1_0-4
mps-uncap,1.0,3.598451614379883,6.572246551513672,2.0973682403564453
