mode,load,0_resnet18-16,1_resnet34-16,2_squeezenet1_0-4
mps-uncap,1.0,5.776882171630859,10.255575180053711,4.731655120849609
