mode,load,0_mobilenet_v2-32,1_resnet101-32,2_resnet101-4,3_resnet152-32
mps-uncap,1.0,14.090299606323242,31.04877471923828,32.92083740234375,64.88442420959473
