mode,load,0_inception_v3-4,1_resnet34-2
mps-uncap,1.0,5.213737487792969,1.9803047180175781
