mode,load,0_inception_v3-4,1_resnet34-2
mps-uncap,1.0,765.323098453018,998.6993598263914
