mode,load,0_alexnet-2,1_resnet34-8
mps-uncap,1.0,0.7717609405517578,3.618955612182617
