mode,load,0_alexnet-2,1_resnet34-8
mps-uncap,1.0,0.8878707885742188,3.7830114364624023
