mode,load,0_densenet201-2,1_inception_v3-4,2_mobilenet_v2-32,3_resnet34-32
mps-uncap,1.0,22.344112396240234,15.969038009643555,8.132219314575195,7.892370223999023
