mode,load,0_densenet201-2,1_inception_v3-4,2_mobilenet_v2-32,3_resnet34-32
mps-uncap,1.0,48.74779876482164,198.44025436648823,3164.700675590957,2577.06537117242
