mode,load,0_alexnet-4,1_densenet161-16
mps-uncap,1.0,0.7741451263427734,18.007516860961914
