mode,load,0_alexnet-4,1_densenet161-16
mps-uncap,1.0,3.1087398529052734,23.804426193237305
