mode,load,0_alexnet-4,1_densenet161-16
mps-uncap,1.0,0.000476837158203125,0.000476837158203125
