mode,load,0_densenet169-8,1_mobilenet_v2-8,2_vgg16-4
mps-uncap,1.0,0.000476837158203125,0.000476837158203125,0.0035762786865234375
