mode,load,0_squeezenet1_0-8,1_squeezenet1_0-8,2_squeezenet1_0-8,3_squeezenet1_0-8
mig,1.0,12.17794418334961,10.414385795593262,2.6226043701171875,3.235340118408203
