mode,load,0_mobilenet_v2-8,1_vgg11-2,2_vgg16-8
mps-uncap,1.0,7.689714431762695,2.8464794158935547,6.819009780883789
