mode,load,0_mobilenet_v2-8,1_vgg11-2,2_vgg16-8
mps-uncap,1.0,10.563898086547852,5.22923469543457,8.069825172424316
