mode,load,0_efficientnet_b7-4,1_efficientnet_b7-4,2_efficientnet_b7-4,3_efficientnet_b7-4
mig,1.0,35.341501235961914,32.19747543334961,31.72135353088379,36.038875579833984
