mode,load,0_efficientnet_b7-4,1_efficientnet_b7-4,2_efficientnet_b7-4,3_efficientnet_b7-4
mig,1.0,25.156736373901367,25.3293514251709,25.330781936645508,48.62642288208008
