mode,load,0_densenet161-32,1_mobilenet_v2-16,2_mobilenet_v2-32,3_mobilenet_v3_large-4
mps-uncap,1.0,68.01438331604004,18.770456314086914,19.90222930908203,20.85280418395996
