mode,load,0_mobilenet_v2-32,1_mobilenet_v2-4,2_mobilenet_v3_large-2,3_resnet34-32
mps-uncap,1.0,12.89362907409668,10.207653045654297,11.254549026489258,14.473843574523926
