mode,load,0_mobilenet_v2-32,1_mobilenet_v2-4,2_mobilenet_v3_large-2,3_resnet34-32
mps-uncap,1.0,12.893819808959963,10.20808219909668,11.254668235778809,14.474081993103027
