mode,load,0_mobilenet_v2-32,1_mobilenet_v2-4,2_mobilenet_v3_large-2,3_resnet34-32
mps-uncap,1.0,20.343303680419922,13.532638549804688,19.403457641601562,21.39425277709961
