mode,load,0_mobilenet_v2-32,1_mobilenet_v2-4,2_mobilenet_v3_large-2,3_resnet34-32
mps-uncap,1.0,2685.847825188509,516.1170637412757,214.8444901687817,2386.332451248943
