mode,load,0_vgg16-8,1_densenet169-16,2_resnet101-8
mps-uncap,1.0,10.70507287979126,59.23841476440429,33.11429977416992
mig,1.0,13.202011585235596,38.03672790527344,20.828890800476074
