mode,load,0_efficientnet_b5-4,1_mobilenet_v3_small-16
mps-uncap,1.0,9.85403060913086,2.7838563919067383
