mode,load,0_efficientnet_b7-4,1_mobilenet_v2-32,2_resnet34-32,3_resnet50-8
mps-uncap,1.0,62.95120716094971,14.501333236694336,17.520427703857422,16.629934310913086
