mode,load,0_efficientnet_b7-4,1_mobilenet_v2-32,2_resnet34-32,3_resnet50-8
mps-uncap,1.0,68.21721315383911,16.90634727478027,20.492897033691406,19.90468978881835
