mode,load,0_mobilenet_v2-32,1_resnet18-32,2_resnet50-2,3_resnet50-4
mps-uncap,1.0,2847.1576153442297,3748.803802038074,162.71523501811168,307.8489543493169
