mode,load,0_densenet161-16,1_resnet50-16
mps-uncap,1.0,29.15668487548828,8.093118667602539
