mode,load,0_efficientnet_b6-8,1_resnet101-16
mps-uncap,1.0,21.241188049316406,15.674710273742676
