mode,load,0_resnet18-2,1_squeezenet1_0-2
mps-uncap,1.0,1.1458396911621094,1.1453628540039062
