mode,load,0_alexnet-32,1_resnet18-8,2_vgg13-16
mps-uncap,1.0,10.995626449584961,19.32525634765625,13.080835342407227
