mode,load,0_alexnet-32,1_resnet18-8,2_vgg13-16
mps-uncap,1.0,5254.765257911428,606.0579041614552,1461.9565759802044
