mode,load,0_resnet101-2,1_resnet152-8,2_resnet50-4
mps-uncap,1.0,9.808611869812012,15.527853965759277,6.238460540771484
