mode,load,0_densenet161-4,1_mobilenet_v3_small-32,2_squeezenet1_0-16
mps-uncap,1.0,0.0002384185791015625,0.0002384185791015625,0.0002384185791015625
