mode,load,0_densenet201-32,1_inception_v3-2,2_mobilenet_v2-32,3_vgg11-8
mps-uncap,1.0,94.82865333557129,38.64738941192627,20.571565628051758,10.055942535400389
