mode,load,0_densenet201-32,1_mobilenet_v2-32,2_mobilenet_v2-4,3_mobilenet_v3_small-16
mps-uncap,1.0,63.96422386169434,17.59042739868164,10.446643829345703,12.458443641662598
