mode,load,0_densenet161-4,1_resnet18-2,2_squeezenet1_1-8
mps-uncap,1.0,14.491558074951172,1.3878345489501953,1.6598701477050781
