mode,load,0_densenet121-32,1_inception_v3-8,2_mobilenet_v2-32,3_vgg11-4
mps-uncap,1.0,21.617412567138672,21.842241287231445,11.858701705932617,2.671480178833008
