mode,load,0_mobilenet_v2-2,1_resnet18-2
mps-uncap,1.0,2.3505687713623047,1.1243820190429688
