mode,load,0_densenet201-32,1_mobilenet_v2-32,2_mobilenet_v2-4,3_resnet50-4
mps-uncap,1.0,62.71481513977051,16.16835594177246,13.965845108032227,19.50383186340332
