mode,load,0_mobilenet_v3_large-4,1_squeezenet1_0-16
mps-uncap,1.0,4.030661582946777,3.337860107421875
