mode,load,0_alexnet-8,1_mobilenet_v2-16
mps-uncap,1.0,0.00762939453125,0.0054836273193359375
