mode,load,0_alexnet-2,1_densenet161-2,2_vgg11-2
mps-uncap,1.0,1.0585784912109375,15.369534492492676,2.062082290649414
