mode,load,0_alexnet-2,1_densenet161-2,2_vgg11-2
mps-uncap,1.0,1824.4041041714186,129.88395686245536,962.3667111013401
