mode,load,0_densenet201-32,1_efficientnet_b6-2,2_mobilenet_v2-32,3_squeezenet1_1-2
mps-uncap,1.0,54.65273857116699,38.51189613342285,12.92273998260498,7.102727890014648
