mode,load,0_densenet201-32,1_efficientnet_b6-2,2_mobilenet_v2-32,3_squeezenet1_1-2
mps-uncap,1.0,54.65288162231445,38.51211071014404,12.922811508178711,7.10296630859375
