mode,load,0_vgg11-4,1_vgg11-4,2_vgg11-4,3_vgg11-4
mig,1.0,6.58106803894043,6.632328033447266,6.632804870605469,13.087749481201172
