mode,load,0_vgg11-4,1_vgg11-4,2_vgg11-4,3_vgg11-4
mig,1.0,4.828929901123047,4.504203796386719,9.118795394897461,9.152412414550781
