mode,load,0_mobilenet_v2-32,1_resnet152-4,2_resnet34-32,3_squeezenet1_0-16
mps-uncap,1.0,14.677286148071289,45.90921401977539,18.403911590576172,10.524988174438477
