mode,load,0_mobilenet_v2-32,1_resnet152-4,2_resnet34-32,3_squeezenet1_0-16
mps-uncap,1.0,15.08798599243164,47.7399468421936,19.246559143066406,11.448407173156738
