mode,load,0_densenet121-32,1_efficientnet_b7-8,2_mobilenet_v2-32,3_vgg13-2
mps-uncap,1.0,0.00286102294921875,0.008344650268554688,0.0007152557373046875,0.0007152557373046875
