mode,load,0_resnet34-32,1_vgg11-32,2_vgg16-32
mps-uncap,1.0,76.11942291259766,24.244070053100586,34.542083740234375
