mode,load,0_resnet18-32,1_resnet50-16,2_resnet50-8
mps-uncap,1.0,9.79161262512207,16.564249992370605,13.466358184814453
mig,1.0,9.627819061279297,24.053096771240234,12.854576110839844
