mode,load,0_efficientnet_b5-32,1_vgg16-16
mps-uncap,1.0,395.88297172002694,1187.6484227908609
