mode,load,0_densenet161-8,1_densenet201-8
mps-uncap,1.0,14.555931091308594,16.361236572265625
