mode,load,0_squeezenet1_0-2,1_squeezenet1_1-32,2_vgg13-2
mps-uncap,1.0,592.6538762216297,5395.837419693275,610.9316457329708
