mode,load,0_densenet201-2,1_densenet201-8,2_squeezenet1_0-16
mps-uncap,1.0,25.531635284423828,27.186298370361325,4.6436285972595215
