mode,load,0_densenet201-2,1_densenet201-8,2_squeezenet1_0-16
mps-uncap,1.0,82.32202150321692,301.96650716473096,4199.371671694862
