mode,load,0_densenet121-32,1_efficientnet_b5-16,2_mobilenet_v2-2,3_mobilenet_v2-32
mps-uncap,1.0,46.48637771606445,49.27847385406494,13.939380645751953,21.116018295288086
