mode,load,0_efficientnet_b5-32,1_squeezenet1_1-4,2_vgg13-16
mps-uncap,1.0,89.45345878601074,15.705800056457521,13.682031631469727
