mode,load,0_efficientnet_b6-16,1_efficientnet_b6-16
mig,1.0,33.05625915527344,40.338754653930664
