mode,load,0_efficientnet_b6-16,1_efficientnet_b6-16
mig,1.0,86.79437637329102,68.939208984375
