mode,load,0_efficientnet_b6-32,1_vgg11-32
mps-uncap,1.0,115.89479446411133,12.893080711364746
