mode,load,0_densenet201-8,1_efficientnet_b5-32,2_inception_v3-32,3_mobilenet_v2-32
mps-uncap,1.0,79.86915111541748,60.49981117248535,43.62232685089111,19.708585739135742
