mode,load,0_alexnet-2,1_squeezenet1_1-32
mps-uncap,1.0,2.656221389770508,4.339070320129394
