mode,load,0_alexnet-16,1_alexnet-4,2_efficientnet_b7-32
mps-uncap,1.0,6.6918087005615225,6.0051798820495605,70.98212003707886
