mode,load,0_densenet201-4,1_vgg16-8
mps-uncap,1.0,35.55119037628174,6.043672561645508
