mode,load,0_efficientnet_b6-32,1_squeezenet1_1-32
mps-uncap,1.0,48.599958419799805,5.594730377197266
