mode,load,0_inception_v3-16,1_vgg11-2
mps-uncap,1.0,11.81650161743164,1.758575439453125
