mode,load,0_inception_v3-16,1_vgg11-2
mps-uncap,1.0,9.560346603393555,1.4958381652832031
