mode,load,0_inception_v3-16,1_vgg11-2
mps-uncap,1.0,13.437271118164062,3.1583309173583984
