mode,load,0_inception_v3-16,1_vgg11-2
mps-uncap,1.0,13.037395477294918,3.004789352416992
