mode,load,0_densenet169-2,1_mobilenet_v2-2,2_squeezenet1_0-2
mps-uncap,1.0,10.629749298095703,2.349376678466797,1.2438297271728516
