mode,load,0_densenet161-32,1_densenet201-32,2_mobilenet_v2-32,3_resnet152-2
mps-uncap,1.0,88.60278129577637,102.31781005859375,30.658483505249023,60.251712799072266
