mode,load,0_inception_v3-4,1_resnet18-2,2_squeezenet1_0-4
mps-uncap,1.0,8.262157440185547,2.698183059692383,3.0722618103027344
