mode,load,0_efficientnet_b6-4,1_vgg13-32,2_vgg13-8
mps-uncap,1.0,122.90728092193604,20.055532455444336,19.399404525756836
