mode,load,0_resnet152-32,1_resnet18-2,2_squeezenet1_1-2
mps-uncap,1.0,30.85160255432129,8.033990859985352,7.487058639526367
