mode,load,0_mobilenet_v2-32,1_vgg19-8
mps-uncap,1.0,2536.21671948023,887.2451391215595
