mode,load,0_densenet169-8,1_mobilenet_v2-32,2_resnet152-2,3_vgg16-32
mps-uncap,1.0,124.37334060668945,32.268476486206055,97.9215145111084,23.833012580871582
