mode,load,0_densenet169-16,1_densenet201-32,2_mobilenet_v2-32,3_resnet101-4
mps-uncap,1.0,50.21953582763672,65.25218486785889,11.807680130004883,25.461196899414062
