mode,load,0_mobilenet_v2-2,1_resnet18-8
mps-uncap,1.0,0.0059604644775390625,0.007152557373046875
