mode,load,0_densenet169-16,1_resnet152-2
mps-uncap,1.0,1117.732495094986,207.6713604864053
