mode,load,0_efficientnet_b5-8,1_resnet34-16
mps-uncap,1.0,15.246367454528809,6.784243583679199
