mode,load,0_efficientnet_b5-8,1_resnet34-16
mps-uncap,1.0,552.5570285886272,2767.34832846306
