mode,load,0_resnet101-8,1_vgg19-2
mps-uncap,1.0,0.0035762786865234375,0.0064373016357421875
