mode,load,0_resnet101-8,1_vgg19-2
mps-uncap,1.0,13.363244533538818,4.138283729553223
