mode,load,0_densenet169-32,1_efficientnet_b5-8,2_mobilenet_v2-32,3_resnet101-8
mps-uncap,1.0,56.68606758117676,43.80536079406738,15.575838088989258,31.693696975708008
