mode,load,0_mobilenet_v2-32,1_resnet34-32,2_resnet50-16,3_squeezenet1_1-2
mps-uncap,1.0,13.354659080505371,16.63970947265625,17.098426818847656,6.706953048706055
