mode,load,0_densenet121-4,1_densenet169-32,2_vgg13-8
mps-uncap,1.0,39.795236587524414,60.29304027557373,9.978086948394777
