mode,load,0_inception_v3-4,1_mobilenet_v2-32,2_resnet101-32,3_resnet34-32
mps-uncap,1.0,35.28780937194824,17.808103561401367,42.68908500671387,21.566152572631836
