mode,load,0_inception_v3-32,1_mobilenet_v2-2,2_resnet18-16
mps-uncap,1.0,17.347371578216553,7.153749465942383,6.356496810913086
