mode,load,0_inception_v3-32,1_mobilenet_v2-2,2_resnet18-16
mps-uncap,1.0,19.41823959350586,7.504940032958984,6.564140319824219
