mode,load,0_densenet121-4,1_resnet101-4,2_resnet18-8
mps-uncap,1.0,10.578632354736328,8.129429817199707,2.8378963470458984
