mode,load,0_densenet121-4,1_mobilenet_v2-32,2_resnet101-32,3_vgg11-4
mps-uncap,1.0,35.86626052856445,11.468648910522461,22.14360237121582,3.25775146484375
