mode,load,0_densenet121-4,1_mobilenet_v2-32,2_resnet101-32,3_vgg11-4
mps-uncap,1.0,44.71947193145752,18.566575050354004,43.016605377197266,10.488781929016122
