mode,load,0_densenet121-4,1_mobilenet_v2-32,2_resnet101-32,3_vgg11-4
mps-uncap,1.0,46.182870864868164,19.138336181640625,43.967485427856445,11.998891830444336
