mode,load,0_alexnet-32,1_efficientnet_b6-2,2_mobilenet_v2-32,3_vgg11-32
mps-uncap,1.0,16.543328762054443,110.56546211242674,35.22766351699829,20.001354217529297
