mode,load,0_squeezenet1_0-16,1_squeezenet1_0-8,2_vgg13-32
mps-uncap,1.0,18.950939178466797,17.223238945007324,18.963098526000977
