mode,load,0_squeezenet1_0-16,1_squeezenet1_0-8,2_vgg13-32
mps-uncap,1.0,19.32358741760254,18.831968307495117,19.29187774658203
