mode,load,0_densenet161-4,1_mobilenet_v2-32,2_squeezenet1_1-4,3_vgg11-32
mps-uncap,1.0,101.83378219604492,28.90427589416504,17.55803346633911,18.027138710021973
