mode,load,0_densenet161-32,1_efficientnet_b6-4,2_mobilenet_v2-32,3_resnet50-8
mps-uncap,1.0,67.5105881690979,58.38558912277222,19.76943016052246,24.086332321166992
