mode,load,0_alexnet-4,1_inception_v3-32
mps-uncap,1.0,1.3904571533203125,13.534045219421387
