mode,load,0_densenet161-16,1_mobilenet_v2-32,2_mobilenet_v2-32,3_resnet34-8
mps-uncap,1.0,61.789512634277344,23.94390106201172,24.118661880493164,24.13320541381836
