mode,load,0_densenet201-16,1_vgg13-16
mps-uncap,1.0,81.62387371063231,10.819697380065918
