mode,load,0_resnet101-16,1_vgg16-2
mps-uncap,1.0,0.0002384185791015625,0.0002384185791015625
