mode,load,0_resnet101-16,1_vgg16-2
mps-uncap,1.0,20.25604248046875,5.410671234130859
