mode,load,0_densenet161-32,1_mobilenet_v2-32,2_mobilenet_v3_small-4,3_resnet101-2
mps-uncap,1.0,61.675071716308594,18.143367767333984,14.103341102600096,29.77695465087891
