mode,load,0_densenet169-16,1_vgg11-8
mps-uncap,1.0,36.86575889587402,4.715561866760254
