mode,load,0_alexnet-2,1_vgg11-2,2_vgg16-2
mps-uncap,1.0,0.9887218475341797,2.190828323364258,2.8984546661376953
