mode,load,0_alexnet-2,1_vgg11-2,2_vgg16-2
mps-uncap,1.0,1.4636516571044922,2.790212631225586,3.7970542907714844
