mode,load,0_alexnet-2,1_vgg11-2,2_vgg16-2
mps-uncap,1.0,1.9833922386169427,3.32770824432373,4.357707500457764
