mode,load,0_mobilenet_v3_small-8,1_resnet50-2,2_resnet50-2
mps-uncap,1.0,2.454042434692383,3.3485889434814453,3.342151641845703
