mode,load,0_mobilenet_v3_small-8,1_resnet50-2,2_resnet50-2
mps-uncap,1.0,2.593517303466797,3.550291061401367,3.5452842712402344
