mode,load,0_mobilenet_v2-32,1_resnet101-32,2_resnet101-8,3_resnet152-2
mps-uncap,1.0,11.90805435180664,37.57643699645996,19.1650390625,33.41102600097656
