mode,load,0_alexnet-2,1_resnet101-8,2_vgg13-2
mps-uncap,1.0,0.000476837158203125,0.000476837158203125,0.000476837158203125
