mode,load,0_densenet201-16,1_mobilenet_v2-4
mps-uncap,1.0,15.937328338623047,2.178668975830078
