mode,load,0_mobilenet_v3_large-32,1_resnet50-16,2_vgg11-8
mps-uncap,1.0,18.359322547912598,21.140573024749752,7.523117065429684
